[0m13:14:42.663252 [debug] [Thread-3 (]: Finished running node model.news_warehouse.stg_entities
[0m13:14:42.664015 [debug] [Thread-2 (]: Sending event: {'category': 'dbt', 'action': 'run_model', 'label': 'd282827b-5ec1-4212-b5af-4aba0bba46da', 'context': [<snowplow_tracker.self_describing_json.SelfDescribingJson object at 0x7facaa97e890>]}
[0m13:14:42.664597 [debug] [Thread-1 (]: SQL status: OK in 0.003 seconds
[0m13:14:42.665381 [info ] [Thread-4 (]: 5 of 7 START sql table model main.weekly_source_comparison ..................... [RUN]
[0m13:14:42.667380 [debug] [Thread-3 (]: Began running node model.news_warehouse.entity_trend
[0m13:14:42.670136 [debug] [Thread-1 (]: Using duckdb connection "model.news_warehouse.dim_entity_summary"
[0m13:14:42.666640 [info ] [Thread-2 (]: 2 of 7 OK created sql view model main.stg_articles ............................. [[32mOK[0m in 0.28s]
[0m13:14:42.671078 [debug] [Thread-4 (]: Re-using an available connection from the pool (formerly model.news_warehouse.stg_headlines, now model.news_warehouse.weekly_source_comparison)
[0m13:14:42.671803 [info ] [Thread-3 (]: 6 of 7 START sql table model main.entity_trend ................................. [RUN]
[0m13:14:42.672499 [debug] [Thread-1 (]: On model.news_warehouse.dim_entity_summary: /* {"app": "dbt", "dbt_version": "1.12.5", "profile_name": "news_warehouse", "target_name": "dev", "node_id": "model.news_warehouse.dim_entity_summary"} */
alter table "warehouse"."main"."dim_entity_summary" rename to "dim_entity_summary__dbt_backup"
[0m13:14:42.673331 [debug] [Thread-2 (]: Finished running node model.news_warehouse.stg_articles
[0m13:14:42.673939 [debug] [Thread-4 (]: Began compiling node model.news_warehouse.weekly_source_comparison
[0m13:14:42.674653 [debug] [Thread-3 (]: Re-using an available connection from the pool (formerly model.news_warehouse.stg_entities, now model.news_warehouse.entity_trend)
[0m13:14:42.675779 [debug] [Thread-2 (]: Began running node model.news_warehouse.fct_daily_sentiment
[0m13:14:42.678268 [debug] [Thread-4 (]: Writing injected SQL for node "model.news_warehouse.weekly_source_comparison"
[0m13:14:42.678919 [debug] [Thread-1 (]: SQL status: OK in 0.004 seconds
[0m13:14:42.679593 [debug] [Thread-3 (]: Began compiling node model.news_warehouse.entity_trend
[0m13:14:42.680352 [info ] [Thread-2 (]: 7 of 7 START sql table model main.fct_daily_sentiment .......................... [RUN]
[0m13:14:42.683373 [debug] [Thread-1 (]: Using duckdb connection "model.news_warehouse.dim_entity_summary"
[0m13:14:42.686116 [debug] [Thread-3 (]: Writing injected SQL for node "model.news_warehouse.entity_trend"
[0m13:14:42.686837 [debug] [Thread-2 (]: Re-using an available connection from the pool (formerly model.news_warehouse.stg_articles, now model.news_warehouse.fct_daily_sentiment)
[0m13:14:42.687612 [debug] [Thread-1 (]: On model.news_warehouse.dim_entity_summary: /* {"app": "dbt", "dbt_version": "1.12.5", "profile_name": "news_warehouse", "target_name": "dev", "node_id": "model.news_warehouse.dim_entity_summary"} */
alter table "warehouse"."main"."dim_entity_summary__dbt_tmp" rename to "dim_entity_summary"
[0m13:14:42.688351 [debug] [Thread-4 (]: Began executing node model.news_warehouse.weekly_source_comparison
[0m13:14:42.689099 [debug] [Thread-2 (]: Began compiling node model.news_warehouse.fct_daily_sentiment
[0m13:14:42.693671 [debug] [Thread-4 (]: Writing runtime sql for node "model.news_warehouse.weekly_source_comparison"
[0m13:14:42.696422 [debug] [Thread-2 (]: Writing injected SQL for node "model.news_warehouse.fct_daily_sentiment"
[0m13:14:42.697049 [debug] [Thread-3 (]: Began executing node model.news_warehouse.entity_trend
[0m13:14:42.697620 [debug] [Thread-1 (]: SQL status: OK in 0.008 seconds
[0m13:14:42.702238 [debug] [Thread-3 (]: Writing runtime sql for node "model.news_warehouse.entity_trend"
[0m13:14:42.708313 [debug] [Thread-4 (]: Using duckdb connection "model.news_warehouse.weekly_source_comparison"
[0m13:14:42.710072 [debug] [Thread-1 (]: On model.news_warehouse.dim_entity_summary: COMMIT
[0m13:14:42.710915 [debug] [Thread-4 (]: On model.news_warehouse.weekly_source_comparison: BEGIN
[0m13:14:42.711585 [debug] [Thread-2 (]: Began executing node model.news_warehouse.fct_daily_sentiment
[0m13:14:42.712310 [debug] [Thread-1 (]: Using duckdb connection "model.news_warehouse.dim_entity_summary"
[0m13:14:42.713036 [debug] [Thread-4 (]: Opening a new connection, currently in state closed
[0m13:14:42.713643 [debug] [Thread-3 (]: Using duckdb connection "model.news_warehouse.entity_trend"
[0m13:14:42.717987 [debug] [Thread-2 (]: Writing runtime sql for node "model.news_warehouse.fct_daily_sentiment"
[0m13:14:42.718663 [debug] [Thread-1 (]: On model.news_warehouse.dim_entity_summary: COMMIT
[0m13:14:42.719664 [debug] [Thread-3 (]: On model.news_warehouse.entity_trend: BEGIN
[0m13:14:42.720351 [debug] [Thread-4 (]: SQL status: OK in 0.007 seconds
[0m13:14:42.722160 [debug] [Thread-3 (]: Opening a new connection, currently in state closed
[0m13:14:42.722910 [debug] [Thread-4 (]: Using duckdb connection "model.news_warehouse.weekly_source_comparison"
[0m13:14:42.723788 [debug] [Thread-2 (]: Using duckdb connection "model.news_warehouse.fct_daily_sentiment"
[0m13:14:42.724652 [debug] [Thread-1 (]: SQL status: OK in 0.004 seconds
[0m13:14:42.725384 [debug] [Thread-4 (]: On model.news_warehouse.weekly_source_comparison: /* {"app": "dbt", "dbt_version": "1.12.5", "profile_name": "news_warehouse", "target_name": "dev", "node_id": "model.news_warehouse.weekly_source_comparison"} */

    

    create  table
      "warehouse"."main"."weekly_source_comparison__dbt_tmp"
  
    
    as (
      

WITH weekly_stats AS (
    SELECT
        Source_Name,
        DATE_TRUNC('week', CAST(Date_Extracted AS DATE)) AS week_start,
        COUNT(*) as headline_count,
        AVG(Polarity) as avg_sentiment
    FROM "warehouse"."main"."stg_headlines"
    GROUP BY Source_Name, DATE_TRUNC('week', CAST(Date_Extracted AS DATE))
)

SELECT
    curr.Source_Name,
    curr.week_start,
    curr.headline_count,
    curr.avg_sentiment as current_sentiment,
    prev.avg_sentiment as previous_sentiment,
    (curr.avg_sentiment - prev.avg_sentiment) as sentiment_shift
FROM weekly_stats curr
LEFT JOIN weekly_stats prev 
    ON curr.Source_Name = prev.Source_Name
    AND curr.week_start = prev.week_start + INTERVAL 7 DAY
ORDER BY curr.week_start DESC, curr.Source_Name
    );
    
  
[0m13:14:42.726050 [debug] [Thread-3 (]: SQL status: OK in 0.004 seconds
[0m13:14:42.726668 [debug] [Thread-2 (]: On model.news_warehouse.fct_daily_sentiment: BEGIN
[0m13:14:42.728944 [debug] [Thread-1 (]: Using duckdb connection "model.news_warehouse.dim_entity_summary"
[0m13:14:42.730038 [debug] [Thread-3 (]: Using duckdb connection "model.news_warehouse.entity_trend"
[0m13:14:42.731154 [debug] [Thread-2 (]: Opening a new connection, currently in state closed
[0m13:14:42.732136 [debug] [Thread-1 (]: On model.news_warehouse.dim_entity_summary: /* {"app": "dbt", "dbt_version": "1.12.5", "profile_name": "news_warehouse", "target_name": "dev", "node_id": "model.news_warehouse.dim_entity_summary"} */

      drop table if exists "warehouse"."main"."dim_entity_summary__dbt_backup" cascade
    
[0m13:14:42.732892 [debug] [Thread-3 (]: On model.news_warehouse.entity_trend: /* {"app": "dbt", "dbt_version": "1.12.5", "profile_name": "news_warehouse", "target_name": "dev", "node_id": "model.news_warehouse.entity_trend"} */

    

    create  table
      "warehouse"."main"."entity_trend__dbt_tmp"
  
    
    as (
      

WITH entity_weekly AS (
    SELECT
        e.Entity_Name,
        e.Entity_Label,
        DATE_TRUNC('week', CAST(h.Date_Extracted AS DATE)) AS week_start,
        COUNT(*) as mention_count
    FROM "warehouse"."main"."stg_entities" e
    JOIN "warehouse"."main"."stg_headlines" h ON e.Headline_ID = h.Headline_ID
    GROUP BY e.Entity_Name, e.Entity_Label, DATE_TRUNC('week', CAST(h.Date_Extracted AS DATE))
)

SELECT
    curr.Entity_Name,
    curr.Entity_Label,
    curr.week_start,
    curr.mention_count as current_mentions,
    COALESCE(prev.mention_count, 0) as previous_mentions,
    (curr.mention_count - COALESCE(prev.mention_count, 0)) as mention_diff
FROM entity_weekly curr
LEFT JOIN entity_weekly prev 
    ON curr.Entity_Name = prev.Entity_Name
    AND curr.week_start = prev.week_start + INTERVAL 7 DAY
ORDER BY curr.week_start DESC, curr.mention_count DESC
    );
    
  
[0m13:14:42.734690 [debug] [Thread-2 (]: SQL status: OK in 0.003 seconds
[0m13:14:42.735930 [debug] [Thread-4 (]: SQL status: OK in 0.006 seconds
[0m13:14:42.736910 [debug] [Thread-2 (]: Using duckdb connection "model.news_warehouse.fct_daily_sentiment"
[0m13:14:42.740577 [debug] [Thread-2 (]: On model.news_warehouse.fct_daily_sentiment: /* {"app": "dbt", "dbt_version": "1.12.5", "profile_name": "news_warehouse", "target_name": "dev", "node_id": "model.news_warehouse.fct_daily_sentiment"} */

    

    create  table
      "warehouse"."main"."fct_daily_sentiment__dbt_tmp"
  
    
    as (
      -- fct_daily_sentiment.sql
-- Mart model: daily sentiment aggregation by source.
-- Powers the dashboard trend charts and weekly/monthly reports.



SELECT
    sa.scrape_date,
    sa.source_name,
    sa.region,
    sa.language_code,

    -- Measures
    COUNT(*)                                    AS headline_count,
    ROUND(AVG(sa.polarity), 4)                  AS avg_polarity,
    ROUND(STDDEV(sa.polarity), 4)               AS stddev_polarity,
    ROUND(MEDIAN(sa.polarity), 4)               AS median_polarity,
    MIN(sa.polarity)                            AS min_polarity,
    MAX(sa.polarity)                            AS max_polarity,

    -- Sentiment distribution
    COUNT(CASE WHEN sa.polarity_bucket = 'positive' THEN 1 END) AS positive_count,
    COUNT(CASE WHEN sa.polarity_bucket = 'neutral'  THEN 1 END) AS neutral_count,
    COUNT(CASE WHEN sa.polarity_bucket = 'negative' THEN 1 END) AS negative_count,

    -- Percentages
    ROUND(COUNT(CASE WHEN sa.polarity_bucket = 'positive' THEN 1 END) * 100.0 / COUNT(*), 1) AS positive_pct,
    ROUND(COUNT(CASE WHEN sa.polarity_bucket = 'negative' THEN 1 END) * 100.0 / COUNT(*), 1) AS negative_pct,

    -- Date dimensions
    sa.day_of_week,
    sa.week_of_year,
    sa.month,
    sa.year,
    sa.quarter,
    sa.is_weekend

FROM "warehouse"."main"."stg_articles" sa
WHERE sa.scrape_date IS NOT NULL
GROUP BY
    sa.scrape_date, sa.source_name, sa.region, sa.language_code,
    sa.day_of_week, sa.week_of_year, sa.month, sa.year, sa.quarter, sa.is_weekend
ORDER BY sa.scrape_date DESC, sa.source_name
    );
    
  
[0m13:14:42.737659 [debug] [Thread-1 (]: SQL status: OK in 0.003 seconds
[0m13:14:42.744377 [debug] [Thread-1 (]: On model.news_warehouse.dim_entity_summary: Close
[0m13:14:42.739768 [debug] [Thread-4 (]: Using duckdb connection "model.news_warehouse.weekly_source_comparison"
[0m13:14:42.747492 [debug] [Thread-4 (]: On model.news_warehouse.weekly_source_comparison: /* {"app": "dbt", "dbt_version": "1.12.5", "profile_name": "news_warehouse", "target_name": "dev", "node_id": "model.news_warehouse.weekly_source_comparison"} */

    SELECT index_name
    FROM duckdb_indexes()
    WHERE database_name = 'warehouse'
      AND schema_name = 'main'
      AND table_name = 'weekly_source_comparison'
  
[0m13:14:42.749082 [debug] [Thread-4 (]: SQL status: OK in 0.001 seconds
[0m13:14:42.745906 [debug] [Thread-1 (]: Sending event: {'category': 'dbt', 'action': 'run_model', 'label': 'd282827b-5ec1-4212-b5af-4aba0bba46da', 'context': [<snowplow_tracker.self_describing_json.SelfDescribingJson object at 0x7faca9e99f30>]}
[0m13:14:42.750650 [info ] [Thread-1 (]: 1 of 7 OK created sql table model main.dim_entity_summary ...................... [[32mOK[0m in 0.37s]
[0m13:14:42.755426 [debug] [Thread-4 (]: Using duckdb connection "model.news_warehouse.weekly_source_comparison"
[0m13:14:42.758756 [debug] [Thread-1 (]: Finished running node model.news_warehouse.dim_entity_summary
[0m13:14:42.759730 [debug] [Thread-4 (]: On model.news_warehouse.weekly_source_comparison: /* {"app": "dbt", "dbt_version": "1.12.5", "profile_name": "news_warehouse", "target_name": "dev", "node_id": "model.news_warehouse.weekly_source_comparison"} */
alter table "warehouse"."main"."weekly_source_comparison" rename to "weekly_source_comparison__dbt_backup"
[0m13:14:42.760499 [debug] [Thread-2 (]: SQL status: OK in 0.019 seconds
[0m13:14:42.762370 [debug] [Thread-2 (]: Using duckdb connection "model.news_warehouse.fct_daily_sentiment"
[0m13:14:42.763084 [debug] [Thread-2 (]: On model.news_warehouse.fct_daily_sentiment: /* {"app": "dbt", "dbt_version": "1.12.5", "profile_name": "news_warehouse", "target_name": "dev", "node_id": "model.news_warehouse.fct_daily_sentiment"} */

    SELECT index_name
    FROM duckdb_indexes()
    WHERE database_name = 'warehouse'
      AND schema_name = 'main'
      AND table_name = 'fct_daily_sentiment'
  
[0m13:14:42.763979 [debug] [Thread-4 (]: SQL status: OK in 0.003 seconds
[0m13:14:42.766890 [debug] [Thread-4 (]: Using duckdb connection "model.news_warehouse.weekly_source_comparison"
[0m13:14:42.767559 [debug] [Thread-4 (]: On model.news_warehouse.weekly_source_comparison: /* {"app": "dbt", "dbt_version": "1.12.5", "profile_name": "news_warehouse", "target_name": "dev", "node_id": "model.news_warehouse.weekly_source_comparison"} */
alter table "warehouse"."main"."weekly_source_comparison__dbt_tmp" rename to "weekly_source_comparison"
[0m13:14:42.768203 [debug] [Thread-3 (]: SQL status: OK in 0.033 seconds
[0m13:14:42.769914 [debug] [Thread-3 (]: Using duckdb connection "model.news_warehouse.entity_trend"
[0m13:14:42.770556 [debug] [Thread-2 (]: SQL status: OK in 0.007 seconds
[0m13:14:42.771233 [debug] [Thread-3 (]: On model.news_warehouse.entity_trend: /* {"app": "dbt", "dbt_version": "1.12.5", "profile_name": "news_warehouse", "target_name": "dev", "node_id": "model.news_warehouse.entity_trend"} */

    SELECT index_name
    FROM duckdb_indexes()
    WHERE database_name = 'warehouse'
      AND schema_name = 'main'
      AND table_name = 'entity_trend'
  
[0m13:14:42.771841 [debug] [Thread-4 (]: SQL status: OK in 0.003 seconds
[0m13:14:42.774616 [debug] [Thread-2 (]: Using duckdb connection "model.news_warehouse.fct_daily_sentiment"
[0m13:14:42.777851 [debug] [Thread-4 (]: On model.news_warehouse.weekly_source_comparison: COMMIT
[0m13:14:42.778543 [debug] [Thread-2 (]: On model.news_warehouse.fct_daily_sentiment: /* {"app": "dbt", "dbt_version": "1.12.5", "profile_name": "news_warehouse", "target_name": "dev", "node_id": "model.news_warehouse.fct_daily_sentiment"} */
alter table "warehouse"."main"."fct_daily_sentiment" rename to "fct_daily_sentiment__dbt_backup"
[0m13:14:42.779158 [debug] [Thread-3 (]: SQL status: OK in 0.004 seconds
[0m13:14:42.779796 [debug] [Thread-4 (]: Using duckdb connection "model.news_warehouse.weekly_source_comparison"
[0m13:14:42.782911 [debug] [Thread-3 (]: Using duckdb connection "model.news_warehouse.entity_trend"
[0m13:14:42.783638 [debug] [Thread-4 (]: On model.news_warehouse.weekly_source_comparison: COMMIT
[0m13:14:42.784444 [debug] [Thread-2 (]: SQL status: OK in 0.004 seconds
[0m13:14:42.785062 [debug] [Thread-3 (]: On model.news_warehouse.entity_trend: /* {"app": "dbt", "dbt_version": "1.12.5", "profile_name": "news_warehouse", "target_name": "dev", "node_id": "model.news_warehouse.entity_trend"} */
alter table "warehouse"."main"."entity_trend" rename to "entity_trend__dbt_backup"
[0m13:14:42.787751 [debug] [Thread-2 (]: Using duckdb connection "model.news_warehouse.fct_daily_sentiment"
[0m13:14:42.788836 [debug] [Thread-2 (]: On model.news_warehouse.fct_daily_sentiment: /* {"app": "dbt", "dbt_version": "1.12.5", "profile_name": "news_warehouse", "target_name": "dev", "node_id": "model.news_warehouse.fct_daily_sentiment"} */
alter table "warehouse"."main"."fct_daily_sentiment__dbt_tmp" rename to "fct_daily_sentiment"
[0m13:14:42.789723 [debug] [Thread-3 (]: SQL status: OK in 0.001 seconds
[0m13:14:42.790551 [debug] [Thread-4 (]: SQL status: OK in 0.005 seconds
[0m13:14:42.793157 [debug] [Thread-3 (]: Using duckdb connection "model.news_warehouse.entity_trend"
[0m13:14:42.793766 [debug] [Thread-2 (]: SQL status: OK in 0.003 seconds
[0m13:14:42.796154 [debug] [Thread-4 (]: Using duckdb connection "model.news_warehouse.weekly_source_comparison"
[0m13:14:42.796781 [debug] [Thread-3 (]: On model.news_warehouse.entity_trend: /* {"app": "dbt", "dbt_version": "1.12.5", "profile_name": "news_warehouse", "target_name": "dev", "node_id": "model.news_warehouse.entity_trend"} */
alter table "warehouse"."main"."entity_trend__dbt_tmp" rename to "entity_trend"
[0m13:14:42.799883 [debug] [Thread-2 (]: On model.news_warehouse.fct_daily_sentiment: COMMIT
[0m13:14:42.800594 [debug] [Thread-4 (]: On model.news_warehouse.weekly_source_comparison: /* {"app": "dbt", "dbt_version": "1.12.5", "profile_name": "news_warehouse", "target_name": "dev", "node_id": "model.news_warehouse.weekly_source_comparison"} */

      drop table if exists "warehouse"."main"."weekly_source_comparison__dbt_backup" cascade
    
[0m13:14:42.801491 [debug] [Thread-2 (]: Using duckdb connection "model.news_warehouse.fct_daily_sentiment"
[0m13:14:42.802140 [debug] [Thread-3 (]: SQL status: OK in 0.001 seconds
[0m13:14:42.802886 [debug] [Thread-2 (]: On model.news_warehouse.fct_daily_sentiment: COMMIT
[0m13:14:42.806054 [debug] [Thread-3 (]: On model.news_warehouse.entity_trend: COMMIT
[0m13:14:42.806710 [debug] [Thread-4 (]: SQL status: OK in 0.004 seconds
[0m13:14:42.807437 [debug] [Thread-3 (]: Using duckdb connection "model.news_warehouse.entity_trend"
[0m13:14:42.809205 [debug] [Thread-4 (]: On model.news_warehouse.weekly_source_comparison: Close
[0m13:14:42.809812 [debug] [Thread-2 (]: SQL status: OK in 0.002 seconds
[0m13:14:42.810580 [debug] [Thread-3 (]: On model.news_warehouse.entity_trend: COMMIT
[0m13:14:42.811534 [debug] [Thread-4 (]: Sending event: {'category': 'dbt', 'action': 'run_model', 'label': 'd282827b-5ec1-4212-b5af-4aba0bba46da', 'context': [<snowplow_tracker.self_describing_json.SelfDescribingJson object at 0x7facb391eb30>]}
[0m13:14:42.813711 [debug] [Thread-2 (]: Using duckdb connection "model.news_warehouse.fct_daily_sentiment"
[0m13:14:42.814926 [info ] [Thread-4 (]: 5 of 7 OK created sql table model main.weekly_source_comparison ................ [[32mOK[0m in 0.14s]
[0m13:14:42.815762 [debug] [Thread-2 (]: On model.news_warehouse.fct_daily_sentiment: /* {"app": "dbt", "dbt_version": "1.12.5", "profile_name": "news_warehouse", "target_name": "dev", "node_id": "model.news_warehouse.fct_daily_sentiment"} */

      drop table if exists "warehouse"."main"."fct_daily_sentiment__dbt_backup" cascade
    
[0m13:14:42.816929 [debug] [Thread-4 (]: Finished running node model.news_warehouse.weekly_source_comparison
[0m13:14:42.817667 [debug] [Thread-3 (]: SQL status: OK in 0.003 seconds
[0m13:14:42.820369 [debug] [Thread-3 (]: Using duckdb connection "model.news_warehouse.entity_trend"
[0m13:14:42.821047 [debug] [Thread-2 (]: SQL status: OK in 0.003 seconds
[0m13:14:42.821634 [debug] [Thread-3 (]: On model.news_warehouse.entity_trend: /* {"app": "dbt", "dbt_version": "1.12.5", "profile_name": "news_warehouse", "target_name": "dev", "node_id": "model.news_warehouse.entity_trend"} */

      drop table if exists "warehouse"."main"."entity_trend__dbt_backup" cascade
    
[0m13:14:42.824506 [debug] [Thread-2 (]: On model.news_warehouse.fct_daily_sentiment: Close
[0m13:14:42.825563 [debug] [Thread-2 (]: Sending event: {'category': 'dbt', 'action': 'run_model', 'label': 'd282827b-5ec1-4212-b5af-4aba0bba46da', 'context': [<snowplow_tracker.self_describing_json.SelfDescribingJson object at 0x7faca85374f0>]}
[0m13:14:42.826471 [info ] [Thread-2 (]: 7 of 7 OK created sql table model main.fct_daily_sentiment ..................... [[32mOK[0m in 0.14s]
[0m13:14:42.827360 [debug] [Thread-2 (]: Finished running node model.news_warehouse.fct_daily_sentiment
[0m13:14:42.828735 [debug] [Thread-3 (]: SQL status: OK in 0.004 seconds
[0m13:14:42.830235 [debug] [Thread-3 (]: On model.news_warehouse.entity_trend: Close
[0m13:14:42.831008 [debug] [Thread-3 (]: Sending event: {'category': 'dbt', 'action': 'run_model', 'label': 'd282827b-5ec1-4212-b5af-4aba0bba46da', 'context': [<snowplow_tracker.self_describing_json.SelfDescribingJson object at 0x7faca8535750>]}
[0m13:14:42.831788 [info ] [Thread-3 (]: 6 of 7 OK created sql table model main.entity_trend ............................ [[32mOK[0m in 0.16s]
[0m13:14:42.832602 [debug] [Thread-3 (]: Finished running node model.news_warehouse.entity_trend
[0m13:14:42.834465 [debug] [MainThread]: Using duckdb connection "master"
[0m13:14:42.835064 [debug] [MainThread]: On master: BEGIN
[0m13:14:42.835581 [debug] [MainThread]: Opening a new connection, currently in state closed
[0m13:14:42.836408 [debug] [MainThread]: SQL status: OK in 0.001 seconds
[0m13:14:42.836921 [debug] [MainThread]: On master: COMMIT
[0m13:14:42.837458 [debug] [MainThread]: Using duckdb connection "master"
[0m13:14:42.837935 [debug] [MainThread]: On master: COMMIT
[0m13:14:42.838653 [debug] [MainThread]: SQL status: OK in 0.000 seconds
[0m13:14:42.839200 [debug] [MainThread]: On master: Close
[0m13:14:42.839810 [debug] [MainThread]: Connection 'master' was properly closed.
[0m13:14:42.840329 [debug] [MainThread]: Connection 'model.news_warehouse.dim_entity_summary' was properly closed.
[0m13:14:42.840781 [debug] [MainThread]: Connection 'model.news_warehouse.fct_daily_sentiment' was properly closed.
[0m13:14:42.841270 [debug] [MainThread]: Connection 'model.news_warehouse.entity_trend' was properly closed.
[0m13:14:42.841716 [debug] [MainThread]: Connection 'model.news_warehouse.weekly_source_comparison' was properly closed.
[0m13:14:42.842329 [info ] [MainThread]: 
[0m13:14:42.842899 [info ] [MainThread]: Finished running 4 table models, 3 view models in 0 hours 0 minutes and 0.58 seconds (0.58s).
[0m13:14:42.844764 [debug] [MainThread]: Command end result
[0m13:14:42.888708 [debug] [MainThread]: Wrote artifact WritableManifest to /home/runner/work/Multilingual-News-Sentiment-Entity-Analysis-Pipeline/Multilingual-News-Sentiment-Entity-Analysis-Pipeline/dbt_project/target/manifest.json
[0m13:14:42.892177 [debug] [MainThread]: Wrote artifact SemanticManifest to /home/runner/work/Multilingual-News-Sentiment-Entity-Analysis-Pipeline/Multilingual-News-Sentiment-Entity-Analysis-Pipeline/dbt_project/target/semantic_manifest.json
[0m13:14:42.895305 [debug] [MainThread]: Wrote artifact OsiDocument to /home/runner/work/Multilingual-News-Sentiment-Entity-Analysis-Pipeline/Multilingual-News-Sentiment-Entity-Analysis-Pipeline/dbt_project/target/osi_document.json
[0m13:14:42.904762 [debug] [MainThread]: Wrote artifact RunExecutionResult to /home/runner/work/Multilingual-News-Sentiment-Entity-Analysis-Pipeline/Multilingual-News-Sentiment-Entity-Analysis-Pipeline/dbt_project/target/run_results.json
[0m13:14:42.905321 [info ] [MainThread]: 
[0m13:14:42.905994 [info ] [MainThread]: [32mCompleted successfully[0m
[0m13:14:42.906571 [info ] [MainThread]: 
[0m13:14:42.907183 [info ] [MainThread]: Done. PASS=7 WARN=0 ERROR=0 SKIP=0 NO-OP=0 REUSED=0 TOTAL=7
[0m13:14:42.912889 [debug] [MainThread]: Resource report: {"command_name": "run", "command_success": true, "command_wall_clock_time": 1.7651609, "process_in_blocks": "2000", "process_kernel_time": 0.22175, "process_mem_max_rss": "310412", "process_out_blocks": "7224", "process_user_time": 3.43511}
[0m13:14:42.913597 [debug] [MainThread]: Command `dbt run` succeeded at 13:14:42.913487 after 1.77 seconds
[0m13:14:42.914203 [debug] [MainThread]: Sending event: {'category': 'dbt', 'action': 'invocation', 'label': 'end', 'context': [<snowplow_tracker.self_describing_json.SelfDescribingJson object at 0x7facb3659240>, <snowplow_tracker.self_describing_json.SelfDescribingJson object at 0x7facadb3e020>, <snowplow_tracker.self_describing_json.SelfDescribingJson object at 0x7facadbb5420>]}
[0m13:14:42.914780 [debug] [MainThread]: Flushing usage events
[0m13:14:42.992134 [debug] [MainThread]: An error was encountered while trying to flush usage events
[0m13:14:44.949405 [debug] [MainThread]: Sending event: {'category': 'dbt', 'action': 'invocation', 'label': 'start', 'context': [<snowplow_tracker.self_describing_json.SelfDescribingJson object at 0x7f78702a11b0>, <snowplow_tracker.self_describing_json.SelfDescribingJson object at 0x7f786ed5f6a0>, <snowplow_tracker.self_describing_json.SelfDescribingJson object at 0x7f786ed5f640>]}


============================== 13:14:44.952418 | debbd590-8083-4487-9037-92582e8e19c9 ==============================
[0m13:14:44.952418 [info ] [MainThread]: Running with dbt=1.12.5
[0m13:14:44.953155 [debug] [MainThread]: running dbt with arguments {'log_path': '/home/runner/work/Multilingual-News-Sentiment-Entity-Analysis-Pipeline/Multilingual-News-Sentiment-Entity-Analysis-Pipeline/dbt_project/logs', 'debug': 'False', 'no_print': 'None', 'static_parser': 'True', 'use_colors': 'True', 'profiles_dir': '.', 'log_format': 'default', 'invocation_command': 'dbt test --profiles-dir .', 'partial_parse': 'True', 'quiet': 'False', 'hints_enabled': 'True', 'use_experimental_parser': 'False', 'version_check': 'True', 'target_path': 'None', 'cache_selected_only': 'False', 'warn_error': 'None', 'fail_fast': 'False', 'maximum_seed_size_mib': '1', 'write_json': 'True', 'indirect_selection': 'eager', 'log_cache_events': 'False', 'send_anonymous_usage_stats': 'True', 'warn_error_options': 'WarnErrorOptionsV2(error=[], warn=[], silence=[])', 'empty': 'None', 'introspect': 'True', 'printer_width': '80'}
[0m13:14:45.233566 [debug] [MainThread]: Sending event: {'category': 'dbt', 'action': 'project_id', 'label': 'debbd590-8083-4487-9037-92582e8e19c9', 'context': [<snowplow_tracker.self_describing_json.SelfDescribingJson object at 0x7f7871a14af0>]}
[0m13:14:45.366523 [debug] [MainThread]: Sending event: {'category': 'dbt', 'action': 'adapter_info', 'label': 'debbd590-8083-4487-9037-92582e8e19c9', 'context': [<snowplow_tracker.self_describing_json.SelfDescribingJson object at 0x7f786ed5ded0>]}
[0m13:14:45.368830 [info ] [MainThread]: Registered adapter: duckdb=1.11.0
[0m13:14:45.476451 [debug] [MainThread]: checksum: b861a166531065e3c88725a98b0b572675172303180a874f2753e38be84b4181, vars: {}, profile: news_warehouse, target: dev, version: 1.12.5
[0m13:14:45.666226 [debug] [MainThread]: Partial parsing enabled: 0 files deleted, 0 files added, 0 files changed.
[0m13:14:45.666850 [debug] [MainThread]: Nothing changed, skipping partial parsing.
[0m13:14:45.667352 [debug] [MainThread]: Partial parsing enabled, no changes found, skipping parsing
[0m13:14:45.680778 [debug] [MainThread]: Sending event: {'category': 'dbt', 'action': 'load_project', 'label': 'debbd590-8083-4487-9037-92582e8e19c9', 'context': [<snowplow_tracker.self_describing_json.SelfDescribingJson object at 0x7f7866bb3910>]}
[0m13:14:45.894517 [debug] [MainThread]: Wrote artifact WritableManifest to /home/runner/work/Multilingual-News-Sentiment-Entity-Analysis-Pipeline/Multilingual-News-Sentiment-Entity-Analysis-Pipeline/dbt_project/target/manifest.json
[0m13:14:45.897917 [debug] [MainThread]: Wrote artifact SemanticManifest to /home/runner/work/Multilingual-News-Sentiment-Entity-Analysis-Pipeline/Multilingual-News-Sentiment-Entity-Analysis-Pipeline/dbt_project/target/semantic_manifest.json
[0m13:14:45.911561 [debug] [MainThread]: Wrote artifact OsiDocument to /home/runner/work/Multilingual-News-Sentiment-Entity-Analysis-Pipeline/Multilingual-News-Sentiment-Entity-Analysis-Pipeline/dbt_project/target/osi_document.json
[0m13:14:45.928911 [debug] [MainThread]: Sending event: {'category': 'dbt', 'action': 'resource_counts', 'label': 'debbd590-8083-4487-9037-92582e8e19c9', 'context': [<snowplow_tracker.self_describing_json.SelfDescribingJson object at 0x7f7866a249a0>]}
[0m13:14:45.929618 [info ] [MainThread]: Found 7 models, 8 data tests, 5 sources, 500 macros
[0m13:14:45.930222 [debug] [MainThread]: Sending event: {'category': 'dbt', 'action': 'runnable_timing', 'label': 'debbd590-8083-4487-9037-92582e8e19c9', 'context': [<snowplow_tracker.self_describing_json.SelfDescribingJson object at 0x7f7866a27c10>]}
[0m13:14:45.932539 [info ] [MainThread]: 
[0m13:14:45.933187 [info ] [MainThread]: Concurrency: 4 threads (target='dev')
[0m13:14:45.933747 [info ] [MainThread]: 
[0m13:14:45.934554 [debug] [MainThread]: Acquiring new duckdb connection 'master'
[0m13:14:45.941701 [debug] [ThreadPool]: Acquiring new duckdb connection 'list_warehouse_main'
[0m13:14:45.977988 [debug] [ThreadPool]: Using duckdb connection "list_warehouse_main"
[0m13:14:45.978598 [debug] [ThreadPool]: On list_warehouse_main: BEGIN
[0m13:14:45.979119 [debug] [ThreadPool]: Opening a new connection, currently in state init
[0m13:14:45.993473 [debug] [ThreadPool]: SQL status: OK in 0.014 seconds
[0m13:14:45.994083 [debug] [ThreadPool]: Using duckdb connection "list_warehouse_main"
[0m13:14:45.994601 [debug] [ThreadPool]: On list_warehouse_main: /* {"app": "dbt", "dbt_version": "1.12.5", "profile_name": "news_warehouse", "target_name": "dev", "connection_name": "list_warehouse_main"} */
select
      'warehouse' as database,
      table_name as name,
      table_schema as schema,
      CASE table_type
        WHEN 'BASE TABLE' THEN 'table'
        WHEN 'VIEW' THEN 'view'
        WHEN 'LOCAL TEMPORARY' THEN 'table'
        END as type
    from system.information_schema.tables
    where lower(table_schema) = 'main'
    and lower(table_catalog) = 'warehouse'
  
[0m13:14:45.998365 [debug] [ThreadPool]: SQL status: OK in 0.003 seconds
[0m13:14:46.000105 [debug] [ThreadPool]: On list_warehouse_main: ROLLBACK
[0m13:14:46.000825 [debug] [ThreadPool]: On list_warehouse_main: Close
[0m13:14:46.003838 [debug] [MainThread]: Sending event: {'category': 'dbt', 'action': 'runnable_timing', 'label': 'debbd590-8083-4487-9037-92582e8e19c9', 'context': [<snowplow_tracker.self_describing_json.SelfDescribingJson object at 0x7f7866a26f20>]}
[0m13:14:46.004554 [debug] [MainThread]: Using duckdb connection "master"
[0m13:14:46.005082 [debug] [MainThread]: On master: BEGIN
[0m13:14:46.005561 [debug] [MainThread]: Opening a new connection, currently in state init
[0m13:14:46.006342 [debug] [MainThread]: SQL status: OK in 0.001 seconds
[0m13:14:46.006860 [debug] [MainThread]: On master: COMMIT
[0m13:14:46.007429 [debug] [MainThread]: Using duckdb connection "master"
[0m13:14:46.007908 [debug] [MainThread]: On master: COMMIT
[0m13:14:46.008643 [debug] [MainThread]: SQL status: OK in 0.000 seconds
[0m13:14:46.009204 [debug] [MainThread]: On master: Close
[0m13:14:46.012432 [debug] [Thread-1 (]: Began running node test.news_warehouse.not_null_dim_entity_summary_article_count.e113c5cc88
[0m13:14:46.013063 [debug] [Thread-2 (]: Began running node test.news_warehouse.not_null_dim_entity_summary_entity_text.e9b5760dbb
[0m13:14:46.013724 [info ] [Thread-1 (]: 1 of 8 START test not_null_dim_entity_summary_article_count .................... [RUN]
[0m13:14:46.014474 [debug] [Thread-3 (]: Began running node test.news_warehouse.not_null_fct_daily_sentiment_headline_count.8aa7f0a6da
[0m13:14:46.015080 [info ] [Thread-2 (]: 2 of 8 START test not_null_dim_entity_summary_entity_text ...................... [RUN]
[0m13:14:46.015762 [debug] [Thread-4 (]: Began running node test.news_warehouse.not_null_fct_daily_sentiment_scrape_date.b09ab12093
[0m13:14:46.016493 [debug] [Thread-1 (]: Re-using an available connection from the pool (formerly list_warehouse_main, now test.news_warehouse.not_null_dim_entity_summary_article_count.e113c5cc88)
[0m13:14:46.017164 [info ] [Thread-3 (]: 3 of 8 START test not_null_fct_daily_sentiment_headline_count .................. [RUN]
[0m13:14:46.017943 [debug] [Thread-2 (]: Acquiring new duckdb connection 'test.news_warehouse.not_null_dim_entity_summary_entity_text.e9b5760dbb'
[0m13:14:46.018594 [info ] [Thread-4 (]: 4 of 8 START test not_null_fct_daily_sentiment_scrape_date ..................... [RUN]
[0m13:14:46.019286 [debug] [Thread-1 (]: Began compiling node test.news_warehouse.not_null_dim_entity_summary_article_count.e113c5cc88
[0m13:14:46.020038 [debug] [Thread-3 (]: Acquiring new duckdb connection 'test.news_warehouse.not_null_fct_daily_sentiment_headline_count.8aa7f0a6da'
[0m13:14:46.020621 [debug] [Thread-2 (]: Began compiling node test.news_warehouse.not_null_dim_entity_summary_entity_text.e9b5760dbb
[0m13:14:46.021362 [debug] [Thread-4 (]: Acquiring new duckdb connection 'test.news_warehouse.not_null_fct_daily_sentiment_scrape_date.b09ab12093'
[0m13:14:46.032251 [debug] [Thread-3 (]: Began compiling node test.news_warehouse.not_null_fct_daily_sentiment_headline_count.8aa7f0a6da
[0m13:14:46.044726 [debug] [Thread-1 (]: Writing injected SQL for node "test.news_warehouse.not_null_dim_entity_summary_article_count.e113c5cc88"
[0m13:14:46.050632 [debug] [Thread-4 (]: Began compiling node test.news_warehouse.not_null_fct_daily_sentiment_scrape_date.b09ab12093
[0m13:14:46.053705 [debug] [Thread-2 (]: Writing injected SQL for node "test.news_warehouse.not_null_dim_entity_summary_entity_text.e9b5760dbb"
[0m13:14:46.061523 [debug] [Thread-3 (]: Writing injected SQL for node "test.news_warehouse.not_null_fct_daily_sentiment_headline_count.8aa7f0a6da"
[0m13:14:46.069867 [debug] [Thread-4 (]: Writing injected SQL for node "test.news_warehouse.not_null_fct_daily_sentiment_scrape_date.b09ab12093"
[0m13:14:46.071072 [debug] [Thread-1 (]: Began executing node test.news_warehouse.not_null_dim_entity_summary_article_count.e113c5cc88
[0m13:14:46.071937 [debug] [Thread-2 (]: Began executing node test.news_warehouse.not_null_dim_entity_summary_entity_text.e9b5760dbb
[0m13:14:46.093196 [debug] [Thread-4 (]: Began executing node test.news_warehouse.not_null_fct_daily_sentiment_scrape_date.b09ab12093
[0m13:14:46.097851 [debug] [Thread-2 (]: Writing runtime sql for node "test.news_warehouse.not_null_dim_entity_summary_entity_text.e9b5760dbb"
[0m13:14:46.100153 [debug] [Thread-1 (]: Writing runtime sql for node "test.news_warehouse.not_null_dim_entity_summary_article_count.e113c5cc88"
[0m13:14:46.100786 [debug] [Thread-3 (]: Began executing node test.news_warehouse.not_null_fct_daily_sentiment_headline_count.8aa7f0a6da
[0m13:14:46.103252 [debug] [Thread-4 (]: Writing runtime sql for node "test.news_warehouse.not_null_fct_daily_sentiment_scrape_date.b09ab12093"
[0m13:14:46.106058 [debug] [Thread-3 (]: Writing runtime sql for node "test.news_warehouse.not_null_fct_daily_sentiment_headline_count.8aa7f0a6da"
[0m13:14:46.106888 [debug] [Thread-2 (]: Using duckdb connection "test.news_warehouse.not_null_dim_entity_summary_entity_text.e9b5760dbb"
[0m13:14:46.107788 [debug] [Thread-1 (]: Using duckdb connection "test.news_warehouse.not_null_dim_entity_summary_article_count.e113c5cc88"
[0m13:14:46.108644 [debug] [Thread-2 (]: On test.news_warehouse.not_null_dim_entity_summary_entity_text.e9b5760dbb: BEGIN
[0m13:14:46.109428 [debug] [Thread-4 (]: Using duckdb connection "test.news_warehouse.not_null_fct_daily_sentiment_scrape_date.b09ab12093"
[0m13:14:46.110127 [debug] [Thread-3 (]: Using duckdb connection "test.news_warehouse.not_null_fct_daily_sentiment_headline_count.8aa7f0a6da"
[0m13:14:46.110683 [debug] [Thread-1 (]: On test.news_warehouse.not_null_dim_entity_summary_article_count.e113c5cc88: BEGIN
[0m13:14:46.111295 [debug] [Thread-2 (]: Opening a new connection, currently in state init
[0m13:14:46.111893 [debug] [Thread-4 (]: On test.news_warehouse.not_null_fct_daily_sentiment_scrape_date.b09ab12093: BEGIN
[0m13:14:46.112508 [debug] [Thread-3 (]: On test.news_warehouse.not_null_fct_daily_sentiment_headline_count.8aa7f0a6da: BEGIN
[0m13:14:46.113101 [debug] [Thread-1 (]: Opening a new connection, currently in state closed
[0m13:14:46.113932 [debug] [Thread-4 (]: Opening a new connection, currently in state init
[0m13:14:46.114636 [debug] [Thread-3 (]: Opening a new connection, currently in state init
[0m13:14:46.115245 [debug] [Thread-2 (]: SQL status: OK in 0.004 seconds
[0m13:14:46.116624 [debug] [Thread-1 (]: SQL status: OK in 0.004 seconds
[0m13:14:46.117225 [debug] [Thread-2 (]: Using duckdb connection "test.news_warehouse.not_null_dim_entity_summary_entity_text.e9b5760dbb"
[0m13:14:46.117857 [debug] [Thread-3 (]: SQL status: OK in 0.003 seconds
[0m13:14:46.118525 [debug] [Thread-1 (]: Using duckdb connection "test.news_warehouse.not_null_dim_entity_summary_article_count.e113c5cc88"
[0m13:14:46.119094 [debug] [Thread-4 (]: SQL status: OK in 0.005 seconds
[0m13:14:46.119756 [debug] [Thread-2 (]: On test.news_warehouse.not_null_dim_entity_summary_entity_text.e9b5760dbb: /* {"app": "dbt", "dbt_version": "1.12.5", "profile_name": "news_warehouse", "target_name": "dev", "node_id": "test.news_warehouse.not_null_dim_entity_summary_entity_text.e9b5760dbb"} */

    
    select
      count(*) as failures,
      count(*) != 0 as should_warn,
      count(*) != 0 as should_error
    from (
      
    
  
    
    



select entity_text
from "warehouse"."main"."dim_entity_summary"
where entity_text is null



  
  
      
    ) dbt_internal_test
[0m13:14:46.120448 [debug] [Thread-3 (]: Using duckdb connection "test.news_warehouse.not_null_fct_daily_sentiment_headline_count.8aa7f0a6da"
[0m13:14:46.121102 [debug] [Thread-1 (]: On test.news_warehouse.not_null_dim_entity_summary_article_count.e113c5cc88: /* {"app": "dbt", "dbt_version": "1.12.5", "profile_name": "news_warehouse", "target_name": "dev", "node_id": "test.news_warehouse.not_null_dim_entity_summary_article_count.e113c5cc88"} */

    
    select
      count(*) as failures,
      count(*) != 0 as should_warn,
      count(*) != 0 as should_error
    from (
      
    
  
    
    



select article_count
from "warehouse"."main"."dim_entity_summary"
where article_count is null



  
  
      
    ) dbt_internal_test
[0m13:14:46.121732 [debug] [Thread-4 (]: Using duckdb connection "test.news_warehouse.not_null_fct_daily_sentiment_scrape_date.b09ab12093"
[0m13:14:46.122660 [debug] [Thread-3 (]: On test.news_warehouse.not_null_fct_daily_sentiment_headline_count.8aa7f0a6da: /* {"app": "dbt", "dbt_version": "1.12.5", "profile_name": "news_warehouse", "target_name": "dev", "node_id": "test.news_warehouse.not_null_fct_daily_sentiment_headline_count.8aa7f0a6da"} */

    
    select
      count(*) as failures,
      count(*) != 0 as should_warn,
      count(*) != 0 as should_error
    from (
      
    
  
    
    



select headline_count
from "warehouse"."main"."fct_daily_sentiment"
where headline_count is null



  
  
      
    ) dbt_internal_test
[0m13:14:46.123693 [debug] [Thread-2 (]: SQL status: OK in 0.001 seconds
[0m13:14:46.124479 [debug] [Thread-4 (]: On test.news_warehouse.not_null_fct_daily_sentiment_scrape_date.b09ab12093: /* {"app": "dbt", "dbt_version": "1.12.5", "profile_name": "news_warehouse", "target_name": "dev", "node_id": "test.news_warehouse.not_null_fct_daily_sentiment_scrape_date.b09ab12093"} */

    
    select
      count(*) as failures,
      count(*) != 0 as should_warn,
      count(*) != 0 as should_error
    from (
      
    
  
    
    



select scrape_date
from "warehouse"."main"."fct_daily_sentiment"
where scrape_date is null



  
  
      
    ) dbt_internal_test
[0m13:14:46.125128 [debug] [Thread-1 (]: SQL status: OK in 0.002 seconds
[0m13:14:46.131307 [debug] [Thread-2 (]: On test.news_warehouse.not_null_dim_entity_summary_entity_text.e9b5760dbb: ROLLBACK
[0m13:14:46.132201 [debug] [Thread-3 (]: SQL status: OK in 0.006 seconds
[0m13:14:46.132784 [debug] [Thread-4 (]: SQL status: OK in 0.007 seconds
[0m13:14:46.134379 [debug] [Thread-1 (]: On test.news_warehouse.not_null_dim_entity_summary_article_count.e113c5cc88: ROLLBACK
[0m13:14:46.136303 [debug] [Thread-3 (]: On test.news_warehouse.not_null_fct_daily_sentiment_headline_count.8aa7f0a6da: ROLLBACK
[0m13:14:46.137038 [debug] [Thread-2 (]: On test.news_warehouse.not_null_dim_entity_summary_entity_text.e9b5760dbb: Close
[0m13:14:46.138569 [debug] [Thread-4 (]: On test.news_warehouse.not_null_fct_daily_sentiment_scrape_date.b09ab12093: ROLLBACK
[0m13:14:46.139430 [debug] [Thread-1 (]: On test.news_warehouse.not_null_dim_entity_summary_article_count.e113c5cc88: Close
[0m13:14:46.140414 [info ] [Thread-2 (]: 2 of 8 PASS not_null_dim_entity_summary_entity_text ............................ [[32mPASS[0m in 0.12s]
[0m13:14:46.141104 [debug] [Thread-3 (]: On test.news_warehouse.not_null_fct_daily_sentiment_headline_count.8aa7f0a6da: Close
[0m13:14:46.142129 [info ] [Thread-1 (]: 1 of 8 PASS not_null_dim_entity_summary_article_count .......................... [[32mPASS[0m in 0.13s]
[0m13:14:46.143102 [debug] [Thread-2 (]: Finished running node test.news_warehouse.not_null_dim_entity_summary_entity_text.e9b5760dbb
[0m13:14:46.143743 [debug] [Thread-4 (]: On test.news_warehouse.not_null_fct_daily_sentiment_scrape_date.b09ab12093: Close
[0m13:14:46.144563 [info ] [Thread-3 (]: 3 of 8 PASS not_null_fct_daily_sentiment_headline_count ........................ [[32mPASS[0m in 0.12s]
[0m13:14:46.145449 [debug] [Thread-1 (]: Finished running node test.news_warehouse.not_null_dim_entity_summary_article_count.e113c5cc88
[0m13:14:46.146144 [debug] [Thread-2 (]: Began running node test.news_warehouse.not_null_fct_daily_sentiment_source_name.3bd2b89b77
[0m13:14:46.147095 [info ] [Thread-4 (]: 4 of 8 PASS not_null_fct_daily_sentiment_scrape_date ........................... [[32mPASS[0m in 0.13s]
[0m13:14:46.148029 [debug] [Thread-3 (]: Finished running node test.news_warehouse.not_null_fct_daily_sentiment_headline_count.8aa7f0a6da
[0m13:14:46.148687 [debug] [Thread-1 (]: Began running node test.news_warehouse.not_null_stg_articles_article_key.db8c6d35da
[0m13:14:46.149345 [info ] [Thread-2 (]: 5 of 8 START test not_null_fct_daily_sentiment_source_name ..................... [RUN]
[0m13:14:46.150278 [debug] [Thread-4 (]: Finished running node test.news_warehouse.not_null_fct_daily_sentiment_scrape_date.b09ab12093
[0m13:14:46.150937 [debug] [Thread-3 (]: Began running node test.news_warehouse.not_null_stg_articles_translated_headline.e4edbf669c
[0m13:14:46.151647 [info ] [Thread-1 (]: 6 of 8 START test not_null_stg_articles_article_key ............................ [RUN]
[0m13:14:46.152433 [debug] [Thread-2 (]: Re-using an available connection from the pool (formerly test.news_warehouse.not_null_dim_entity_summary_entity_text.e9b5760dbb, now test.news_warehouse.not_null_fct_daily_sentiment_source_name.3bd2b89b77)
[0m13:14:46.153106 [debug] [Thread-4 (]: Began running node test.news_warehouse.unique_stg_articles_article_key.691d01e603
[0m13:14:46.153813 [info ] [Thread-3 (]: 7 of 8 START test not_null_stg_articles_translated_headline .................... [RUN]
[0m13:14:46.154562 [debug] [Thread-1 (]: Re-using an available connection from the pool (formerly test.news_warehouse.not_null_dim_entity_summary_article_count.e113c5cc88, now test.news_warehouse.not_null_stg_articles_article_key.db8c6d35da)
[0m13:14:46.155191 [debug] [Thread-2 (]: Began compiling node test.news_warehouse.not_null_fct_daily_sentiment_source_name.3bd2b89b77
[0m13:14:46.155803 [info ] [Thread-4 (]: 8 of 8 START test unique_stg_articles_article_key .............................. [RUN]
[0m13:14:46.156582 [debug] [Thread-3 (]: Re-using an available connection from the pool (formerly test.news_warehouse.not_null_fct_daily_sentiment_headline_count.8aa7f0a6da, now test.news_warehouse.not_null_stg_articles_translated_headline.e4edbf669c)
[0m13:14:46.157216 [debug] [Thread-1 (]: Began compiling node test.news_warehouse.not_null_stg_articles_article_key.db8c6d35da
[0m13:14:46.165583 [debug] [Thread-2 (]: Writing injected SQL for node "test.news_warehouse.not_null_fct_daily_sentiment_source_name.3bd2b89b77"
[0m13:14:46.166314 [debug] [Thread-4 (]: Re-using an available connection from the pool (formerly test.news_warehouse.not_null_fct_daily_sentiment_scrape_date.b09ab12093, now test.news_warehouse.unique_stg_articles_article_key.691d01e603)
[0m13:14:46.167076 [debug] [Thread-3 (]: Began compiling node test.news_warehouse.not_null_stg_articles_translated_headline.e4edbf669c
[0m13:14:46.174767 [debug] [Thread-1 (]: Writing injected SQL for node "test.news_warehouse.not_null_stg_articles_article_key.db8c6d35da"
[0m13:14:46.175528 [debug] [Thread-4 (]: Began compiling node test.news_warehouse.unique_stg_articles_article_key.691d01e603
[0m13:14:46.181679 [debug] [Thread-2 (]: Began executing node test.news_warehouse.not_null_fct_daily_sentiment_source_name.3bd2b89b77
[0m13:14:46.190325 [debug] [Thread-3 (]: Writing injected SQL for node "test.news_warehouse.not_null_stg_articles_translated_headline.e4edbf669c"
[0m13:14:46.195442 [debug] [Thread-4 (]: Writing injected SQL for node "test.news_warehouse.unique_stg_articles_article_key.691d01e603"
[0m13:14:46.196109 [debug] [Thread-1 (]: Began executing node test.news_warehouse.not_null_stg_articles_article_key.db8c6d35da
[0m13:14:46.198702 [debug] [Thread-2 (]: Writing runtime sql for node "test.news_warehouse.not_null_fct_daily_sentiment_source_name.3bd2b89b77"
[0m13:14:46.201717 [debug] [Thread-1 (]: Writing runtime sql for node "test.news_warehouse.not_null_stg_articles_article_key.db8c6d35da"
[0m13:14:46.203016 [debug] [Thread-4 (]: Began executing node test.news_warehouse.unique_stg_articles_article_key.691d01e603
[0m13:14:46.205450 [debug] [Thread-4 (]: Writing runtime sql for node "test.news_warehouse.unique_stg_articles_article_key.691d01e603"
[0m13:14:46.206129 [debug] [Thread-2 (]: Using duckdb connection "test.news_warehouse.not_null_fct_daily_sentiment_source_name.3bd2b89b77"
[0m13:14:46.206713 [debug] [Thread-3 (]: Began executing node test.news_warehouse.not_null_stg_articles_translated_headline.e4edbf669c
[0m13:14:46.207526 [debug] [Thread-2 (]: On test.news_warehouse.not_null_fct_daily_sentiment_source_name.3bd2b89b77: BEGIN
[0m13:14:46.208284 [debug] [Thread-1 (]: Using duckdb connection "test.news_warehouse.not_null_stg_articles_article_key.db8c6d35da"
[0m13:14:46.210798 [debug] [Thread-3 (]: Writing runtime sql for node "test.news_warehouse.not_null_stg_articles_translated_headline.e4edbf669c"
[0m13:14:46.211492 [debug] [Thread-2 (]: Opening a new connection, currently in state closed
[0m13:14:46.212172 [debug] [Thread-4 (]: Using duckdb connection "test.news_warehouse.unique_stg_articles_article_key.691d01e603"
[0m13:14:46.212801 [debug] [Thread-1 (]: On test.news_warehouse.not_null_stg_articles_article_key.db8c6d35da: BEGIN
[0m13:14:46.213868 [debug] [Thread-4 (]: On test.news_warehouse.unique_stg_articles_article_key.691d01e603: BEGIN
[0m13:14:46.214574 [debug] [Thread-2 (]: SQL status: OK in 0.003 seconds
[0m13:14:46.215263 [debug] [Thread-3 (]: Using duckdb connection "test.news_warehouse.not_null_stg_articles_translated_headline.e4edbf669c"
[0m13:14:46.215819 [debug] [Thread-1 (]: Opening a new connection, currently in state closed
[0m13:14:46.216435 [debug] [Thread-4 (]: Opening a new connection, currently in state closed
[0m13:14:46.217067 [debug] [Thread-2 (]: Using duckdb connection "test.news_warehouse.not_null_fct_daily_sentiment_source_name.3bd2b89b77"
[0m13:14:46.217687 [debug] [Thread-3 (]: On test.news_warehouse.not_null_stg_articles_translated_headline.e4edbf669c: BEGIN
[0m13:14:46.218669 [debug] [Thread-1 (]: SQL status: OK in 0.003 seconds
[0m13:14:46.219308 [debug] [Thread-2 (]: On test.news_warehouse.not_null_fct_daily_sentiment_source_name.3bd2b89b77: /* {"app": "dbt", "dbt_version": "1.12.5", "profile_name": "news_warehouse", "target_name": "dev", "node_id": "test.news_warehouse.not_null_fct_daily_sentiment_source_name.3bd2b89b77"} */

    
    select
      count(*) as failures,
      count(*) != 0 as should_warn,
      count(*) != 0 as should_error
    from (
      
    
  
    
    



select source_name
from "warehouse"."main"."fct_daily_sentiment"
where source_name is null



  
  
      
    ) dbt_internal_test
[0m13:14:46.219998 [debug] [Thread-3 (]: Opening a new connection, currently in state closed
[0m13:14:46.220559 [debug] [Thread-4 (]: SQL status: OK in 0.004 seconds
[0m13:14:46.221199 [debug] [Thread-1 (]: Using duckdb connection "test.news_warehouse.not_null_stg_articles_article_key.db8c6d35da"
[0m13:14:46.222221 [debug] [Thread-4 (]: Using duckdb connection "test.news_warehouse.unique_stg_articles_article_key.691d01e603"
[0m13:14:46.222994 [debug] [Thread-3 (]: SQL status: OK in 0.003 seconds
[0m13:14:46.223608 [debug] [Thread-1 (]: On test.news_warehouse.not_null_stg_articles_article_key.db8c6d35da: /* {"app": "dbt", "dbt_version": "1.12.5", "profile_name": "news_warehouse", "target_name": "dev", "node_id": "test.news_warehouse.not_null_stg_articles_article_key.db8c6d35da"} */

    
    select
      count(*) as failures,
      count(*) != 0 as should_warn,
      count(*) != 0 as should_error
    from (
      
    
  
    
    



select article_key
from "warehouse"."main"."stg_articles"
where article_key is null



  
  
      
    ) dbt_internal_test
[0m13:14:46.224281 [debug] [Thread-2 (]: SQL status: OK in 0.002 seconds
[0m13:14:46.224915 [debug] [Thread-4 (]: On test.news_warehouse.unique_stg_articles_article_key.691d01e603: /* {"app": "dbt", "dbt_version": "1.12.5", "profile_name": "news_warehouse", "target_name": "dev", "node_id": "test.news_warehouse.unique_stg_articles_article_key.691d01e603"} */

    
    select
      count(*) as failures,
      count(*) != 0 as should_warn,
      count(*) != 0 as should_error
    from (
      
    
  
    
    

select
    article_key as unique_field,
    count(*) as n_records

from "warehouse"."main"."stg_articles"
where article_key is not null
group by article_key
having count(*) > 1



  
  
      
    ) dbt_internal_test
[0m13:14:46.225582 [debug] [Thread-3 (]: Using duckdb connection "test.news_warehouse.not_null_stg_articles_translated_headline.e4edbf669c"
[0m13:14:46.228234 [debug] [Thread-2 (]: On test.news_warehouse.not_null_fct_daily_sentiment_source_name.3bd2b89b77: ROLLBACK
[0m13:14:46.229146 [debug] [Thread-1 (]: SQL status: OK in 0.003 seconds
[0m13:14:46.229908 [debug] [Thread-3 (]: On test.news_warehouse.not_null_stg_articles_translated_headline.e4edbf669c: /* {"app": "dbt", "dbt_version": "1.12.5", "profile_name": "news_warehouse", "target_name": "dev", "node_id": "test.news_warehouse.not_null_stg_articles_translated_headline.e4edbf669c"} */

    
    select
      count(*) as failures,
      count(*) != 0 as should_warn,
      count(*) != 0 as should_error
    from (
      
    
  
    
    



select translated_headline
from "warehouse"."main"."stg_articles"
where translated_headline is null



  
  
      
    ) dbt_internal_test
[0m13:14:46.231075 [debug] [Thread-2 (]: On test.news_warehouse.not_null_fct_daily_sentiment_source_name.3bd2b89b77: Close
[0m13:14:46.233229 [debug] [Thread-1 (]: On test.news_warehouse.not_null_stg_articles_article_key.db8c6d35da: ROLLBACK
[0m13:14:46.233853 [debug] [Thread-4 (]: SQL status: OK in 0.005 seconds
[0m13:14:46.235179 [info ] [Thread-2 (]: 5 of 8 PASS not_null_fct_daily_sentiment_source_name ........................... [[32mPASS[0m in 0.08s]
[0m13:14:46.236389 [debug] [Thread-3 (]: SQL status: OK in 0.002 seconds
[0m13:14:46.237092 [debug] [Thread-1 (]: On test.news_warehouse.not_null_stg_articles_article_key.db8c6d35da: Close
[0m13:14:46.238762 [debug] [Thread-4 (]: On test.news_warehouse.unique_stg_articles_article_key.691d01e603: ROLLBACK
[0m13:14:46.239582 [debug] [Thread-2 (]: Finished running node test.news_warehouse.not_null_fct_daily_sentiment_source_name.3bd2b89b77
[0m13:14:46.241312 [debug] [Thread-3 (]: On test.news_warehouse.not_null_stg_articles_translated_headline.e4edbf669c: ROLLBACK
[0m13:14:46.242166 [info ] [Thread-1 (]: 6 of 8 PASS not_null_stg_articles_article_key .................................. [[32mPASS[0m in 0.09s]
[0m13:14:46.243236 [debug] [Thread-4 (]: On test.news_warehouse.unique_stg_articles_article_key.691d01e603: Close
[0m13:14:46.244219 [debug] [Thread-1 (]: Finished running node test.news_warehouse.not_null_stg_articles_article_key.db8c6d35da
[0m13:14:46.244964 [debug] [Thread-3 (]: On test.news_warehouse.not_null_stg_articles_translated_headline.e4edbf669c: Close
[0m13:14:46.246032 [info ] [Thread-4 (]: 8 of 8 PASS unique_stg_articles_article_key .................................... [[32mPASS[0m in 0.08s]
[0m13:14:46.246895 [info ] [Thread-3 (]: 7 of 8 PASS not_null_stg_articles_translated_headline .......................... [[32mPASS[0m in 0.09s]
[0m13:14:46.247794 [debug] [Thread-4 (]: Finished running node test.news_warehouse.unique_stg_articles_article_key.691d01e603
[0m13:14:46.248635 [debug] [Thread-3 (]: Finished running node test.news_warehouse.not_null_stg_articles_translated_headline.e4edbf669c
[0m13:14:46.250378 [debug] [MainThread]: Using duckdb connection "master"
[0m13:14:46.250903 [debug] [MainThread]: On master: BEGIN
[0m13:14:46.251440 [debug] [MainThread]: Opening a new connection, currently in state closed
[0m13:14:46.252257 [debug] [MainThread]: SQL status: OK in 0.001 seconds
[0m13:14:46.252785 [debug] [MainThread]: On master: COMMIT
[0m13:14:46.253353 [debug] [MainThread]: Using duckdb connection "master"
[0m13:14:46.253842 [debug] [MainThread]: On master: COMMIT
[0m13:14:46.254555 [debug] [MainThread]: SQL status: OK in 0.000 seconds
[0m13:14:46.255110 [debug] [MainThread]: On master: Close
[0m13:14:46.255729 [debug] [MainThread]: Connection 'master' was properly closed.
[0m13:14:46.256256 [debug] [MainThread]: Connection 'test.news_warehouse.not_null_stg_articles_article_key.db8c6d35da' was properly closed.
[0m13:14:46.256738 [debug] [MainThread]: Connection 'test.news_warehouse.not_null_fct_daily_sentiment_source_name.3bd2b89b77' was properly closed.
[0m13:14:46.257273 [debug] [MainThread]: Connection 'test.news_warehouse.not_null_stg_articles_translated_headline.e4edbf669c' was properly closed.
[0m13:14:46.257732 [debug] [MainThread]: Connection 'test.news_warehouse.unique_stg_articles_article_key.691d01e603' was properly closed.
[0m13:14:46.258313 [info ] [MainThread]: 
[0m13:14:46.258851 [info ] [MainThread]: Finished running 8 data tests in 0 hours 0 minutes and 0.32 seconds (0.32s).
[0m13:14:46.260916 [debug] [MainThread]: Command end result
[0m13:14:46.306448 [debug] [MainThread]: Wrote artifact WritableManifest to /home/runner/work/Multilingual-News-Sentiment-Entity-Analysis-Pipeline/Multilingual-News-Sentiment-Entity-Analysis-Pipeline/dbt_project/target/manifest.json
[0m13:14:46.309712 [debug] [MainThread]: Wrote artifact SemanticManifest to /home/runner/work/Multilingual-News-Sentiment-Entity-Analysis-Pipeline/Multilingual-News-Sentiment-Entity-Analysis-Pipeline/dbt_project/target/semantic_manifest.json
[0m13:14:46.312889 [debug] [MainThread]: Wrote artifact OsiDocument to /home/runner/work/Multilingual-News-Sentiment-Entity-Analysis-Pipeline/Multilingual-News-Sentiment-Entity-Analysis-Pipeline/dbt_project/target/osi_document.json
[0m13:14:46.323422 [debug] [MainThread]: Wrote artifact RunExecutionResult to /home/runner/work/Multilingual-News-Sentiment-Entity-Analysis-Pipeline/Multilingual-News-Sentiment-Entity-Analysis-Pipeline/dbt_project/target/run_results.json
[0m13:14:46.324068 [info ] [MainThread]: 
[0m13:14:46.324665 [info ] [MainThread]: [32mCompleted successfully[0m
[0m13:14:46.325222 [info ] [MainThread]: 
[0m13:14:46.325771 [info ] [MainThread]: Done. PASS=8 WARN=0 ERROR=0 SKIP=0 NO-OP=0 REUSED=0 TOTAL=8
[0m13:14:46.326907 [debug] [MainThread]: Resource report: {"command_name": "test", "command_success": true, "command_wall_clock_time": 1.4789363, "process_in_blocks": "0", "process_kernel_time": 0.157777, "process_mem_max_rss": "184760", "process_out_blocks": "2864", "process_user_time": 2.924413}
[0m13:14:46.327601 [debug] [MainThread]: Command `dbt test` succeeded at 13:14:46.327494 after 1.48 seconds
[0m13:14:46.328195 [debug] [MainThread]: Sending event: {'category': 'dbt', 'action': 'invocation', 'label': 'end', 'context': [<snowplow_tracker.self_describing_json.SelfDescribingJson object at 0x7f78702a11b0>, <snowplow_tracker.self_describing_json.SelfDescribingJson object at 0x7f786ec084f0>, <snowplow_tracker.self_describing_json.SelfDescribingJson object at 0x7f7866a2a170>]}
[0m13:14:46.328775 [debug] [MainThread]: Flushing usage events
[0m13:14:46.369252 [debug] [MainThread]: An error was encountered while trying to flush usage events
[0m12:41:23.338688 [debug] [MainThread]: Sending event: {'category': 'dbt', 'action': 'invocation', 'label': 'start', 'context': [<snowplow_tracker.self_describing_json.SelfDescribingJson object at 0x7f823ddb92d0>, <snowplow_tracker.self_describing_json.SelfDescribingJson object at 0x7f823c8836a0>, <snowplow_tracker.self_describing_json.SelfDescribingJson object at 0x7f823c883640>]}


============================== 12:41:23.341560 | b49d007a-1c58-4d4a-b2f1-fc190ce7b9d4 ==============================
[0m12:41:23.341560 [info ] [MainThread]: Running with dbt=1.12.5
[0m12:41:23.342380 [debug] [MainThread]: running dbt with arguments {'invocation_command': 'dbt run --profiles-dir .', 'static_parser': 'True', 'version_check': 'True', 'cache_selected_only': 'False', 'target_path': 'None', 'warn_error_options': 'WarnErrorOptionsV2(error=[], warn=[], silence=[])', 'use_experimental_parser': 'False', 'write_json': 'True', 'quiet': 'False', 'log_cache_events': 'False', 'fail_fast': 'False', 'maximum_seed_size_mib': '1', 'indirect_selection': 'eager', 'no_print': 'None', 'log_format': 'default', 'empty': 'False', 'profiles_dir': '.', 'use_colors': 'True', 'send_anonymous_usage_stats': 'True', 'warn_error': 'None', 'partial_parse': 'True', 'printer_width': '80', 'log_path': '/home/runner/work/Multilingual-News-Sentiment-Entity-Analysis-Pipeline/Multilingual-News-Sentiment-Entity-Analysis-Pipeline/dbt_project/logs', 'introspect': 'True', 'debug': 'False', 'hints_enabled': 'True'}
[0m12:41:23.642779 [debug] [MainThread]: Sending event: {'category': 'dbt', 'action': 'project_id', 'label': 'b49d007a-1c58-4d4a-b2f1-fc190ce7b9d4', 'context': [<snowplow_tracker.self_describing_json.SelfDescribingJson object at 0x7f823c883f10>]}
[0m12:41:23.767918 [debug] [MainThread]: Sending event: {'category': 'dbt', 'action': 'adapter_info', 'label': 'b49d007a-1c58-4d4a-b2f1-fc190ce7b9d4', 'context': [<snowplow_tracker.self_describing_json.SelfDescribingJson object at 0x7f823c7fd1b0>]}
[0m12:41:23.770214 [info ] [MainThread]: Registered adapter: duckdb=1.11.0
[0m12:41:23.853218 [debug] [MainThread]: checksum: b861a166531065e3c88725a98b0b572675172303180a874f2753e38be84b4181, vars: {}, profile: news_warehouse, target: dev, version: 1.12.5
[0m12:41:24.017874 [debug] [MainThread]: Partial parsing enabled: 0 files deleted, 0 files added, 0 files changed.
[0m12:41:24.018495 [debug] [MainThread]: Nothing changed, skipping partial parsing.
[0m12:41:24.018934 [debug] [MainThread]: Partial parsing enabled, no changes found, skipping parsing
[0m12:41:24.030879 [debug] [MainThread]: Sending event: {'category': 'dbt', 'action': 'load_project', 'label': 'b49d007a-1c58-4d4a-b2f1-fc190ce7b9d4', 'context': [<snowplow_tracker.self_describing_json.SelfDescribingJson object at 0x7f82345640d0>]}
[0m12:41:24.219539 [debug] [MainThread]: Wrote artifact WritableManifest to /home/runner/work/Multilingual-News-Sentiment-Entity-Analysis-Pipeline/Multilingual-News-Sentiment-Entity-Analysis-Pipeline/dbt_project/target/manifest.json
[0m12:41:24.222724 [debug] [MainThread]: Wrote artifact SemanticManifest to /home/runner/work/Multilingual-News-Sentiment-Entity-Analysis-Pipeline/Multilingual-News-Sentiment-Entity-Analysis-Pipeline/dbt_project/target/semantic_manifest.json
[0m12:41:24.234560 [debug] [MainThread]: Wrote artifact OsiDocument to /home/runner/work/Multilingual-News-Sentiment-Entity-Analysis-Pipeline/Multilingual-News-Sentiment-Entity-Analysis-Pipeline/dbt_project/target/osi_document.json
[0m12:41:24.252502 [debug] [MainThread]: Sending event: {'category': 'dbt', 'action': 'resource_counts', 'label': 'b49d007a-1c58-4d4a-b2f1-fc190ce7b9d4', 'context': [<snowplow_tracker.self_describing_json.SelfDescribingJson object at 0x7f823452a080>]}
[0m12:41:24.253283 [info ] [MainThread]: Found 7 models, 8 data tests, 5 sources, 500 macros
[0m12:41:24.253820 [debug] [MainThread]: Sending event: {'category': 'dbt', 'action': 'runnable_timing', 'label': 'b49d007a-1c58-4d4a-b2f1-fc190ce7b9d4', 'context': [<snowplow_tracker.self_describing_json.SelfDescribingJson object at 0x7f8234529e10>]}
[0m12:41:24.255861 [info ] [MainThread]: 
[0m12:41:24.256401 [info ] [MainThread]: Concurrency: 4 threads (target='dev')
[0m12:41:24.256840 [info ] [MainThread]: 
[0m12:41:24.257550 [debug] [MainThread]: Acquiring new duckdb connection 'master'
[0m12:41:24.264012 [debug] [ThreadPool]: Acquiring new duckdb connection 'list_warehouse'
[0m12:41:24.296893 [debug] [ThreadPool]: Using duckdb connection "list_warehouse"
[0m12:41:24.297500 [debug] [ThreadPool]: On list_warehouse: /* {"app": "dbt", "dbt_version": "1.12.5", "profile_name": "news_warehouse", "target_name": "dev", "connection_name": "list_warehouse"} */

    
    select schema_name
    from system.information_schema.schemata
    
    where lower(catalog_name) = '"warehouse"'
    
  
  
[0m12:41:24.297945 [debug] [ThreadPool]: Opening a new connection, currently in state init
[0m12:41:24.312480 [debug] [ThreadPool]: SQL status: OK in 0.014 seconds
[0m12:41:24.313974 [debug] [ThreadPool]: On list_warehouse: Close
[0m12:41:24.315263 [debug] [ThreadPool]: Re-using an available connection from the pool (formerly list_warehouse, now create_warehouse_main)
[0m12:41:24.315931 [debug] [ThreadPool]: Creating schema "database: "warehouse"
schema: "main"
"
[0m12:41:24.324103 [debug] [ThreadPool]: Using duckdb connection "create_warehouse_main"
[0m12:41:24.324608 [debug] [ThreadPool]: On create_warehouse_main: /* {"app": "dbt", "dbt_version": "1.12.5", "profile_name": "news_warehouse", "target_name": "dev", "connection_name": "create_warehouse_main"} */

    
        select type from duckdb_databases()
        where lower(database_name)='warehouse'
        and type != 'duckdb'
    
  
[0m12:41:24.325114 [debug] [ThreadPool]: Opening a new connection, currently in state closed
[0m12:41:24.326370 [debug] [ThreadPool]: SQL status: OK in 0.001 seconds
[0m12:41:24.327786 [debug] [ThreadPool]: Using duckdb connection "create_warehouse_main"
[0m12:41:24.328297 [debug] [ThreadPool]: On create_warehouse_main: BEGIN
[0m12:41:24.328952 [debug] [ThreadPool]: SQL status: OK in 0.000 seconds
[0m12:41:24.329432 [debug] [ThreadPool]: Using duckdb connection "create_warehouse_main"
[0m12:41:24.329852 [debug] [ThreadPool]: On create_warehouse_main: /* {"app": "dbt", "dbt_version": "1.12.5", "profile_name": "news_warehouse", "target_name": "dev", "connection_name": "create_warehouse_main"} */

    
    
        create schema if not exists "warehouse"."main"
    
[0m12:41:24.330589 [debug] [ThreadPool]: SQL status: OK in 0.000 seconds
[0m12:41:24.331542 [debug] [ThreadPool]: On create_warehouse_main: COMMIT
[0m12:41:24.332036 [debug] [ThreadPool]: Using duckdb connection "create_warehouse_main"
[0m12:41:24.332468 [debug] [ThreadPool]: On create_warehouse_main: COMMIT
[0m12:41:24.333107 [debug] [ThreadPool]: SQL status: OK in 0.000 seconds
[0m12:41:24.333569 [debug] [ThreadPool]: On create_warehouse_main: Close
[0m12:41:24.335757 [debug] [ThreadPool]: Re-using an available connection from the pool (formerly create_warehouse_main, now list_warehouse_main)
[0m12:41:24.341054 [debug] [ThreadPool]: Using duckdb connection "list_warehouse_main"
[0m12:41:24.341685 [debug] [ThreadPool]: On list_warehouse_main: BEGIN
[0m12:41:24.342155 [debug] [ThreadPool]: Opening a new connection, currently in state closed
[0m12:41:24.342931 [debug] [ThreadPool]: SQL status: OK in 0.001 seconds
[0m12:41:24.343576 [debug] [ThreadPool]: Using duckdb connection "list_warehouse_main"
[0m12:41:24.344054 [debug] [ThreadPool]: On list_warehouse_main: /* {"app": "dbt", "dbt_version": "1.12.5", "profile_name": "news_warehouse", "target_name": "dev", "connection_name": "list_warehouse_main"} */
select
      'warehouse' as database,
      table_name as name,
      table_schema as schema,
      CASE table_type
        WHEN 'BASE TABLE' THEN 'table'
        WHEN 'VIEW' THEN 'view'
        WHEN 'LOCAL TEMPORARY' THEN 'table'
        END as type
    from system.information_schema.tables
    where lower(table_schema) = 'main'
    and lower(table_catalog) = 'warehouse'
  
[0m12:41:24.347867 [debug] [ThreadPool]: SQL status: OK in 0.003 seconds
[0m12:41:24.349463 [debug] [ThreadPool]: On list_warehouse_main: ROLLBACK
[0m12:41:24.350202 [debug] [ThreadPool]: On list_warehouse_main: Close
[0m12:41:24.352632 [debug] [MainThread]: Sending event: {'category': 'dbt', 'action': 'runnable_timing', 'label': 'b49d007a-1c58-4d4a-b2f1-fc190ce7b9d4', 'context': [<snowplow_tracker.self_describing_json.SelfDescribingJson object at 0x7f82345c6500>]}
[0m12:41:24.353300 [debug] [MainThread]: Using duckdb connection "master"
[0m12:41:24.353764 [debug] [MainThread]: On master: BEGIN
[0m12:41:24.354207 [debug] [MainThread]: Opening a new connection, currently in state init
[0m12:41:24.354965 [debug] [MainThread]: SQL status: OK in 0.001 seconds
[0m12:41:24.355444 [debug] [MainThread]: On master: COMMIT
[0m12:41:24.355876 [debug] [MainThread]: Using duckdb connection "master"
[0m12:41:24.356304 [debug] [MainThread]: On master: COMMIT
[0m12:41:24.356924 [debug] [MainThread]: SQL status: OK in 0.000 seconds
[0m12:41:24.357417 [debug] [MainThread]: On master: Close
[0m12:41:24.363335 [debug] [Thread-1 (]: Began running node model.news_warehouse.dim_entity_summary
[0m12:41:24.363947 [debug] [Thread-2 (]: Began running node model.news_warehouse.stg_articles
[0m12:41:24.364654 [debug] [Thread-3 (]: Began running node model.news_warehouse.stg_entities
[0m12:41:24.365820 [debug] [Thread-4 (]: Began running node model.news_warehouse.stg_headlines
[0m12:41:24.365371 [info ] [Thread-1 (]: 1 of 7 START sql table model main.dim_entity_summary ........................... [RUN]
[0m12:41:24.366693 [info ] [Thread-2 (]: 2 of 7 START sql view model main.stg_articles .................................. [RUN]
[0m12:41:24.367662 [info ] [Thread-3 (]: 3 of 7 START sql view model main.stg_entities .................................. [RUN]
[0m12:41:24.368418 [info ] [Thread-4 (]: 4 of 7 START sql view model main.stg_headlines ................................. [RUN]
[0m12:41:24.369196 [debug] [Thread-1 (]: Re-using an available connection from the pool (formerly list_warehouse_main, now model.news_warehouse.dim_entity_summary)
[0m12:41:24.369938 [debug] [Thread-2 (]: Acquiring new duckdb connection 'model.news_warehouse.stg_articles'
[0m12:41:24.370679 [debug] [Thread-3 (]: Acquiring new duckdb connection 'model.news_warehouse.stg_entities'
[0m12:41:24.371415 [debug] [Thread-4 (]: Acquiring new duckdb connection 'model.news_warehouse.stg_headlines'
[0m12:41:24.372018 [debug] [Thread-1 (]: Began compiling node model.news_warehouse.dim_entity_summary
[0m12:41:24.372593 [debug] [Thread-2 (]: Began compiling node model.news_warehouse.stg_articles
[0m12:41:24.373168 [debug] [Thread-3 (]: Began compiling node model.news_warehouse.stg_entities
[0m12:41:24.373711 [debug] [Thread-4 (]: Began compiling node model.news_warehouse.stg_headlines
[0m12:41:24.380884 [debug] [Thread-1 (]: Writing injected SQL for node "model.news_warehouse.dim_entity_summary"
[0m12:41:24.383202 [debug] [Thread-2 (]: Writing injected SQL for node "model.news_warehouse.stg_articles"
[0m12:41:24.385786 [debug] [Thread-3 (]: Writing injected SQL for node "model.news_warehouse.stg_entities"
[0m12:41:24.388779 [debug] [Thread-4 (]: Writing injected SQL for node "model.news_warehouse.stg_headlines"
[0m12:41:24.390035 [debug] [Thread-1 (]: Began executing node model.news_warehouse.dim_entity_summary
[0m12:41:24.395798 [debug] [Thread-3 (]: Began executing node model.news_warehouse.stg_entities
[0m12:41:24.411837 [debug] [Thread-2 (]: Began executing node model.news_warehouse.stg_articles
[0m12:41:24.422730 [debug] [Thread-4 (]: Began executing node model.news_warehouse.stg_headlines
[0m12:41:24.456288 [debug] [Thread-3 (]: Writing runtime sql for node "model.news_warehouse.stg_entities"
[0m12:41:24.459095 [debug] [Thread-2 (]: Writing runtime sql for node "model.news_warehouse.stg_articles"
[0m12:41:24.468453 [debug] [Thread-4 (]: Writing runtime sql for node "model.news_warehouse.stg_headlines"
[0m12:41:24.485955 [debug] [Thread-2 (]: Using duckdb connection "model.news_warehouse.stg_articles"
[0m12:41:24.486561 [debug] [Thread-2 (]: On model.news_warehouse.stg_articles: BEGIN
[0m12:41:24.487174 [debug] [Thread-2 (]: Opening a new connection, currently in state init
[0m12:41:24.487767 [debug] [Thread-3 (]: Using duckdb connection "model.news_warehouse.stg_entities"
[0m12:41:24.484779 [debug] [Thread-1 (]: Writing runtime sql for node "model.news_warehouse.dim_entity_summary"
[0m12:41:24.488580 [debug] [Thread-4 (]: Using duckdb connection "model.news_warehouse.stg_headlines"
[0m12:41:24.489429 [debug] [Thread-3 (]: On model.news_warehouse.stg_entities: BEGIN
[0m12:41:24.490153 [debug] [Thread-2 (]: SQL status: OK in 0.003 seconds
[0m12:41:24.490726 [debug] [Thread-4 (]: On model.news_warehouse.stg_headlines: BEGIN
[0m12:41:24.491386 [debug] [Thread-1 (]: Using duckdb connection "model.news_warehouse.dim_entity_summary"
[0m12:41:24.491921 [debug] [Thread-3 (]: Opening a new connection, currently in state init
[0m12:41:24.492497 [debug] [Thread-2 (]: Using duckdb connection "model.news_warehouse.stg_articles"
[0m12:41:24.493061 [debug] [Thread-4 (]: Opening a new connection, currently in state init
[0m12:41:24.493612 [debug] [Thread-1 (]: On model.news_warehouse.dim_entity_summary: BEGIN
[0m12:41:24.494477 [debug] [Thread-2 (]: On model.news_warehouse.stg_articles: /* {"app": "dbt", "dbt_version": "1.12.5", "profile_name": "news_warehouse", "target_name": "dev", "node_id": "model.news_warehouse.stg_articles"} */

  
  create view "warehouse"."main"."stg_articles__dbt_tmp" as (
    -- stg_articles.sql
-- Staging model: joins fact_articles with dimension tables to produce
-- a clean, denormalized view of all articles for downstream analytics.



SELECT
    fa.article_key,
    fa.original_headline,
    fa.translated_headline,
    fa.polarity,
    fa.sentiment_label,

    -- Source dimension
    ds.source_name,
    ds.language_code,
    ds.region,
    ds.base_url,

    -- Date dimension
    dd.full_date       AS scrape_date,
    dd.day,
    dd.month,
    dd.year,
    dd.day_of_week,
    dd.week_of_year,
    dd.quarter,
    dd.is_weekend,

    -- Computed fields
    LENGTH(fa.translated_headline) AS headline_length,
    CASE
        WHEN fa.polarity > 0.05  THEN 'positive'
        WHEN fa.polarity < -0.05 THEN 'negative'
        ELSE 'neutral'
    END AS polarity_bucket

FROM fact_articles fa
LEFT JOIN dim_source ds ON fa.source_key = ds.source_key
LEFT JOIN dim_date dd   ON fa.date_key = dd.date_key
  );

[0m12:41:24.495332 [debug] [Thread-3 (]: SQL status: OK in 0.003 seconds
[0m12:41:24.495917 [debug] [Thread-1 (]: Opening a new connection, currently in state closed
[0m12:41:24.496553 [debug] [Thread-4 (]: SQL status: OK in 0.003 seconds
[0m12:41:24.497343 [debug] [Thread-3 (]: Using duckdb connection "model.news_warehouse.stg_entities"
[0m12:41:24.498181 [debug] [Thread-2 (]: SQL status: OK in 0.001 seconds
[0m12:41:24.498791 [debug] [Thread-4 (]: Using duckdb connection "model.news_warehouse.stg_headlines"
[0m12:41:24.499430 [debug] [Thread-3 (]: On model.news_warehouse.stg_entities: /* {"app": "dbt", "dbt_version": "1.12.5", "profile_name": "news_warehouse", "target_name": "dev", "node_id": "model.news_warehouse.stg_entities"} */

  
  create view "warehouse"."main"."stg_entities__dbt_tmp" as (
    -- stg_entities.sql
-- Mapping dim_entity and bridge_article_entity back to the 'stg_entities' expected by entity_trend.sql



SELECT
    de.entity_text as Entity_Name,
    de.entity_label as Entity_Label,
    bae.article_key as Headline_ID
FROM "warehouse"."main"."dim_entity" de
JOIN "warehouse"."main"."bridge_article_entity" bae ON de.entity_key = bae.entity_key
  );

[0m12:41:24.499978 [debug] [Thread-1 (]: SQL status: OK in 0.004 seconds
[0m12:41:24.506252 [debug] [Thread-2 (]: Using duckdb connection "model.news_warehouse.stg_articles"
[0m12:41:24.506883 [debug] [Thread-4 (]: On model.news_warehouse.stg_headlines: /* {"app": "dbt", "dbt_version": "1.12.5", "profile_name": "news_warehouse", "target_name": "dev", "node_id": "model.news_warehouse.stg_headlines"} */

  
  create view "warehouse"."main"."stg_headlines__dbt_tmp" as (
    -- stg_headlines.sql
-- Mapping fact_articles to the 'stg_headlines' expected by marks/entity_trend.sql



SELECT
    fa.article_key as Headline_ID,
    ds.source_name as Source_Name,
    fa.translated_headline,
    fa.polarity,
    fa.sentiment_label,
    dd.full_date as Date_Extracted
FROM "warehouse"."main"."fact_articles" fa
JOIN "warehouse"."main"."dim_date" dd ON fa.date_key = dd.date_key
JOIN "warehouse"."main"."dim_source" ds ON fa.source_key = ds.source_key
  );

[0m12:41:24.507715 [debug] [Thread-1 (]: Using duckdb connection "model.news_warehouse.dim_entity_summary"
[0m12:41:24.508396 [debug] [Thread-2 (]: On model.news_warehouse.stg_articles: /* {"app": "dbt", "dbt_version": "1.12.5", "profile_name": "news_warehouse", "target_name": "dev", "node_id": "model.news_warehouse.stg_articles"} */
alter view "warehouse"."main"."stg_articles" rename to "stg_articles__dbt_backup"
[0m12:41:24.508994 [debug] [Thread-3 (]: SQL status: OK in 0.001 seconds
[0m12:41:24.509726 [debug] [Thread-1 (]: On model.news_warehouse.dim_entity_summary: /* {"app": "dbt", "dbt_version": "1.12.5", "profile_name": "news_warehouse", "target_name": "dev", "node_id": "model.news_warehouse.dim_entity_summary"} */

    

    create  table
      "warehouse"."main"."dim_entity_summary__dbt_tmp"
  
    
    as (
      -- dim_entity_summary.sql
-- Mart model: entity frequency analysis with sentiment correlation.
-- Shows which entities appear most and their average sentiment context.



WITH entity_articles AS (
    SELECT
        de.entity_key,
        de.entity_text,
        de.entity_label,
        fa.article_key,
        fa.polarity,
        fa.sentiment_label,
        ds.source_name,
        dd.full_date AS scrape_date
    FROM bridge_article_entity bae
    JOIN dim_entity de       ON bae.entity_key = de.entity_key
    JOIN fact_articles fa     ON bae.article_key = fa.article_key
    LEFT JOIN dim_source ds   ON fa.source_key = ds.source_key
    LEFT JOIN dim_date dd     ON fa.date_key = dd.date_key
)

SELECT
    entity_text,
    entity_label,

    -- Frequency
    COUNT(DISTINCT article_key)                  AS article_count,
    COUNT(DISTINCT source_name)                  AS source_count,
    COUNT(DISTINCT scrape_date)                  AS days_active,

    -- Sentiment correlation
    ROUND(AVG(polarity), 4)                      AS avg_polarity,
    ROUND(STDDEV(polarity), 4)                   AS stddev_polarity,

    -- Sentiment distribution
    COUNT(CASE WHEN polarity > 0.05  THEN 1 END) AS positive_mentions,
    COUNT(CASE WHEN polarity < -0.05 THEN 1 END) AS negative_mentions,
    COUNT(CASE WHEN polarity BETWEEN -0.05 AND 0.05 THEN 1 END) AS neutral_mentions,

    -- Source spread
    LISTAGG(DISTINCT source_name, ', ')           AS mentioned_in_sources,

    -- Recency
    MAX(scrape_date)                              AS last_seen,
    MIN(scrape_date)                              AS first_seen

FROM entity_articles
GROUP BY entity_text, entity_label
HAVING COUNT(DISTINCT article_key) >= 2
ORDER BY article_count DESC
    );
    
  
[0m12:41:24.510748 [debug] [Thread-4 (]: SQL status: OK in 0.001 seconds
[0m12:41:24.513733 [debug] [Thread-3 (]: Using duckdb connection "model.news_warehouse.stg_entities"
[0m12:41:24.514319 [debug] [Thread-2 (]: SQL status: OK in 0.004 seconds
[0m12:41:24.517868 [debug] [Thread-4 (]: Using duckdb connection "model.news_warehouse.stg_headlines"
[0m12:41:24.520234 [debug] [Thread-3 (]: On model.news_warehouse.stg_entities: /* {"app": "dbt", "dbt_version": "1.12.5", "profile_name": "news_warehouse", "target_name": "dev", "node_id": "model.news_warehouse.stg_entities"} */
alter view "warehouse"."main"."stg_entities" rename to "stg_entities__dbt_backup"
[0m12:41:24.523048 [debug] [Thread-2 (]: Using duckdb connection "model.news_warehouse.stg_articles"
[0m12:41:24.525431 [debug] [Thread-2 (]: On model.news_warehouse.stg_articles: /* {"app": "dbt", "dbt_version": "1.12.5", "profile_name": "news_warehouse", "target_name": "dev", "node_id": "model.news_warehouse.stg_articles"} */
alter view "warehouse"."main"."stg_articles__dbt_tmp" rename to "stg_articles"
[0m12:41:24.526383 [debug] [Thread-2 (]: SQL status: OK in 0.000 seconds
[0m12:41:24.524885 [debug] [Thread-3 (]: SQL status: OK in 0.001 seconds
[0m12:41:24.523681 [debug] [Thread-4 (]: On model.news_warehouse.stg_headlines: /* {"app": "dbt", "dbt_version": "1.12.5", "profile_name": "news_warehouse", "target_name": "dev", "node_id": "model.news_warehouse.stg_headlines"} */
alter view "warehouse"."main"."stg_headlines" rename to "stg_headlines__dbt_backup"
[0m12:41:24.542184 [debug] [Thread-2 (]: On model.news_warehouse.stg_articles: COMMIT
[0m12:41:24.544931 [debug] [Thread-3 (]: Using duckdb connection "model.news_warehouse.stg_entities"
[0m12:41:24.545857 [debug] [Thread-2 (]: Using duckdb connection "model.news_warehouse.stg_articles"
[0m12:41:24.546551 [debug] [Thread-4 (]: SQL status: OK in 0.001 seconds
[0m12:41:24.550299 [debug] [Thread-4 (]: Using duckdb connection "model.news_warehouse.stg_headlines"
[0m12:41:24.547703 [debug] [Thread-2 (]: On model.news_warehouse.stg_articles: COMMIT
[0m12:41:24.547113 [debug] [Thread-3 (]: On model.news_warehouse.stg_entities: /* {"app": "dbt", "dbt_version": "1.12.5", "profile_name": "news_warehouse", "target_name": "dev", "node_id": "model.news_warehouse.stg_entities"} */
alter view "warehouse"."main"."stg_entities__dbt_tmp" rename to "stg_entities"
[0m12:41:24.550881 [debug] [Thread-4 (]: On model.news_warehouse.stg_headlines: /* {"app": "dbt", "dbt_version": "1.12.5", "profile_name": "news_warehouse", "target_name": "dev", "node_id": "model.news_warehouse.stg_headlines"} */
alter view "warehouse"."main"."stg_headlines__dbt_tmp" rename to "stg_headlines"
[0m12:41:24.552551 [debug] [Thread-3 (]: SQL status: OK in 0.001 seconds
[0m12:41:24.555864 [debug] [Thread-3 (]: On model.news_warehouse.stg_entities: COMMIT
[0m12:41:24.556545 [debug] [Thread-3 (]: Using duckdb connection "model.news_warehouse.stg_entities"
[0m12:41:24.557162 [debug] [Thread-3 (]: On model.news_warehouse.stg_entities: COMMIT
[0m12:41:24.557791 [debug] [Thread-2 (]: SQL status: OK in 0.006 seconds
[0m12:41:24.563696 [debug] [Thread-4 (]: SQL status: OK in 0.011 seconds
[0m12:41:24.564263 [debug] [Thread-2 (]: Using duckdb connection "model.news_warehouse.stg_articles"
[0m12:41:24.567878 [debug] [Thread-2 (]: On model.news_warehouse.stg_articles: /* {"app": "dbt", "dbt_version": "1.12.5", "profile_name": "news_warehouse", "target_name": "dev", "node_id": "model.news_warehouse.stg_articles"} */

      drop view if exists "warehouse"."main"."stg_articles__dbt_backup" cascade
    
[0m12:41:24.567223 [debug] [Thread-4 (]: On model.news_warehouse.stg_headlines: COMMIT
[0m12:41:24.564816 [debug] [Thread-3 (]: SQL status: OK in 0.006 seconds
[0m12:41:24.568932 [debug] [Thread-4 (]: Using duckdb connection "model.news_warehouse.stg_headlines"
[0m12:41:24.569624 [debug] [Thread-2 (]: SQL status: OK in 0.001 seconds
[0m12:41:24.572592 [debug] [Thread-3 (]: Using duckdb connection "model.news_warehouse.stg_entities"
[0m12:41:24.573202 [debug] [Thread-4 (]: On model.news_warehouse.stg_headlines: COMMIT
[0m12:41:24.576088 [debug] [Thread-2 (]: On model.news_warehouse.stg_articles: Close
[0m12:41:24.576725 [debug] [Thread-3 (]: On model.news_warehouse.stg_entities: /* {"app": "dbt", "dbt_version": "1.12.5", "profile_name": "news_warehouse", "target_name": "dev", "node_id": "model.news_warehouse.stg_entities"} */

      drop view if exists "warehouse"."main"."stg_entities__dbt_backup" cascade
    
[0m12:41:24.578122 [debug] [Thread-4 (]: SQL status: OK in 0.001 seconds
[0m12:41:24.580618 [debug] [Thread-3 (]: SQL status: OK in 0.001 seconds
[0m12:41:24.582818 [debug] [Thread-4 (]: Using duckdb connection "model.news_warehouse.stg_headlines"
[0m12:41:24.584426 [debug] [Thread-3 (]: On model.news_warehouse.stg_entities: Close
[0m12:41:24.585107 [debug] [Thread-2 (]: Sending event: {'category': 'dbt', 'action': 'run_model', 'label': 'b49d007a-1c58-4d4a-b2f1-fc190ce7b9d4', 'context': [<snowplow_tracker.self_describing_json.SelfDescribingJson object at 0x7f8234400a30>]}
[0m12:41:24.585685 [debug] [Thread-4 (]: On model.news_warehouse.stg_headlines: /* {"app": "dbt", "dbt_version": "1.12.5", "profile_name": "news_warehouse", "target_name": "dev", "node_id": "model.news_warehouse.stg_headlines"} */

      drop view if exists "warehouse"."main"."stg_headlines__dbt_backup" cascade
    
[0m12:41:24.586580 [debug] [Thread-3 (]: Sending event: {'category': 'dbt', 'action': 'run_model', 'label': 'b49d007a-1c58-4d4a-b2f1-fc190ce7b9d4', 'context': [<snowplow_tracker.self_describing_json.SelfDescribingJson object at 0x7f82346dc520>]}
[0m12:41:24.587461 [info ] [Thread-2 (]: 2 of 7 OK created sql view model main.stg_articles ............................. [[32mOK[0m in 0.21s]
[0m12:41:24.589892 [debug] [Thread-4 (]: SQL status: OK in 0.001 seconds
[0m12:41:24.590777 [info ] [Thread-3 (]: 3 of 7 OK created sql view model main.stg_entities ............................. [[32mOK[0m in 0.22s]
[0m12:41:24.591642 [debug] [Thread-2 (]: Finished running node model.news_warehouse.stg_articles
[0m12:41:24.593182 [debug] [Thread-4 (]: On model.news_warehouse.stg_headlines: Close
[0m12:41:24.593976 [debug] [Thread-3 (]: Finished running node model.news_warehouse.stg_entities
[0m12:41:24.595008 [debug] [Thread-2 (]: Began running node model.news_warehouse.fct_daily_sentiment
[0m12:41:24.595860 [debug] [Thread-4 (]: Sending event: {'category': 'dbt', 'action': 'run_model', 'label': 'b49d007a-1c58-4d4a-b2f1-fc190ce7b9d4', 'context': [<snowplow_tracker.self_describing_json.SelfDescribingJson object at 0x7f82346b4be0>]}
[0m12:41:24.596928 [info ] [Thread-2 (]: 5 of 7 START sql table model main.fct_daily_sentiment .......................... [RUN]
[0m12:41:24.600424 [debug] [Thread-2 (]: Re-using an available connection from the pool (formerly model.news_warehouse.stg_articles, now model.news_warehouse.fct_daily_sentiment)
[0m12:41:24.601367 [debug] [Thread-2 (]: Began compiling node model.news_warehouse.fct_daily_sentiment
[0m12:41:24.597989 [info ] [Thread-4 (]: 4 of 7 OK created sql view model main.stg_headlines ............................ [[32mOK[0m in 0.22s]
[0m12:41:24.608659 [debug] [Thread-4 (]: Finished running node model.news_warehouse.stg_headlines
[0m12:41:24.609940 [debug] [Thread-3 (]: Began running node model.news_warehouse.entity_trend
[0m12:41:24.610887 [debug] [Thread-4 (]: Began running node model.news_warehouse.weekly_source_comparison
[0m12:41:24.613066 [debug] [Thread-2 (]: Writing injected SQL for node "model.news_warehouse.fct_daily_sentiment"
[0m12:41:24.614252 [info ] [Thread-3 (]: 6 of 7 START sql table model main.entity_trend ................................. [RUN]
[0m12:41:24.615503 [info ] [Thread-4 (]: 7 of 7 START sql table model main.weekly_source_comparison ..................... [RUN]
[0m12:41:24.616831 [debug] [Thread-3 (]: Re-using an available connection from the pool (formerly model.news_warehouse.stg_entities, now model.news_warehouse.entity_trend)
[0m12:41:24.617805 [debug] [Thread-4 (]: Re-using an available connection from the pool (formerly model.news_warehouse.stg_headlines, now model.news_warehouse.weekly_source_comparison)
[0m12:41:24.618699 [debug] [Thread-3 (]: Began compiling node model.news_warehouse.entity_trend
[0m12:41:24.619386 [debug] [Thread-2 (]: Began executing node model.news_warehouse.fct_daily_sentiment
[0m12:41:24.620295 [debug] [Thread-4 (]: Began compiling node model.news_warehouse.weekly_source_comparison
[0m12:41:24.623406 [debug] [Thread-3 (]: Writing injected SQL for node "model.news_warehouse.entity_trend"
[0m12:41:24.627676 [debug] [Thread-2 (]: Writing runtime sql for node "model.news_warehouse.fct_daily_sentiment"
[0m12:41:24.628306 [debug] [Thread-1 (]: SQL status: OK in 0.113 seconds
[0m12:41:24.630630 [debug] [Thread-4 (]: Writing injected SQL for node "model.news_warehouse.weekly_source_comparison"
[0m12:41:24.636037 [debug] [Thread-1 (]: Using duckdb connection "model.news_warehouse.dim_entity_summary"
[0m12:41:24.636971 [debug] [Thread-1 (]: On model.news_warehouse.dim_entity_summary: /* {"app": "dbt", "dbt_version": "1.12.5", "profile_name": "news_warehouse", "target_name": "dev", "node_id": "model.news_warehouse.dim_entity_summary"} */

    SELECT index_name
    FROM duckdb_indexes()
    WHERE database_name = 'warehouse'
      AND schema_name = 'main'
      AND table_name = 'dim_entity_summary'
  
[0m12:41:24.637741 [debug] [Thread-2 (]: Using duckdb connection "model.news_warehouse.fct_daily_sentiment"
[0m12:41:24.638486 [debug] [Thread-4 (]: Began executing node model.news_warehouse.weekly_source_comparison
[0m12:41:24.639139 [debug] [Thread-2 (]: On model.news_warehouse.fct_daily_sentiment: BEGIN
[0m12:41:24.639689 [debug] [Thread-3 (]: Began executing node model.news_warehouse.entity_trend
[0m12:41:24.640324 [debug] [Thread-1 (]: SQL status: OK in 0.002 seconds
[0m12:41:24.644379 [debug] [Thread-4 (]: Writing runtime sql for node "model.news_warehouse.weekly_source_comparison"
[0m12:41:24.644966 [debug] [Thread-2 (]: Opening a new connection, currently in state closed
[0m12:41:24.648961 [debug] [Thread-3 (]: Writing runtime sql for node "model.news_warehouse.entity_trend"
[0m12:41:24.652311 [debug] [Thread-1 (]: Using duckdb connection "model.news_warehouse.dim_entity_summary"
[0m12:41:24.653034 [debug] [Thread-2 (]: SQL status: OK in 0.008 seconds
[0m12:41:24.653643 [debug] [Thread-4 (]: Using duckdb connection "model.news_warehouse.weekly_source_comparison"
[0m12:41:24.654252 [debug] [Thread-1 (]: On model.news_warehouse.dim_entity_summary: /* {"app": "dbt", "dbt_version": "1.12.5", "profile_name": "news_warehouse", "target_name": "dev", "node_id": "model.news_warehouse.dim_entity_summary"} */
alter table "warehouse"."main"."dim_entity_summary" rename to "dim_entity_summary__dbt_backup"
[0m12:41:24.654880 [debug] [Thread-2 (]: Using duckdb connection "model.news_warehouse.fct_daily_sentiment"
[0m12:41:24.655497 [debug] [Thread-3 (]: Using duckdb connection "model.news_warehouse.entity_trend"
[0m12:41:24.656082 [debug] [Thread-4 (]: On model.news_warehouse.weekly_source_comparison: BEGIN
[0m12:41:24.656827 [debug] [Thread-2 (]: On model.news_warehouse.fct_daily_sentiment: /* {"app": "dbt", "dbt_version": "1.12.5", "profile_name": "news_warehouse", "target_name": "dev", "node_id": "model.news_warehouse.fct_daily_sentiment"} */

    

    create  table
      "warehouse"."main"."fct_daily_sentiment__dbt_tmp"
  
    
    as (
      -- fct_daily_sentiment.sql
-- Mart model: daily sentiment aggregation by source.
-- Powers the dashboard trend charts and weekly/monthly reports.



SELECT
    sa.scrape_date,
    sa.source_name,
    sa.region,
    sa.language_code,

    -- Measures
    COUNT(*)                                    AS headline_count,
    ROUND(AVG(sa.polarity), 4)                  AS avg_polarity,
    ROUND(STDDEV(sa.polarity), 4)               AS stddev_polarity,
    ROUND(MEDIAN(sa.polarity), 4)               AS median_polarity,
    MIN(sa.polarity)                            AS min_polarity,
    MAX(sa.polarity)                            AS max_polarity,

    -- Sentiment distribution
    COUNT(CASE WHEN sa.polarity_bucket = 'positive' THEN 1 END) AS positive_count,
    COUNT(CASE WHEN sa.polarity_bucket = 'neutral'  THEN 1 END) AS neutral_count,
    COUNT(CASE WHEN sa.polarity_bucket = 'negative' THEN 1 END) AS negative_count,

    -- Percentages
    ROUND(COUNT(CASE WHEN sa.polarity_bucket = 'positive' THEN 1 END) * 100.0 / COUNT(*), 1) AS positive_pct,
    ROUND(COUNT(CASE WHEN sa.polarity_bucket = 'negative' THEN 1 END) * 100.0 / COUNT(*), 1) AS negative_pct,

    -- Date dimensions
    sa.day_of_week,
    sa.week_of_year,
    sa.month,
    sa.year,
    sa.quarter,
    sa.is_weekend

FROM "warehouse"."main"."stg_articles" sa
WHERE sa.scrape_date IS NOT NULL
GROUP BY
    sa.scrape_date, sa.source_name, sa.region, sa.language_code,
    sa.day_of_week, sa.week_of_year, sa.month, sa.year, sa.quarter, sa.is_weekend
ORDER BY sa.scrape_date DESC, sa.source_name
    );
    
  
[0m12:41:24.657544 [debug] [Thread-3 (]: On model.news_warehouse.entity_trend: BEGIN
[0m12:41:24.658153 [debug] [Thread-4 (]: Opening a new connection, currently in state closed
[0m12:41:24.658706 [debug] [Thread-1 (]: SQL status: OK in 0.002 seconds
[0m12:41:24.659540 [debug] [Thread-3 (]: Opening a new connection, currently in state closed
[0m12:41:24.662816 [debug] [Thread-1 (]: Using duckdb connection "model.news_warehouse.dim_entity_summary"
[0m12:41:24.664009 [debug] [Thread-1 (]: On model.news_warehouse.dim_entity_summary: /* {"app": "dbt", "dbt_version": "1.12.5", "profile_name": "news_warehouse", "target_name": "dev", "node_id": "model.news_warehouse.dim_entity_summary"} */
alter table "warehouse"."main"."dim_entity_summary__dbt_tmp" rename to "dim_entity_summary"
[0m12:41:24.664958 [debug] [Thread-4 (]: SQL status: OK in 0.007 seconds
[0m12:41:24.665679 [debug] [Thread-3 (]: SQL status: OK in 0.006 seconds
[0m12:41:24.666399 [debug] [Thread-4 (]: Using duckdb connection "model.news_warehouse.weekly_source_comparison"
[0m12:41:24.667013 [debug] [Thread-1 (]: SQL status: OK in 0.001 seconds
[0m12:41:24.667955 [debug] [Thread-3 (]: Using duckdb connection "model.news_warehouse.entity_trend"
[0m12:41:24.668881 [debug] [Thread-4 (]: On model.news_warehouse.weekly_source_comparison: /* {"app": "dbt", "dbt_version": "1.12.5", "profile_name": "news_warehouse", "target_name": "dev", "node_id": "model.news_warehouse.weekly_source_comparison"} */

    

    create  table
      "warehouse"."main"."weekly_source_comparison__dbt_tmp"
  
    
    as (
      

WITH weekly_stats AS (
    SELECT
        Source_Name,
        DATE_TRUNC('week', CAST(Date_Extracted AS DATE)) AS week_start,
        COUNT(*) as headline_count,
        AVG(Polarity) as avg_sentiment
    FROM "warehouse"."main"."stg_headlines"
    GROUP BY Source_Name, DATE_TRUNC('week', CAST(Date_Extracted AS DATE))
)

SELECT
    curr.Source_Name,
    curr.week_start,
    curr.headline_count,
    curr.avg_sentiment as current_sentiment,
    prev.avg_sentiment as previous_sentiment,
    (curr.avg_sentiment - prev.avg_sentiment) as sentiment_shift
FROM weekly_stats curr
LEFT JOIN weekly_stats prev 
    ON curr.Source_Name = prev.Source_Name
    AND curr.week_start = prev.week_start + INTERVAL 7 DAY
ORDER BY curr.week_start DESC, curr.Source_Name
    );
    
  
[0m12:41:24.675950 [debug] [Thread-1 (]: On model.news_warehouse.dim_entity_summary: COMMIT
[0m12:41:24.676588 [debug] [Thread-3 (]: On model.news_warehouse.entity_trend: /* {"app": "dbt", "dbt_version": "1.12.5", "profile_name": "news_warehouse", "target_name": "dev", "node_id": "model.news_warehouse.entity_trend"} */

    

    create  table
      "warehouse"."main"."entity_trend__dbt_tmp"
  
    
    as (
      

WITH entity_weekly AS (
    SELECT
        e.Entity_Name,
        e.Entity_Label,
        DATE_TRUNC('week', CAST(h.Date_Extracted AS DATE)) AS week_start,
        COUNT(*) as mention_count
    FROM "warehouse"."main"."stg_entities" e
    JOIN "warehouse"."main"."stg_headlines" h ON e.Headline_ID = h.Headline_ID
    GROUP BY e.Entity_Name, e.Entity_Label, DATE_TRUNC('week', CAST(h.Date_Extracted AS DATE))
)

SELECT
    curr.Entity_Name,
    curr.Entity_Label,
    curr.week_start,
    curr.mention_count as current_mentions,
    COALESCE(prev.mention_count, 0) as previous_mentions,
    (curr.mention_count - COALESCE(prev.mention_count, 0)) as mention_diff
FROM entity_weekly curr
LEFT JOIN entity_weekly prev 
    ON curr.Entity_Name = prev.Entity_Name
    AND curr.week_start = prev.week_start + INTERVAL 7 DAY
ORDER BY curr.week_start DESC, curr.mention_count DESC
    );
    
  
[0m12:41:24.677219 [debug] [Thread-2 (]: SQL status: OK in 0.018 seconds
[0m12:41:24.678129 [debug] [Thread-1 (]: Using duckdb connection "model.news_warehouse.dim_entity_summary"
[0m12:41:24.680437 [debug] [Thread-2 (]: Using duckdb connection "model.news_warehouse.fct_daily_sentiment"
[0m12:41:24.682403 [debug] [Thread-1 (]: On model.news_warehouse.dim_entity_summary: COMMIT
[0m12:41:24.683213 [debug] [Thread-2 (]: On model.news_warehouse.fct_daily_sentiment: /* {"app": "dbt", "dbt_version": "1.12.5", "profile_name": "news_warehouse", "target_name": "dev", "node_id": "model.news_warehouse.fct_daily_sentiment"} */

    SELECT index_name
    FROM duckdb_indexes()
    WHERE database_name = 'warehouse'
      AND schema_name = 'main'
      AND table_name = 'fct_daily_sentiment'
  
[0m12:41:24.684699 [debug] [Thread-4 (]: SQL status: OK in 0.007 seconds
[0m12:41:24.688584 [debug] [Thread-4 (]: Using duckdb connection "model.news_warehouse.weekly_source_comparison"
[0m12:41:24.689201 [debug] [Thread-2 (]: SQL status: OK in 0.002 seconds
[0m12:41:24.689953 [debug] [Thread-1 (]: SQL status: OK in 0.005 seconds
[0m12:41:24.690571 [debug] [Thread-4 (]: On model.news_warehouse.weekly_source_comparison: /* {"app": "dbt", "dbt_version": "1.12.5", "profile_name": "news_warehouse", "target_name": "dev", "node_id": "model.news_warehouse.weekly_source_comparison"} */

    SELECT index_name
    FROM duckdb_indexes()
    WHERE database_name = 'warehouse'
      AND schema_name = 'main'
      AND table_name = 'weekly_source_comparison'
  
[0m12:41:24.692834 [debug] [Thread-1 (]: Using duckdb connection "model.news_warehouse.dim_entity_summary"
[0m12:41:24.695424 [debug] [Thread-2 (]: Using duckdb connection "model.news_warehouse.fct_daily_sentiment"
[0m12:41:24.696240 [debug] [Thread-1 (]: On model.news_warehouse.dim_entity_summary: /* {"app": "dbt", "dbt_version": "1.12.5", "profile_name": "news_warehouse", "target_name": "dev", "node_id": "model.news_warehouse.dim_entity_summary"} */

      drop table if exists "warehouse"."main"."dim_entity_summary__dbt_backup" cascade
    
[0m12:41:24.697926 [debug] [Thread-4 (]: SQL status: OK in 0.002 seconds
[0m12:41:24.697124 [debug] [Thread-2 (]: On model.news_warehouse.fct_daily_sentiment: /* {"app": "dbt", "dbt_version": "1.12.5", "profile_name": "news_warehouse", "target_name": "dev", "node_id": "model.news_warehouse.fct_daily_sentiment"} */
alter table "warehouse"."main"."fct_daily_sentiment" rename to "fct_daily_sentiment__dbt_backup"
[0m12:41:24.702002 [debug] [Thread-4 (]: Using duckdb connection "model.news_warehouse.weekly_source_comparison"
[0m12:41:24.703049 [debug] [Thread-1 (]: SQL status: OK in 0.004 seconds
[0m12:41:24.704090 [debug] [Thread-2 (]: SQL status: OK in 0.000 seconds
[0m12:41:24.704649 [debug] [Thread-4 (]: On model.news_warehouse.weekly_source_comparison: /* {"app": "dbt", "dbt_version": "1.12.5", "profile_name": "news_warehouse", "target_name": "dev", "node_id": "model.news_warehouse.weekly_source_comparison"} */
alter table "warehouse"."main"."weekly_source_comparison" rename to "weekly_source_comparison__dbt_backup"
[0m12:41:24.706294 [debug] [Thread-1 (]: On model.news_warehouse.dim_entity_summary: Close
[0m12:41:24.706926 [debug] [Thread-3 (]: SQL status: OK in 0.028 seconds
[0m12:41:24.709370 [debug] [Thread-2 (]: Using duckdb connection "model.news_warehouse.fct_daily_sentiment"
[0m12:41:24.710881 [debug] [Thread-3 (]: Using duckdb connection "model.news_warehouse.entity_trend"
[0m12:41:24.711706 [debug] [Thread-1 (]: Sending event: {'category': 'dbt', 'action': 'run_model', 'label': 'b49d007a-1c58-4d4a-b2f1-fc190ce7b9d4', 'context': [<snowplow_tracker.self_describing_json.SelfDescribingJson object at 0x7f8234049fc0>]}
[0m12:41:24.712385 [debug] [Thread-2 (]: On model.news_warehouse.fct_daily_sentiment: /* {"app": "dbt", "dbt_version": "1.12.5", "profile_name": "news_warehouse", "target_name": "dev", "node_id": "model.news_warehouse.fct_daily_sentiment"} */
alter table "warehouse"."main"."fct_daily_sentiment__dbt_tmp" rename to "fct_daily_sentiment"
[0m12:41:24.712977 [debug] [Thread-3 (]: On model.news_warehouse.entity_trend: /* {"app": "dbt", "dbt_version": "1.12.5", "profile_name": "news_warehouse", "target_name": "dev", "node_id": "model.news_warehouse.entity_trend"} */

    SELECT index_name
    FROM duckdb_indexes()
    WHERE database_name = 'warehouse'
      AND schema_name = 'main'
      AND table_name = 'entity_trend'
  
[0m12:41:24.713524 [debug] [Thread-4 (]: SQL status: OK in 0.004 seconds
[0m12:41:24.714396 [info ] [Thread-1 (]: 1 of 7 OK created sql table model main.dim_entity_summary ...................... [[32mOK[0m in 0.34s]
[0m12:41:24.717467 [debug] [Thread-4 (]: Using duckdb connection "model.news_warehouse.weekly_source_comparison"
[0m12:41:24.718309 [debug] [Thread-1 (]: Finished running node model.news_warehouse.dim_entity_summary
[0m12:41:24.718857 [debug] [Thread-2 (]: SQL status: OK in 0.004 seconds
[0m12:41:24.719474 [debug] [Thread-3 (]: SQL status: OK in 0.004 seconds
[0m12:41:24.720019 [debug] [Thread-4 (]: On model.news_warehouse.weekly_source_comparison: /* {"app": "dbt", "dbt_version": "1.12.5", "profile_name": "news_warehouse", "target_name": "dev", "node_id": "model.news_warehouse.weekly_source_comparison"} */
alter table "warehouse"."main"."weekly_source_comparison__dbt_tmp" rename to "weekly_source_comparison"
[0m12:41:24.722924 [debug] [Thread-2 (]: On model.news_warehouse.fct_daily_sentiment: COMMIT
[0m12:41:24.723786 [debug] [Thread-2 (]: Using duckdb connection "model.news_warehouse.fct_daily_sentiment"
[0m12:41:24.726344 [debug] [Thread-3 (]: Using duckdb connection "model.news_warehouse.entity_trend"
[0m12:41:24.726937 [debug] [Thread-2 (]: On model.news_warehouse.fct_daily_sentiment: COMMIT
[0m12:41:24.727515 [debug] [Thread-3 (]: On model.news_warehouse.entity_trend: /* {"app": "dbt", "dbt_version": "1.12.5", "profile_name": "news_warehouse", "target_name": "dev", "node_id": "model.news_warehouse.entity_trend"} */
alter table "warehouse"."main"."entity_trend" rename to "entity_trend__dbt_backup"
[0m12:41:24.728052 [debug] [Thread-4 (]: SQL status: OK in 0.004 seconds
[0m12:41:24.731539 [debug] [Thread-4 (]: On model.news_warehouse.weekly_source_comparison: COMMIT
[0m12:41:24.732135 [debug] [Thread-4 (]: Using duckdb connection "model.news_warehouse.weekly_source_comparison"
[0m12:41:24.732664 [debug] [Thread-4 (]: On model.news_warehouse.weekly_source_comparison: COMMIT
[0m12:41:24.733246 [debug] [Thread-3 (]: SQL status: OK in 0.005 seconds
[0m12:41:24.733881 [debug] [Thread-2 (]: SQL status: OK in 0.005 seconds
[0m12:41:24.736378 [debug] [Thread-3 (]: Using duckdb connection "model.news_warehouse.entity_trend"
[0m12:41:24.738356 [debug] [Thread-2 (]: Using duckdb connection "model.news_warehouse.fct_daily_sentiment"
[0m12:41:24.738919 [debug] [Thread-4 (]: SQL status: OK in 0.005 seconds
[0m12:41:24.739519 [debug] [Thread-3 (]: On model.news_warehouse.entity_trend: /* {"app": "dbt", "dbt_version": "1.12.5", "profile_name": "news_warehouse", "target_name": "dev", "node_id": "model.news_warehouse.entity_trend"} */
alter table "warehouse"."main"."entity_trend__dbt_tmp" rename to "entity_trend"
[0m12:41:24.740109 [debug] [Thread-2 (]: On model.news_warehouse.fct_daily_sentiment: /* {"app": "dbt", "dbt_version": "1.12.5", "profile_name": "news_warehouse", "target_name": "dev", "node_id": "model.news_warehouse.fct_daily_sentiment"} */

      drop table if exists "warehouse"."main"."fct_daily_sentiment__dbt_backup" cascade
    
[0m12:41:24.742150 [debug] [Thread-4 (]: Using duckdb connection "model.news_warehouse.weekly_source_comparison"
[0m12:41:24.743032 [debug] [Thread-4 (]: On model.news_warehouse.weekly_source_comparison: /* {"app": "dbt", "dbt_version": "1.12.5", "profile_name": "news_warehouse", "target_name": "dev", "node_id": "model.news_warehouse.weekly_source_comparison"} */

      drop table if exists "warehouse"."main"."weekly_source_comparison__dbt_backup" cascade
    
[0m12:41:24.743778 [debug] [Thread-3 (]: SQL status: OK in 0.001 seconds
[0m12:41:24.744490 [debug] [Thread-2 (]: SQL status: OK in 0.002 seconds
[0m12:41:24.747225 [debug] [Thread-3 (]: On model.news_warehouse.entity_trend: COMMIT
[0m12:41:24.747811 [debug] [Thread-4 (]: SQL status: OK in 0.004 seconds
[0m12:41:24.749323 [debug] [Thread-2 (]: On model.news_warehouse.fct_daily_sentiment: Close
[0m12:41:24.749899 [debug] [Thread-3 (]: Using duckdb connection "model.news_warehouse.entity_trend"
[0m12:41:24.751367 [debug] [Thread-4 (]: On model.news_warehouse.weekly_source_comparison: Close
[0m12:41:24.752252 [debug] [Thread-2 (]: Sending event: {'category': 'dbt', 'action': 'run_model', 'label': 'b49d007a-1c58-4d4a-b2f1-fc190ce7b9d4', 'context': [<snowplow_tracker.self_describing_json.SelfDescribingJson object at 0x7f82346dc520>]}
[0m12:41:24.752828 [debug] [Thread-3 (]: On model.news_warehouse.entity_trend: COMMIT
[0m12:41:24.753763 [info ] [Thread-2 (]: 5 of 7 OK created sql table model main.fct_daily_sentiment ..................... [[32mOK[0m in 0.15s]
[0m12:41:24.754583 [debug] [Thread-4 (]: Sending event: {'category': 'dbt', 'action': 'run_model', 'label': 'b49d007a-1c58-4d4a-b2f1-fc190ce7b9d4', 'context': [<snowplow_tracker.self_describing_json.SelfDescribingJson object at 0x7f82345b0250>]}
[0m12:41:24.755509 [debug] [Thread-2 (]: Finished running node model.news_warehouse.fct_daily_sentiment
[0m12:41:24.756524 [info ] [Thread-4 (]: 7 of 7 OK created sql table model main.weekly_source_comparison ................ [[32mOK[0m in 0.14s]
[0m12:41:24.757934 [debug] [Thread-4 (]: Finished running node model.news_warehouse.weekly_source_comparison
[0m12:41:24.758737 [debug] [Thread-3 (]: SQL status: OK in 0.004 seconds
[0m12:41:24.760749 [debug] [Thread-3 (]: Using duckdb connection "model.news_warehouse.entity_trend"
[0m12:41:24.761295 [debug] [Thread-3 (]: On model.news_warehouse.entity_trend: /* {"app": "dbt", "dbt_version": "1.12.5", "profile_name": "news_warehouse", "target_name": "dev", "node_id": "model.news_warehouse.entity_trend"} */

      drop table if exists "warehouse"."main"."entity_trend__dbt_backup" cascade
    
[0m12:41:24.762610 [debug] [Thread-3 (]: SQL status: OK in 0.001 seconds
[0m12:41:24.764039 [debug] [Thread-3 (]: On model.news_warehouse.entity_trend: Close
[0m12:41:24.764790 [debug] [Thread-3 (]: Sending event: {'category': 'dbt', 'action': 'run_model', 'label': 'b49d007a-1c58-4d4a-b2f1-fc190ce7b9d4', 'context': [<snowplow_tracker.self_describing_json.SelfDescribingJson object at 0x7f8234566170>]}
[0m12:41:24.765629 [info ] [Thread-3 (]: 6 of 7 OK created sql table model main.entity_trend ............................ [[32mOK[0m in 0.15s]
[0m12:41:24.766355 [debug] [Thread-3 (]: Finished running node model.news_warehouse.entity_trend
[0m12:41:24.767855 [debug] [MainThread]: Using duckdb connection "master"
[0m12:41:24.768435 [debug] [MainThread]: On master: BEGIN
[0m12:41:24.768893 [debug] [MainThread]: Opening a new connection, currently in state closed
[0m12:41:24.769649 [debug] [MainThread]: SQL status: OK in 0.001 seconds
[0m12:41:24.770171 [debug] [MainThread]: On master: COMMIT
[0m12:41:24.770616 [debug] [MainThread]: Using duckdb connection "master"
[0m12:41:24.771067 [debug] [MainThread]: On master: COMMIT
[0m12:41:24.771728 [debug] [MainThread]: SQL status: OK in 0.000 seconds
[0m12:41:24.772263 [debug] [MainThread]: On master: Close
[0m12:41:24.772830 [debug] [MainThread]: Connection 'master' was properly closed.
[0m12:41:24.773302 [debug] [MainThread]: Connection 'model.news_warehouse.dim_entity_summary' was properly closed.
[0m12:41:24.773710 [debug] [MainThread]: Connection 'model.news_warehouse.fct_daily_sentiment' was properly closed.
[0m12:41:24.774162 [debug] [MainThread]: Connection 'model.news_warehouse.entity_trend' was properly closed.
[0m12:41:24.774557 [debug] [MainThread]: Connection 'model.news_warehouse.weekly_source_comparison' was properly closed.
[0m12:41:24.775098 [info ] [MainThread]: 
[0m12:41:24.775607 [info ] [MainThread]: Finished running 4 table models, 3 view models in 0 hours 0 minutes and 0.52 seconds (0.52s).
[0m12:41:24.777231 [debug] [MainThread]: Command end result
[0m12:41:24.818781 [debug] [MainThread]: Wrote artifact WritableManifest to /home/runner/work/Multilingual-News-Sentiment-Entity-Analysis-Pipeline/Multilingual-News-Sentiment-Entity-Analysis-Pipeline/dbt_project/target/manifest.json
[0m12:41:24.821977 [debug] [MainThread]: Wrote artifact SemanticManifest to /home/runner/work/Multilingual-News-Sentiment-Entity-Analysis-Pipeline/Multilingual-News-Sentiment-Entity-Analysis-Pipeline/dbt_project/target/semantic_manifest.json
[0m12:41:24.824974 [debug] [MainThread]: Wrote artifact OsiDocument to /home/runner/work/Multilingual-News-Sentiment-Entity-Analysis-Pipeline/Multilingual-News-Sentiment-Entity-Analysis-Pipeline/dbt_project/target/osi_document.json
[0m12:41:24.833390 [debug] [MainThread]: Wrote artifact RunExecutionResult to /home/runner/work/Multilingual-News-Sentiment-Entity-Analysis-Pipeline/Multilingual-News-Sentiment-Entity-Analysis-Pipeline/dbt_project/target/run_results.json
[0m12:41:24.833912 [info ] [MainThread]: 
[0m12:41:24.834523 [info ] [MainThread]: [32mCompleted successfully[0m
[0m12:41:24.835046 [info ] [MainThread]: 
[0m12:41:24.835577 [info ] [MainThread]: Done. PASS=7 WARN=0 ERROR=0 SKIP=0 NO-OP=0 REUSED=0 TOTAL=7
[0m12:41:24.841590 [debug] [MainThread]: Resource report: {"command_name": "run", "command_success": true, "command_wall_clock_time": 1.5903137, "process_in_blocks": "2000", "process_kernel_time": 0.158437, "process_mem_max_rss": "311204", "process_out_blocks": "7272", "process_user_time": 3.090525}
[0m12:41:24.842291 [debug] [MainThread]: Command `dbt run` succeeded at 12:41:24.842187 after 1.59 seconds
[0m12:41:24.842819 [debug] [MainThread]: Sending event: {'category': 'dbt', 'action': 'invocation', 'label': 'end', 'context': [<snowplow_tracker.self_describing_json.SelfDescribingJson object at 0x7f823ddb92d0>, <snowplow_tracker.self_describing_json.SelfDescribingJson object at 0x7f823dc909a0>, <snowplow_tracker.self_describing_json.SelfDescribingJson object at 0x7f823452a0e0>]}
[0m12:41:24.843383 [debug] [MainThread]: Flushing usage events
[0m12:41:25.194599 [debug] [MainThread]: An error was encountered while trying to flush usage events
[0m12:41:26.945662 [debug] [MainThread]: Sending event: {'category': 'dbt', 'action': 'invocation', 'label': 'start', 'context': [<snowplow_tracker.self_describing_json.SelfDescribingJson object at 0x7f4a8af551e0>, <snowplow_tracker.self_describing_json.SelfDescribingJson object at 0x7f4a89a1b700>, <snowplow_tracker.self_describing_json.SelfDescribingJson object at 0x7f4a89a1b6a0>]}


============================== 12:41:26.948564 | 3f6fa81c-4849-4c6a-a694-5a57abe7986b ==============================
[0m12:41:26.948564 [info ] [MainThread]: Running with dbt=1.12.5
[0m12:41:26.949311 [debug] [MainThread]: running dbt with arguments {'quiet': 'False', 'debug': 'False', 'maximum_seed_size_mib': '1', 'target_path': 'None', 'cache_selected_only': 'False', 'no_print': 'None', 'log_cache_events': 'False', 'profiles_dir': '.', 'hints_enabled': 'True', 'introspect': 'True', 'indirect_selection': 'eager', 'use_colors': 'True', 'version_check': 'True', 'log_format': 'default', 'invocation_command': 'dbt test --profiles-dir .', 'send_anonymous_usage_stats': 'True', 'use_experimental_parser': 'False', 'empty': 'None', 'warn_error': 'None', 'printer_width': '80', 'partial_parse': 'True', 'static_parser': 'True', 'warn_error_options': 'WarnErrorOptionsV2(error=[], warn=[], silence=[])', 'log_path': '/home/runner/work/Multilingual-News-Sentiment-Entity-Analysis-Pipeline/Multilingual-News-Sentiment-Entity-Analysis-Pipeline/dbt_project/logs', 'fail_fast': 'False', 'write_json': 'True'}
[0m12:41:27.197145 [debug] [MainThread]: Sending event: {'category': 'dbt', 'action': 'project_id', 'label': '3f6fa81c-4849-4c6a-a694-5a57abe7986b', 'context': [<snowplow_tracker.self_describing_json.SelfDescribingJson object at 0x7f4a8a7e7df0>]}
[0m12:41:27.315141 [debug] [MainThread]: Sending event: {'category': 'dbt', 'action': 'adapter_info', 'label': '3f6fa81c-4849-4c6a-a694-5a57abe7986b', 'context': [<snowplow_tracker.self_describing_json.SelfDescribingJson object at 0x7f4a8ad7c2b0>]}
[0m12:41:27.317372 [info ] [MainThread]: Registered adapter: duckdb=1.11.0
[0m12:41:27.397435 [debug] [MainThread]: checksum: b861a166531065e3c88725a98b0b572675172303180a874f2753e38be84b4181, vars: {}, profile: news_warehouse, target: dev, version: 1.12.5
[0m12:41:27.562112 [debug] [MainThread]: Partial parsing enabled: 0 files deleted, 0 files added, 0 files changed.
[0m12:41:27.562721 [debug] [MainThread]: Nothing changed, skipping partial parsing.
[0m12:41:27.563185 [debug] [MainThread]: Partial parsing enabled, no changes found, skipping parsing
[0m12:41:27.575258 [debug] [MainThread]: Sending event: {'category': 'dbt', 'action': 'load_project', 'label': '3f6fa81c-4849-4c6a-a694-5a57abe7986b', 'context': [<snowplow_tracker.self_describing_json.SelfDescribingJson object at 0x7f4a8992db70>]}
[0m12:41:27.763272 [debug] [MainThread]: Wrote artifact WritableManifest to /home/runner/work/Multilingual-News-Sentiment-Entity-Analysis-Pipeline/Multilingual-News-Sentiment-Entity-Analysis-Pipeline/dbt_project/target/manifest.json
[0m12:41:27.766435 [debug] [MainThread]: Wrote artifact SemanticManifest to /home/runner/work/Multilingual-News-Sentiment-Entity-Analysis-Pipeline/Multilingual-News-Sentiment-Entity-Analysis-Pipeline/dbt_project/target/semantic_manifest.json
[0m12:41:27.777851 [debug] [MainThread]: Wrote artifact OsiDocument to /home/runner/work/Multilingual-News-Sentiment-Entity-Analysis-Pipeline/Multilingual-News-Sentiment-Entity-Analysis-Pipeline/dbt_project/target/osi_document.json
[0m12:41:27.793508 [debug] [MainThread]: Sending event: {'category': 'dbt', 'action': 'resource_counts', 'label': '3f6fa81c-4849-4c6a-a694-5a57abe7986b', 'context': [<snowplow_tracker.self_describing_json.SelfDescribingJson object at 0x7f4a81629ed0>]}
[0m12:41:27.794253 [info ] [MainThread]: Found 7 models, 8 data tests, 5 sources, 500 macros
[0m12:41:27.794869 [debug] [MainThread]: Sending event: {'category': 'dbt', 'action': 'runnable_timing', 'label': '3f6fa81c-4849-4c6a-a694-5a57abe7986b', 'context': [<snowplow_tracker.self_describing_json.SelfDescribingJson object at 0x7f4a81629480>]}
[0m12:41:27.796996 [info ] [MainThread]: 
[0m12:41:27.797558 [info ] [MainThread]: Concurrency: 4 threads (target='dev')
[0m12:41:27.798075 [info ] [MainThread]: 
[0m12:41:27.798778 [debug] [MainThread]: Acquiring new duckdb connection 'master'
[0m12:41:27.805314 [debug] [ThreadPool]: Acquiring new duckdb connection 'list_warehouse_main'
[0m12:41:27.836608 [debug] [ThreadPool]: Using duckdb connection "list_warehouse_main"
[0m12:41:27.837159 [debug] [ThreadPool]: On list_warehouse_main: BEGIN
[0m12:41:27.837601 [debug] [ThreadPool]: Opening a new connection, currently in state init
[0m12:41:27.850835 [debug] [ThreadPool]: SQL status: OK in 0.013 seconds
[0m12:41:27.851404 [debug] [ThreadPool]: Using duckdb connection "list_warehouse_main"
[0m12:41:27.851865 [debug] [ThreadPool]: On list_warehouse_main: /* {"app": "dbt", "dbt_version": "1.12.5", "profile_name": "news_warehouse", "target_name": "dev", "connection_name": "list_warehouse_main"} */
select
      'warehouse' as database,
      table_name as name,
      table_schema as schema,
      CASE table_type
        WHEN 'BASE TABLE' THEN 'table'
        WHEN 'VIEW' THEN 'view'
        WHEN 'LOCAL TEMPORARY' THEN 'table'
        END as type
    from system.information_schema.tables
    where lower(table_schema) = 'main'
    and lower(table_catalog) = 'warehouse'
  
[0m12:41:27.855858 [debug] [ThreadPool]: SQL status: OK in 0.003 seconds
[0m12:41:27.857523 [debug] [ThreadPool]: On list_warehouse_main: ROLLBACK
[0m12:41:27.858311 [debug] [ThreadPool]: On list_warehouse_main: Close
[0m12:41:27.860884 [debug] [MainThread]: Sending event: {'category': 'dbt', 'action': 'runnable_timing', 'label': '3f6fa81c-4849-4c6a-a694-5a57abe7986b', 'context': [<snowplow_tracker.self_describing_json.SelfDescribingJson object at 0x7f4a8162a530>]}
[0m12:41:27.861545 [debug] [MainThread]: Using duckdb connection "master"
[0m12:41:27.862032 [debug] [MainThread]: On master: BEGIN
[0m12:41:27.862463 [debug] [MainThread]: Opening a new connection, currently in state init
[0m12:41:27.863199 [debug] [MainThread]: SQL status: OK in 0.001 seconds
[0m12:41:27.863665 [debug] [MainThread]: On master: COMMIT
[0m12:41:27.864120 [debug] [MainThread]: Using duckdb connection "master"
[0m12:41:27.864543 [debug] [MainThread]: On master: COMMIT
[0m12:41:27.865196 [debug] [MainThread]: SQL status: OK in 0.000 seconds
[0m12:41:27.865682 [debug] [MainThread]: On master: Close
[0m12:41:27.868560 [debug] [Thread-1 (]: Began running node test.news_warehouse.not_null_dim_entity_summary_article_count.e113c5cc88
[0m12:41:27.869230 [debug] [Thread-2 (]: Began running node test.news_warehouse.not_null_dim_entity_summary_entity_text.e9b5760dbb
[0m12:41:27.869863 [info ] [Thread-1 (]: 1 of 8 START test not_null_dim_entity_summary_article_count .................... [RUN]
[0m12:41:27.870520 [debug] [Thread-3 (]: Began running node test.news_warehouse.not_null_fct_daily_sentiment_headline_count.8aa7f0a6da
[0m12:41:27.871156 [debug] [Thread-4 (]: Began running node test.news_warehouse.not_null_fct_daily_sentiment_scrape_date.b09ab12093
[0m12:41:27.871705 [info ] [Thread-2 (]: 2 of 8 START test not_null_dim_entity_summary_entity_text ...................... [RUN]
[0m12:41:27.872428 [debug] [Thread-1 (]: Re-using an available connection from the pool (formerly list_warehouse_main, now test.news_warehouse.not_null_dim_entity_summary_article_count.e113c5cc88)
[0m12:41:27.873028 [info ] [Thread-3 (]: 3 of 8 START test not_null_fct_daily_sentiment_headline_count .................. [RUN]
[0m12:41:27.873659 [info ] [Thread-4 (]: 4 of 8 START test not_null_fct_daily_sentiment_scrape_date ..................... [RUN]
[0m12:41:27.874448 [debug] [Thread-2 (]: Acquiring new duckdb connection 'test.news_warehouse.not_null_dim_entity_summary_entity_text.e9b5760dbb'
[0m12:41:27.875047 [debug] [Thread-1 (]: Began compiling node test.news_warehouse.not_null_dim_entity_summary_article_count.e113c5cc88
[0m12:41:27.875762 [debug] [Thread-3 (]: Acquiring new duckdb connection 'test.news_warehouse.not_null_fct_daily_sentiment_headline_count.8aa7f0a6da'
[0m12:41:27.876484 [debug] [Thread-4 (]: Acquiring new duckdb connection 'test.news_warehouse.not_null_fct_daily_sentiment_scrape_date.b09ab12093'
[0m12:41:27.877073 [debug] [Thread-2 (]: Began compiling node test.news_warehouse.not_null_dim_entity_summary_entity_text.e9b5760dbb
[0m12:41:27.893029 [debug] [Thread-3 (]: Began compiling node test.news_warehouse.not_null_fct_daily_sentiment_headline_count.8aa7f0a6da
[0m12:41:27.898400 [debug] [Thread-1 (]: Writing injected SQL for node "test.news_warehouse.not_null_dim_entity_summary_article_count.e113c5cc88"
[0m12:41:27.899035 [debug] [Thread-4 (]: Began compiling node test.news_warehouse.not_null_fct_daily_sentiment_scrape_date.b09ab12093
[0m12:41:27.906529 [debug] [Thread-2 (]: Writing injected SQL for node "test.news_warehouse.not_null_dim_entity_summary_entity_text.e9b5760dbb"
[0m12:41:27.914168 [debug] [Thread-3 (]: Writing injected SQL for node "test.news_warehouse.not_null_fct_daily_sentiment_headline_count.8aa7f0a6da"
[0m12:41:27.921952 [debug] [Thread-4 (]: Writing injected SQL for node "test.news_warehouse.not_null_fct_daily_sentiment_scrape_date.b09ab12093"
[0m12:41:27.922732 [debug] [Thread-1 (]: Began executing node test.news_warehouse.not_null_dim_entity_summary_article_count.e113c5cc88
[0m12:41:27.935322 [debug] [Thread-2 (]: Began executing node test.news_warehouse.not_null_dim_entity_summary_entity_text.e9b5760dbb
[0m12:41:27.946123 [debug] [Thread-3 (]: Began executing node test.news_warehouse.not_null_fct_daily_sentiment_headline_count.8aa7f0a6da
[0m12:41:27.950348 [debug] [Thread-3 (]: Writing runtime sql for node "test.news_warehouse.not_null_fct_daily_sentiment_headline_count.8aa7f0a6da"
[0m12:41:27.958969 [debug] [Thread-1 (]: Writing runtime sql for node "test.news_warehouse.not_null_dim_entity_summary_article_count.e113c5cc88"
[0m12:41:27.960710 [debug] [Thread-2 (]: Writing runtime sql for node "test.news_warehouse.not_null_dim_entity_summary_entity_text.e9b5760dbb"
[0m12:41:27.961754 [debug] [Thread-4 (]: Began executing node test.news_warehouse.not_null_fct_daily_sentiment_scrape_date.b09ab12093
[0m12:41:27.964179 [debug] [Thread-4 (]: Writing runtime sql for node "test.news_warehouse.not_null_fct_daily_sentiment_scrape_date.b09ab12093"
[0m12:41:27.964807 [debug] [Thread-3 (]: Using duckdb connection "test.news_warehouse.not_null_fct_daily_sentiment_headline_count.8aa7f0a6da"
[0m12:41:27.965478 [debug] [Thread-1 (]: Using duckdb connection "test.news_warehouse.not_null_dim_entity_summary_article_count.e113c5cc88"
[0m12:41:27.966235 [debug] [Thread-2 (]: Using duckdb connection "test.news_warehouse.not_null_dim_entity_summary_entity_text.e9b5760dbb"
[0m12:41:27.966845 [debug] [Thread-3 (]: On test.news_warehouse.not_null_fct_daily_sentiment_headline_count.8aa7f0a6da: BEGIN
[0m12:41:27.967503 [debug] [Thread-1 (]: On test.news_warehouse.not_null_dim_entity_summary_article_count.e113c5cc88: BEGIN
[0m12:41:27.968101 [debug] [Thread-4 (]: Using duckdb connection "test.news_warehouse.not_null_fct_daily_sentiment_scrape_date.b09ab12093"
[0m12:41:27.968657 [debug] [Thread-2 (]: On test.news_warehouse.not_null_dim_entity_summary_entity_text.e9b5760dbb: BEGIN
[0m12:41:27.969215 [debug] [Thread-3 (]: Opening a new connection, currently in state init
[0m12:41:27.969759 [debug] [Thread-1 (]: Opening a new connection, currently in state closed
[0m12:41:27.970320 [debug] [Thread-4 (]: On test.news_warehouse.not_null_fct_daily_sentiment_scrape_date.b09ab12093: BEGIN
[0m12:41:27.970853 [debug] [Thread-2 (]: Opening a new connection, currently in state init
[0m12:41:27.971924 [debug] [Thread-4 (]: Opening a new connection, currently in state init
[0m12:41:27.972843 [debug] [Thread-1 (]: SQL status: OK in 0.003 seconds
[0m12:41:27.973739 [debug] [Thread-3 (]: SQL status: OK in 0.004 seconds
[0m12:41:27.974406 [debug] [Thread-1 (]: Using duckdb connection "test.news_warehouse.not_null_dim_entity_summary_article_count.e113c5cc88"
[0m12:41:27.974958 [debug] [Thread-2 (]: SQL status: OK in 0.004 seconds
[0m12:41:27.975580 [debug] [Thread-4 (]: SQL status: OK in 0.004 seconds
[0m12:41:27.976128 [debug] [Thread-3 (]: Using duckdb connection "test.news_warehouse.not_null_fct_daily_sentiment_headline_count.8aa7f0a6da"
[0m12:41:27.976704 [debug] [Thread-1 (]: On test.news_warehouse.not_null_dim_entity_summary_article_count.e113c5cc88: /* {"app": "dbt", "dbt_version": "1.12.5", "profile_name": "news_warehouse", "target_name": "dev", "node_id": "test.news_warehouse.not_null_dim_entity_summary_article_count.e113c5cc88"} */

    
    select
      count(*) as failures,
      count(*) != 0 as should_warn,
      count(*) != 0 as should_error
    from (
      
    
  
    
    



select article_count
from "warehouse"."main"."dim_entity_summary"
where article_count is null



  
  
      
    ) dbt_internal_test
[0m12:41:27.977286 [debug] [Thread-2 (]: Using duckdb connection "test.news_warehouse.not_null_dim_entity_summary_entity_text.e9b5760dbb"
[0m12:41:27.977847 [debug] [Thread-4 (]: Using duckdb connection "test.news_warehouse.not_null_fct_daily_sentiment_scrape_date.b09ab12093"
[0m12:41:27.978444 [debug] [Thread-3 (]: On test.news_warehouse.not_null_fct_daily_sentiment_headline_count.8aa7f0a6da: /* {"app": "dbt", "dbt_version": "1.12.5", "profile_name": "news_warehouse", "target_name": "dev", "node_id": "test.news_warehouse.not_null_fct_daily_sentiment_headline_count.8aa7f0a6da"} */

    
    select
      count(*) as failures,
      count(*) != 0 as should_warn,
      count(*) != 0 as should_error
    from (
      
    
  
    
    



select headline_count
from "warehouse"."main"."fct_daily_sentiment"
where headline_count is null



  
  
      
    ) dbt_internal_test
[0m12:41:27.979250 [debug] [Thread-2 (]: On test.news_warehouse.not_null_dim_entity_summary_entity_text.e9b5760dbb: /* {"app": "dbt", "dbt_version": "1.12.5", "profile_name": "news_warehouse", "target_name": "dev", "node_id": "test.news_warehouse.not_null_dim_entity_summary_entity_text.e9b5760dbb"} */

    
    select
      count(*) as failures,
      count(*) != 0 as should_warn,
      count(*) != 0 as should_error
    from (
      
    
  
    
    



select entity_text
from "warehouse"."main"."dim_entity_summary"
where entity_text is null



  
  
      
    ) dbt_internal_test
[0m12:41:27.980101 [debug] [Thread-4 (]: On test.news_warehouse.not_null_fct_daily_sentiment_scrape_date.b09ab12093: /* {"app": "dbt", "dbt_version": "1.12.5", "profile_name": "news_warehouse", "target_name": "dev", "node_id": "test.news_warehouse.not_null_fct_daily_sentiment_scrape_date.b09ab12093"} */

    
    select
      count(*) as failures,
      count(*) != 0 as should_warn,
      count(*) != 0 as should_error
    from (
      
    
  
    
    



select scrape_date
from "warehouse"."main"."fct_daily_sentiment"
where scrape_date is null



  
  
      
    ) dbt_internal_test
[0m12:41:27.980665 [debug] [Thread-1 (]: SQL status: OK in 0.002 seconds
[0m12:41:27.986241 [debug] [Thread-1 (]: On test.news_warehouse.not_null_dim_entity_summary_article_count.e113c5cc88: ROLLBACK
[0m12:41:27.987044 [debug] [Thread-3 (]: SQL status: OK in 0.006 seconds
[0m12:41:27.987730 [debug] [Thread-4 (]: SQL status: OK in 0.006 seconds
[0m12:41:27.988566 [debug] [Thread-1 (]: On test.news_warehouse.not_null_dim_entity_summary_article_count.e113c5cc88: Close
[0m12:41:27.989121 [debug] [Thread-2 (]: SQL status: OK in 0.008 seconds
[0m12:41:27.990588 [debug] [Thread-4 (]: On test.news_warehouse.not_null_fct_daily_sentiment_scrape_date.b09ab12093: ROLLBACK
[0m12:41:27.992022 [debug] [Thread-3 (]: On test.news_warehouse.not_null_fct_daily_sentiment_headline_count.8aa7f0a6da: ROLLBACK
[0m12:41:27.993012 [info ] [Thread-1 (]: 1 of 8 PASS not_null_dim_entity_summary_article_count .......................... [[32mPASS[0m in 0.12s]
[0m12:41:27.994691 [debug] [Thread-2 (]: On test.news_warehouse.not_null_dim_entity_summary_entity_text.e9b5760dbb: ROLLBACK
[0m12:41:27.995413 [debug] [Thread-4 (]: On test.news_warehouse.not_null_fct_daily_sentiment_scrape_date.b09ab12093: Close
[0m12:41:27.996214 [debug] [Thread-1 (]: Finished running node test.news_warehouse.not_null_dim_entity_summary_article_count.e113c5cc88
[0m12:41:27.996902 [debug] [Thread-3 (]: On test.news_warehouse.not_null_fct_daily_sentiment_headline_count.8aa7f0a6da: Close
[0m12:41:27.997508 [debug] [Thread-2 (]: On test.news_warehouse.not_null_dim_entity_summary_entity_text.e9b5760dbb: Close
[0m12:41:27.998315 [info ] [Thread-4 (]: 4 of 8 PASS not_null_fct_daily_sentiment_scrape_date ........................... [[32mPASS[0m in 0.12s]
[0m12:41:27.999018 [debug] [Thread-1 (]: Began running node test.news_warehouse.not_null_fct_daily_sentiment_source_name.3bd2b89b77
[0m12:41:28.000025 [info ] [Thread-2 (]: 2 of 8 PASS not_null_dim_entity_summary_entity_text ............................ [[32mPASS[0m in 0.13s]
[0m12:41:28.000800 [info ] [Thread-3 (]: 3 of 8 PASS not_null_fct_daily_sentiment_headline_count ........................ [[32mPASS[0m in 0.13s]
[0m12:41:28.001639 [debug] [Thread-4 (]: Finished running node test.news_warehouse.not_null_fct_daily_sentiment_scrape_date.b09ab12093
[0m12:41:28.002293 [info ] [Thread-1 (]: 5 of 8 START test not_null_fct_daily_sentiment_source_name ..................... [RUN]
[0m12:41:28.003112 [debug] [Thread-2 (]: Finished running node test.news_warehouse.not_null_dim_entity_summary_entity_text.e9b5760dbb
[0m12:41:28.003843 [debug] [Thread-3 (]: Finished running node test.news_warehouse.not_null_fct_daily_sentiment_headline_count.8aa7f0a6da
[0m12:41:28.004482 [debug] [Thread-4 (]: Began running node test.news_warehouse.not_null_stg_articles_article_key.db8c6d35da
[0m12:41:28.005154 [debug] [Thread-1 (]: Re-using an available connection from the pool (formerly test.news_warehouse.not_null_dim_entity_summary_article_count.e113c5cc88, now test.news_warehouse.not_null_fct_daily_sentiment_source_name.3bd2b89b77)
[0m12:41:28.005844 [debug] [Thread-2 (]: Began running node test.news_warehouse.not_null_stg_articles_translated_headline.e4edbf669c
[0m12:41:28.006469 [debug] [Thread-3 (]: Began running node test.news_warehouse.unique_stg_articles_article_key.691d01e603
[0m12:41:28.007134 [info ] [Thread-4 (]: 6 of 8 START test not_null_stg_articles_article_key ............................ [RUN]
[0m12:41:28.007762 [debug] [Thread-1 (]: Began compiling node test.news_warehouse.not_null_fct_daily_sentiment_source_name.3bd2b89b77
[0m12:41:28.008360 [info ] [Thread-2 (]: 7 of 8 START test not_null_stg_articles_translated_headline .................... [RUN]
[0m12:41:28.009030 [info ] [Thread-3 (]: 8 of 8 START test unique_stg_articles_article_key .............................. [RUN]
[0m12:41:28.009708 [debug] [Thread-4 (]: Re-using an available connection from the pool (formerly test.news_warehouse.not_null_fct_daily_sentiment_scrape_date.b09ab12093, now test.news_warehouse.not_null_stg_articles_article_key.db8c6d35da)
[0m12:41:28.017756 [debug] [Thread-1 (]: Writing injected SQL for node "test.news_warehouse.not_null_fct_daily_sentiment_source_name.3bd2b89b77"
[0m12:41:28.018418 [debug] [Thread-2 (]: Re-using an available connection from the pool (formerly test.news_warehouse.not_null_dim_entity_summary_entity_text.e9b5760dbb, now test.news_warehouse.not_null_stg_articles_translated_headline.e4edbf669c)
[0m12:41:28.019113 [debug] [Thread-3 (]: Re-using an available connection from the pool (formerly test.news_warehouse.not_null_fct_daily_sentiment_headline_count.8aa7f0a6da, now test.news_warehouse.unique_stg_articles_article_key.691d01e603)
[0m12:41:28.019687 [debug] [Thread-4 (]: Began compiling node test.news_warehouse.not_null_stg_articles_article_key.db8c6d35da
[0m12:41:28.020708 [debug] [Thread-2 (]: Began compiling node test.news_warehouse.not_null_stg_articles_translated_headline.e4edbf669c
[0m12:41:28.021365 [debug] [Thread-3 (]: Began compiling node test.news_warehouse.unique_stg_articles_article_key.691d01e603
[0m12:41:28.027092 [debug] [Thread-1 (]: Began executing node test.news_warehouse.not_null_fct_daily_sentiment_source_name.3bd2b89b77
[0m12:41:28.029573 [debug] [Thread-4 (]: Writing injected SQL for node "test.news_warehouse.not_null_stg_articles_article_key.db8c6d35da"
[0m12:41:28.037378 [debug] [Thread-2 (]: Writing injected SQL for node "test.news_warehouse.not_null_stg_articles_translated_headline.e4edbf669c"
[0m12:41:28.046899 [debug] [Thread-3 (]: Writing injected SQL for node "test.news_warehouse.unique_stg_articles_article_key.691d01e603"
[0m12:41:28.049255 [debug] [Thread-1 (]: Writing runtime sql for node "test.news_warehouse.not_null_fct_daily_sentiment_source_name.3bd2b89b77"
[0m12:41:28.050558 [debug] [Thread-4 (]: Began executing node test.news_warehouse.not_null_stg_articles_article_key.db8c6d35da
[0m12:41:28.051272 [debug] [Thread-2 (]: Began executing node test.news_warehouse.not_null_stg_articles_translated_headline.e4edbf669c
[0m12:41:28.053716 [debug] [Thread-4 (]: Writing runtime sql for node "test.news_warehouse.not_null_stg_articles_article_key.db8c6d35da"
[0m12:41:28.054443 [debug] [Thread-3 (]: Began executing node test.news_warehouse.unique_stg_articles_article_key.691d01e603
[0m12:41:28.055068 [debug] [Thread-1 (]: Using duckdb connection "test.news_warehouse.not_null_fct_daily_sentiment_source_name.3bd2b89b77"
[0m12:41:28.057332 [debug] [Thread-2 (]: Writing runtime sql for node "test.news_warehouse.not_null_stg_articles_translated_headline.e4edbf669c"
[0m12:41:28.059878 [debug] [Thread-3 (]: Writing runtime sql for node "test.news_warehouse.unique_stg_articles_article_key.691d01e603"
[0m12:41:28.060504 [debug] [Thread-1 (]: On test.news_warehouse.not_null_fct_daily_sentiment_source_name.3bd2b89b77: BEGIN
[0m12:41:28.061525 [debug] [Thread-4 (]: Using duckdb connection "test.news_warehouse.not_null_stg_articles_article_key.db8c6d35da"
[0m12:41:28.062162 [debug] [Thread-1 (]: Opening a new connection, currently in state closed
[0m12:41:28.062742 [debug] [Thread-2 (]: Using duckdb connection "test.news_warehouse.not_null_stg_articles_translated_headline.e4edbf669c"
[0m12:41:28.063366 [debug] [Thread-4 (]: On test.news_warehouse.not_null_stg_articles_article_key.db8c6d35da: BEGIN
[0m12:41:28.063929 [debug] [Thread-3 (]: Using duckdb connection "test.news_warehouse.unique_stg_articles_article_key.691d01e603"
[0m12:41:28.064811 [debug] [Thread-2 (]: On test.news_warehouse.not_null_stg_articles_translated_headline.e4edbf669c: BEGIN
[0m12:41:28.065447 [debug] [Thread-4 (]: Opening a new connection, currently in state closed
[0m12:41:28.066033 [debug] [Thread-1 (]: SQL status: OK in 0.004 seconds
[0m12:41:28.066596 [debug] [Thread-3 (]: On test.news_warehouse.unique_stg_articles_article_key.691d01e603: BEGIN
[0m12:41:28.067153 [debug] [Thread-2 (]: Opening a new connection, currently in state closed
[0m12:41:28.067911 [debug] [Thread-1 (]: Using duckdb connection "test.news_warehouse.not_null_fct_daily_sentiment_source_name.3bd2b89b77"
[0m12:41:28.068536 [debug] [Thread-3 (]: Opening a new connection, currently in state closed
[0m12:41:28.069291 [debug] [Thread-4 (]: SQL status: OK in 0.004 seconds
[0m12:41:28.069919 [debug] [Thread-1 (]: On test.news_warehouse.not_null_fct_daily_sentiment_source_name.3bd2b89b77: /* {"app": "dbt", "dbt_version": "1.12.5", "profile_name": "news_warehouse", "target_name": "dev", "node_id": "test.news_warehouse.not_null_fct_daily_sentiment_source_name.3bd2b89b77"} */

    
    select
      count(*) as failures,
      count(*) != 0 as should_warn,
      count(*) != 0 as should_error
    from (
      
    
  
    
    



select source_name
from "warehouse"."main"."fct_daily_sentiment"
where source_name is null



  
  
      
    ) dbt_internal_test
[0m12:41:28.070499 [debug] [Thread-2 (]: SQL status: OK in 0.003 seconds
[0m12:41:28.071232 [debug] [Thread-4 (]: Using duckdb connection "test.news_warehouse.not_null_stg_articles_article_key.db8c6d35da"
[0m12:41:28.071947 [debug] [Thread-3 (]: SQL status: OK in 0.003 seconds
[0m12:41:28.072620 [debug] [Thread-2 (]: Using duckdb connection "test.news_warehouse.not_null_stg_articles_translated_headline.e4edbf669c"
[0m12:41:28.073282 [debug] [Thread-4 (]: On test.news_warehouse.not_null_stg_articles_article_key.db8c6d35da: /* {"app": "dbt", "dbt_version": "1.12.5", "profile_name": "news_warehouse", "target_name": "dev", "node_id": "test.news_warehouse.not_null_stg_articles_article_key.db8c6d35da"} */

    
    select
      count(*) as failures,
      count(*) != 0 as should_warn,
      count(*) != 0 as should_error
    from (
      
    
  
    
    



select article_key
from "warehouse"."main"."stg_articles"
where article_key is null



  
  
      
    ) dbt_internal_test
[0m12:41:28.073832 [debug] [Thread-1 (]: SQL status: OK in 0.002 seconds
[0m12:41:28.074426 [debug] [Thread-3 (]: Using duckdb connection "test.news_warehouse.unique_stg_articles_article_key.691d01e603"
[0m12:41:28.075005 [debug] [Thread-2 (]: On test.news_warehouse.not_null_stg_articles_translated_headline.e4edbf669c: /* {"app": "dbt", "dbt_version": "1.12.5", "profile_name": "news_warehouse", "target_name": "dev", "node_id": "test.news_warehouse.not_null_stg_articles_translated_headline.e4edbf669c"} */

    
    select
      count(*) as failures,
      count(*) != 0 as should_warn,
      count(*) != 0 as should_error
    from (
      
    
  
    
    



select translated_headline
from "warehouse"."main"."stg_articles"
where translated_headline is null



  
  
      
    ) dbt_internal_test
[0m12:41:28.077066 [debug] [Thread-1 (]: On test.news_warehouse.not_null_fct_daily_sentiment_source_name.3bd2b89b77: ROLLBACK
[0m12:41:28.077825 [debug] [Thread-3 (]: On test.news_warehouse.unique_stg_articles_article_key.691d01e603: /* {"app": "dbt", "dbt_version": "1.12.5", "profile_name": "news_warehouse", "target_name": "dev", "node_id": "test.news_warehouse.unique_stg_articles_article_key.691d01e603"} */

    
    select
      count(*) as failures,
      count(*) != 0 as should_warn,
      count(*) != 0 as should_error
    from (
      
    
  
    
    

select
    article_key as unique_field,
    count(*) as n_records

from "warehouse"."main"."stg_articles"
where article_key is not null
group by article_key
having count(*) > 1



  
  
      
    ) dbt_internal_test
[0m12:41:28.078528 [debug] [Thread-4 (]: SQL status: OK in 0.003 seconds
[0m12:41:28.079723 [debug] [Thread-1 (]: On test.news_warehouse.not_null_fct_daily_sentiment_source_name.3bd2b89b77: Close
[0m12:41:28.081790 [debug] [Thread-4 (]: On test.news_warehouse.not_null_stg_articles_article_key.db8c6d35da: ROLLBACK
[0m12:41:28.082606 [debug] [Thread-2 (]: SQL status: OK in 0.003 seconds
[0m12:41:28.084401 [info ] [Thread-1 (]: 5 of 8 PASS not_null_fct_daily_sentiment_source_name ........................... [[32mPASS[0m in 0.08s]
[0m12:41:28.086030 [debug] [Thread-2 (]: On test.news_warehouse.not_null_stg_articles_translated_headline.e4edbf669c: ROLLBACK
[0m12:41:28.086634 [debug] [Thread-3 (]: SQL status: OK in 0.007 seconds
[0m12:41:28.087441 [debug] [Thread-1 (]: Finished running node test.news_warehouse.not_null_fct_daily_sentiment_source_name.3bd2b89b77
[0m12:41:28.087997 [debug] [Thread-4 (]: On test.news_warehouse.not_null_stg_articles_article_key.db8c6d35da: Close
[0m12:41:28.088878 [debug] [Thread-2 (]: On test.news_warehouse.not_null_stg_articles_translated_headline.e4edbf669c: Close
[0m12:41:28.090366 [debug] [Thread-3 (]: On test.news_warehouse.unique_stg_articles_article_key.691d01e603: ROLLBACK
[0m12:41:28.091386 [info ] [Thread-4 (]: 6 of 8 PASS not_null_stg_articles_article_key .................................. [[32mPASS[0m in 0.08s]
[0m12:41:28.092493 [info ] [Thread-2 (]: 7 of 8 PASS not_null_stg_articles_translated_headline .......................... [[32mPASS[0m in 0.07s]
[0m12:41:28.093146 [debug] [Thread-3 (]: On test.news_warehouse.unique_stg_articles_article_key.691d01e603: Close
[0m12:41:28.093864 [debug] [Thread-4 (]: Finished running node test.news_warehouse.not_null_stg_articles_article_key.db8c6d35da
[0m12:41:28.094651 [debug] [Thread-2 (]: Finished running node test.news_warehouse.not_null_stg_articles_translated_headline.e4edbf669c
[0m12:41:28.095451 [info ] [Thread-3 (]: 8 of 8 PASS unique_stg_articles_article_key .................................... [[32mPASS[0m in 0.08s]
[0m12:41:28.096506 [debug] [Thread-3 (]: Finished running node test.news_warehouse.unique_stg_articles_article_key.691d01e603
[0m12:41:28.098029 [debug] [MainThread]: Using duckdb connection "master"
[0m12:41:28.098526 [debug] [MainThread]: On master: BEGIN
[0m12:41:28.098956 [debug] [MainThread]: Opening a new connection, currently in state closed
[0m12:41:28.099701 [debug] [MainThread]: SQL status: OK in 0.001 seconds
[0m12:41:28.100202 [debug] [MainThread]: On master: COMMIT
[0m12:41:28.100651 [debug] [MainThread]: Using duckdb connection "master"
[0m12:41:28.101107 [debug] [MainThread]: On master: COMMIT
[0m12:41:28.101786 [debug] [MainThread]: SQL status: OK in 0.000 seconds
[0m12:41:28.102347 [debug] [MainThread]: On master: Close
[0m12:41:28.102931 [debug] [MainThread]: Connection 'master' was properly closed.
[0m12:41:28.103409 [debug] [MainThread]: Connection 'test.news_warehouse.not_null_fct_daily_sentiment_source_name.3bd2b89b77' was properly closed.
[0m12:41:28.103826 [debug] [MainThread]: Connection 'test.news_warehouse.not_null_stg_articles_translated_headline.e4edbf669c' was properly closed.
[0m12:41:28.104289 [debug] [MainThread]: Connection 'test.news_warehouse.unique_stg_articles_article_key.691d01e603' was properly closed.
[0m12:41:28.104691 [debug] [MainThread]: Connection 'test.news_warehouse.not_null_stg_articles_article_key.db8c6d35da' was properly closed.
[0m12:41:28.105209 [info ] [MainThread]: 
[0m12:41:28.105705 [info ] [MainThread]: Finished running 8 data tests in 0 hours 0 minutes and 0.31 seconds (0.31s).
[0m12:41:28.107531 [debug] [MainThread]: Command end result
[0m12:41:28.148450 [debug] [MainThread]: Wrote artifact WritableManifest to /home/runner/work/Multilingual-News-Sentiment-Entity-Analysis-Pipeline/Multilingual-News-Sentiment-Entity-Analysis-Pipeline/dbt_project/target/manifest.json
[0m12:41:28.151606 [debug] [MainThread]: Wrote artifact SemanticManifest to /home/runner/work/Multilingual-News-Sentiment-Entity-Analysis-Pipeline/Multilingual-News-Sentiment-Entity-Analysis-Pipeline/dbt_project/target/semantic_manifest.json
[0m12:41:28.154590 [debug] [MainThread]: Wrote artifact OsiDocument to /home/runner/work/Multilingual-News-Sentiment-Entity-Analysis-Pipeline/Multilingual-News-Sentiment-Entity-Analysis-Pipeline/dbt_project/target/osi_document.json
[0m12:41:28.163862 [debug] [MainThread]: Wrote artifact RunExecutionResult to /home/runner/work/Multilingual-News-Sentiment-Entity-Analysis-Pipeline/Multilingual-News-Sentiment-Entity-Analysis-Pipeline/dbt_project/target/run_results.json
[0m12:41:28.164448 [info ] [MainThread]: 
[0m12:41:28.165006 [info ] [MainThread]: [32mCompleted successfully[0m
[0m12:41:28.165504 [info ] [MainThread]: 
[0m12:41:28.166021 [info ] [MainThread]: Done. PASS=8 WARN=0 ERROR=0 SKIP=0 NO-OP=0 REUSED=0 TOTAL=8
[0m12:41:28.167046 [debug] [MainThread]: Resource report: {"command_name": "test", "command_success": true, "command_wall_clock_time": 1.309033, "process_in_blocks": "0", "process_kernel_time": 0.129346, "process_mem_max_rss": "193820", "process_out_blocks": "2864", "process_user_time": 2.569883}
[0m12:41:28.167671 [debug] [MainThread]: Command `dbt test` succeeded at 12:41:28.167579 after 1.31 seconds
[0m12:41:28.168237 [debug] [MainThread]: Sending event: {'category': 'dbt', 'action': 'invocation', 'label': 'end', 'context': [<snowplow_tracker.self_describing_json.SelfDescribingJson object at 0x7f4a8af551e0>, <snowplow_tracker.self_describing_json.SelfDescribingJson object at 0x7f4a8ae2cfa0>, <snowplow_tracker.self_describing_json.SelfDescribingJson object at 0x7f4a8a7e7df0>]}
[0m12:41:28.168773 [debug] [MainThread]: Flushing usage events
[0m12:41:28.416750 [debug] [MainThread]: An error was encountered while trying to flush usage events
[0m13:32:57.253191 [debug] [MainThread]: Sending event: {'category': 'dbt', 'action': 'invocation', 'label': 'start', 'context': [<snowplow_tracker.self_describing_json.SelfDescribingJson object at 0x7f999865d330>, <snowplow_tracker.self_describing_json.SelfDescribingJson object at 0x7f999712b700>, <snowplow_tracker.self_describing_json.SelfDescribingJson object at 0x7f999712b6a0>]}


============================== 13:32:57.256110 | 3cfbb314-b89f-4b15-802c-f5ebaad85152 ==============================
[0m13:32:57.256110 [info ] [MainThread]: Running with dbt=1.12.5
[0m13:32:57.256948 [debug] [MainThread]: running dbt with arguments {'log_cache_events': 'False', 'log_format': 'default', 'invocation_command': 'dbt run --profiles-dir .', 'hints_enabled': 'True', 'warn_error_options': 'WarnErrorOptionsV2(error=[], warn=[], silence=[])', 'printer_width': '80', 'static_parser': 'True', 'introspect': 'True', 'cache_selected_only': 'False', 'use_colors': 'True', 'debug': 'False', 'quiet': 'False', 'empty': 'False', 'fail_fast': 'False', 'send_anonymous_usage_stats': 'True', 'version_check': 'True', 'indirect_selection': 'eager', 'use_experimental_parser': 'False', 'log_path': '/home/runner/work/Multilingual-News-Sentiment-Entity-Analysis-Pipeline/Multilingual-News-Sentiment-Entity-Analysis-Pipeline/dbt_project/logs', 'maximum_seed_size_mib': '1', 'target_path': 'None', 'partial_parse': 'True', 'warn_error': 'None', 'write_json': 'True', 'no_print': 'None', 'profiles_dir': '.'}
[0m13:32:57.583474 [debug] [MainThread]: Sending event: {'category': 'dbt', 'action': 'project_id', 'label': '3cfbb314-b89f-4b15-802c-f5ebaad85152', 'context': [<snowplow_tracker.self_describing_json.SelfDescribingJson object at 0x7f999712bf70>]}
[0m13:32:57.715876 [debug] [MainThread]: Sending event: {'category': 'dbt', 'action': 'adapter_info', 'label': '3cfbb314-b89f-4b15-802c-f5ebaad85152', 'context': [<snowplow_tracker.self_describing_json.SelfDescribingJson object at 0x7f9998488400>]}
[0m13:32:57.718220 [info ] [MainThread]: Registered adapter: duckdb=1.11.0
[0m13:32:57.828660 [debug] [MainThread]: checksum: b861a166531065e3c88725a98b0b572675172303180a874f2753e38be84b4181, vars: {}, profile: news_warehouse, target: dev, version: 1.12.5
[0m13:32:58.021600 [debug] [MainThread]: Partial parsing enabled: 0 files deleted, 0 files added, 0 files changed.
[0m13:32:58.022239 [debug] [MainThread]: Nothing changed, skipping partial parsing.
[0m13:32:58.022750 [debug] [MainThread]: Partial parsing enabled, no changes found, skipping parsing
[0m13:32:58.036338 [debug] [MainThread]: Sending event: {'category': 'dbt', 'action': 'load_project', 'label': '3cfbb314-b89f-4b15-802c-f5ebaad85152', 'context': [<snowplow_tracker.self_describing_json.SelfDescribingJson object at 0x7f998ed400d0>]}
[0m13:32:58.253455 [debug] [MainThread]: Wrote artifact WritableManifest to /home/runner/work/Multilingual-News-Sentiment-Entity-Analysis-Pipeline/Multilingual-News-Sentiment-Entity-Analysis-Pipeline/dbt_project/target/manifest.json
[0m13:32:58.256893 [debug] [MainThread]: Wrote artifact SemanticManifest to /home/runner/work/Multilingual-News-Sentiment-Entity-Analysis-Pipeline/Multilingual-News-Sentiment-Entity-Analysis-Pipeline/dbt_project/target/semantic_manifest.json
[0m13:32:58.270933 [debug] [MainThread]: Wrote artifact OsiDocument to /home/runner/work/Multilingual-News-Sentiment-Entity-Analysis-Pipeline/Multilingual-News-Sentiment-Entity-Analysis-Pipeline/dbt_project/target/osi_document.json
[0m13:32:58.302761 [debug] [MainThread]: Sending event: {'category': 'dbt', 'action': 'resource_counts', 'label': '3cfbb314-b89f-4b15-802c-f5ebaad85152', 'context': [<snowplow_tracker.self_describing_json.SelfDescribingJson object at 0x7f998ed0cbb0>]}
[0m13:32:58.303482 [info ] [MainThread]: Found 7 models, 8 data tests, 5 sources, 500 macros
[0m13:32:58.304068 [debug] [MainThread]: Sending event: {'category': 'dbt', 'action': 'runnable_timing', 'label': '3cfbb314-b89f-4b15-802c-f5ebaad85152', 'context': [<snowplow_tracker.self_describing_json.SelfDescribingJson object at 0x7f998ed0f190>]}
[0m13:32:58.306305 [info ] [MainThread]: 
[0m13:32:58.306933 [info ] [MainThread]: Concurrency: 4 threads (target='dev')
[0m13:32:58.307452 [info ] [MainThread]: 
[0m13:32:58.308216 [debug] [MainThread]: Acquiring new duckdb connection 'master'
[0m13:32:58.315544 [debug] [ThreadPool]: Acquiring new duckdb connection 'list_warehouse'
[0m13:32:58.353867 [debug] [ThreadPool]: Using duckdb connection "list_warehouse"
[0m13:32:58.354433 [debug] [ThreadPool]: On list_warehouse: /* {"app": "dbt", "dbt_version": "1.12.5", "profile_name": "news_warehouse", "target_name": "dev", "connection_name": "list_warehouse"} */

    
    select schema_name
    from system.information_schema.schemata
    
    where lower(catalog_name) = '"warehouse"'
    
  
  
[0m13:32:58.354972 [debug] [ThreadPool]: Opening a new connection, currently in state init
[0m13:32:58.369294 [debug] [ThreadPool]: SQL status: OK in 0.014 seconds
[0m13:32:58.370772 [debug] [ThreadPool]: On list_warehouse: Close
[0m13:32:58.371780 [debug] [ThreadPool]: Re-using an available connection from the pool (formerly list_warehouse, now create_warehouse_main)
[0m13:32:58.372474 [debug] [ThreadPool]: Creating schema "database: "warehouse"
schema: "main"
"
[0m13:32:58.381520 [debug] [ThreadPool]: Using duckdb connection "create_warehouse_main"
[0m13:32:58.382092 [debug] [ThreadPool]: On create_warehouse_main: /* {"app": "dbt", "dbt_version": "1.12.5", "profile_name": "news_warehouse", "target_name": "dev", "connection_name": "create_warehouse_main"} */

    
        select type from duckdb_databases()
        where lower(database_name)='warehouse'
        and type != 'duckdb'
    
  
[0m13:32:58.382589 [debug] [ThreadPool]: Opening a new connection, currently in state closed
[0m13:32:58.383624 [debug] [ThreadPool]: SQL status: OK in 0.001 seconds
[0m13:32:58.385038 [debug] [ThreadPool]: Using duckdb connection "create_warehouse_main"
[0m13:32:58.385545 [debug] [ThreadPool]: On create_warehouse_main: BEGIN
[0m13:32:58.386237 [debug] [ThreadPool]: SQL status: OK in 0.000 seconds
[0m13:32:58.386784 [debug] [ThreadPool]: Using duckdb connection "create_warehouse_main"
[0m13:32:58.387426 [debug] [ThreadPool]: On create_warehouse_main: /* {"app": "dbt", "dbt_version": "1.12.5", "profile_name": "news_warehouse", "target_name": "dev", "connection_name": "create_warehouse_main"} */

    
    
        create schema if not exists "warehouse"."main"
    
[0m13:32:58.388232 [debug] [ThreadPool]: SQL status: OK in 0.000 seconds
[0m13:32:58.389244 [debug] [ThreadPool]: On create_warehouse_main: COMMIT
[0m13:32:58.389800 [debug] [ThreadPool]: Using duckdb connection "create_warehouse_main"
[0m13:32:58.390303 [debug] [ThreadPool]: On create_warehouse_main: COMMIT
[0m13:32:58.391017 [debug] [ThreadPool]: SQL status: OK in 0.000 seconds
[0m13:32:58.391565 [debug] [ThreadPool]: On create_warehouse_main: Close
[0m13:32:58.393520 [debug] [ThreadPool]: Re-using an available connection from the pool (formerly create_warehouse_main, now list_warehouse_main)
[0m13:32:58.399215 [debug] [ThreadPool]: Using duckdb connection "list_warehouse_main"
[0m13:32:58.399764 [debug] [ThreadPool]: On list_warehouse_main: BEGIN
[0m13:32:58.400305 [debug] [ThreadPool]: Opening a new connection, currently in state closed
[0m13:32:58.401109 [debug] [ThreadPool]: SQL status: OK in 0.001 seconds
[0m13:32:58.401769 [debug] [ThreadPool]: Using duckdb connection "list_warehouse_main"
[0m13:32:58.402285 [debug] [ThreadPool]: On list_warehouse_main: /* {"app": "dbt", "dbt_version": "1.12.5", "profile_name": "news_warehouse", "target_name": "dev", "connection_name": "list_warehouse_main"} */
select
      'warehouse' as database,
      table_name as name,
      table_schema as schema,
      CASE table_type
        WHEN 'BASE TABLE' THEN 'table'
        WHEN 'VIEW' THEN 'view'
        WHEN 'LOCAL TEMPORARY' THEN 'table'
        END as type
    from system.information_schema.tables
    where lower(table_schema) = 'main'
    and lower(table_catalog) = 'warehouse'
  
[0m13:32:58.405494 [debug] [ThreadPool]: SQL status: OK in 0.003 seconds
[0m13:32:58.407121 [debug] [ThreadPool]: On list_warehouse_main: ROLLBACK
[0m13:32:58.407867 [debug] [ThreadPool]: On list_warehouse_main: Close
[0m13:32:58.410757 [debug] [MainThread]: Sending event: {'category': 'dbt', 'action': 'runnable_timing', 'label': '3cfbb314-b89f-4b15-802c-f5ebaad85152', 'context': [<snowplow_tracker.self_describing_json.SelfDescribingJson object at 0x7f9992b41ae0>]}
[0m13:32:58.411452 [debug] [MainThread]: Using duckdb connection "master"
[0m13:32:58.412011 [debug] [MainThread]: On master: BEGIN
[0m13:32:58.412500 [debug] [MainThread]: Opening a new connection, currently in state init
[0m13:32:58.413348 [debug] [MainThread]: SQL status: OK in 0.001 seconds
[0m13:32:58.413900 [debug] [MainThread]: On master: COMMIT
[0m13:32:58.414404 [debug] [MainThread]: Using duckdb connection "master"
[0m13:32:58.414939 [debug] [MainThread]: On master: COMMIT
[0m13:32:58.415664 [debug] [MainThread]: SQL status: OK in 0.000 seconds
[0m13:32:58.416249 [debug] [MainThread]: On master: Close
[0m13:32:58.422092 [debug] [Thread-1 (]: Began running node model.news_warehouse.dim_entity_summary
[0m13:32:58.422786 [debug] [Thread-2 (]: Began running node model.news_warehouse.stg_articles
[0m13:32:58.423582 [info ] [Thread-1 (]: 1 of 7 START sql table model main.dim_entity_summary ........................... [RUN]
[0m13:32:58.424419 [info ] [Thread-2 (]: 2 of 7 START sql view model main.stg_articles .................................. [RUN]
[0m13:32:58.425151 [debug] [Thread-3 (]: Began running node model.news_warehouse.stg_entities
[0m13:32:58.425949 [debug] [Thread-4 (]: Began running node model.news_warehouse.stg_headlines
[0m13:32:58.426616 [debug] [Thread-1 (]: Re-using an available connection from the pool (formerly list_warehouse_main, now model.news_warehouse.dim_entity_summary)
[0m13:32:58.427426 [debug] [Thread-2 (]: Acquiring new duckdb connection 'model.news_warehouse.stg_articles'
[0m13:32:58.428183 [info ] [Thread-3 (]: 3 of 7 START sql view model main.stg_entities .................................. [RUN]
[0m13:32:58.428977 [info ] [Thread-4 (]: 4 of 7 START sql view model main.stg_headlines ................................. [RUN]
[0m13:32:58.429712 [debug] [Thread-1 (]: Began compiling node model.news_warehouse.dim_entity_summary
[0m13:32:58.430330 [debug] [Thread-2 (]: Began compiling node model.news_warehouse.stg_articles
[0m13:32:58.431101 [debug] [Thread-3 (]: Acquiring new duckdb connection 'model.news_warehouse.stg_entities'
[0m13:32:58.431862 [debug] [Thread-4 (]: Acquiring new duckdb connection 'model.news_warehouse.stg_headlines'
[0m13:32:58.439711 [debug] [Thread-1 (]: Writing injected SQL for node "model.news_warehouse.dim_entity_summary"
[0m13:32:58.442131 [debug] [Thread-2 (]: Writing injected SQL for node "model.news_warehouse.stg_articles"
[0m13:32:58.442850 [debug] [Thread-3 (]: Began compiling node model.news_warehouse.stg_entities
[0m13:32:58.443551 [debug] [Thread-4 (]: Began compiling node model.news_warehouse.stg_headlines
[0m13:32:58.446634 [debug] [Thread-3 (]: Writing injected SQL for node "model.news_warehouse.stg_entities"
[0m13:32:58.450298 [debug] [Thread-4 (]: Writing injected SQL for node "model.news_warehouse.stg_headlines"
[0m13:32:58.450972 [debug] [Thread-2 (]: Began executing node model.news_warehouse.stg_articles
[0m13:32:58.451836 [debug] [Thread-1 (]: Began executing node model.news_warehouse.dim_entity_summary
[0m13:32:58.499393 [debug] [Thread-2 (]: Writing runtime sql for node "model.news_warehouse.stg_articles"
[0m13:32:58.500184 [debug] [Thread-3 (]: Began executing node model.news_warehouse.stg_entities
[0m13:32:58.519552 [debug] [Thread-3 (]: Writing runtime sql for node "model.news_warehouse.stg_entities"
[0m13:32:58.520598 [debug] [Thread-2 (]: Using duckdb connection "model.news_warehouse.stg_articles"
[0m13:32:58.521329 [debug] [Thread-2 (]: On model.news_warehouse.stg_articles: BEGIN
[0m13:32:58.522035 [debug] [Thread-4 (]: Began executing node model.news_warehouse.stg_headlines
[0m13:32:58.533027 [debug] [Thread-2 (]: Opening a new connection, currently in state init
[0m13:32:58.543176 [debug] [Thread-3 (]: Using duckdb connection "model.news_warehouse.stg_entities"
[0m13:32:58.547581 [debug] [Thread-4 (]: Writing runtime sql for node "model.news_warehouse.stg_headlines"
[0m13:32:58.550320 [debug] [Thread-1 (]: Writing runtime sql for node "model.news_warehouse.dim_entity_summary"
[0m13:32:58.551461 [debug] [Thread-3 (]: On model.news_warehouse.stg_entities: BEGIN
[0m13:32:58.552288 [debug] [Thread-2 (]: SQL status: OK in 0.019 seconds
[0m13:32:58.553157 [debug] [Thread-3 (]: Opening a new connection, currently in state init
[0m13:32:58.553816 [debug] [Thread-4 (]: Using duckdb connection "model.news_warehouse.stg_headlines"
[0m13:32:58.554490 [debug] [Thread-2 (]: Using duckdb connection "model.news_warehouse.stg_articles"
[0m13:32:58.555384 [debug] [Thread-1 (]: Using duckdb connection "model.news_warehouse.dim_entity_summary"
[0m13:32:58.556135 [debug] [Thread-4 (]: On model.news_warehouse.stg_headlines: BEGIN
[0m13:32:58.556791 [debug] [Thread-3 (]: SQL status: OK in 0.004 seconds
[0m13:32:58.557439 [debug] [Thread-2 (]: On model.news_warehouse.stg_articles: /* {"app": "dbt", "dbt_version": "1.12.5", "profile_name": "news_warehouse", "target_name": "dev", "node_id": "model.news_warehouse.stg_articles"} */

  
  create view "warehouse"."main"."stg_articles__dbt_tmp" as (
    -- stg_articles.sql
-- Staging model: joins fact_articles with dimension tables to produce
-- a clean, denormalized view of all articles for downstream analytics.



SELECT
    fa.article_key,
    fa.original_headline,
    fa.translated_headline,
    fa.polarity,
    fa.sentiment_label,

    -- Source dimension
    ds.source_name,
    ds.language_code,
    ds.region,
    ds.base_url,

    -- Date dimension
    dd.full_date       AS scrape_date,
    dd.day,
    dd.month,
    dd.year,
    dd.day_of_week,
    dd.week_of_year,
    dd.quarter,
    dd.is_weekend,

    -- Computed fields
    LENGTH(fa.translated_headline) AS headline_length,
    CASE
        WHEN fa.polarity > 0.05  THEN 'positive'
        WHEN fa.polarity < -0.05 THEN 'negative'
        ELSE 'neutral'
    END AS polarity_bucket

FROM fact_articles fa
LEFT JOIN dim_source ds ON fa.source_key = ds.source_key
LEFT JOIN dim_date dd   ON fa.date_key = dd.date_key
  );

[0m13:32:58.558134 [debug] [Thread-1 (]: On model.news_warehouse.dim_entity_summary: BEGIN
[0m13:32:58.558783 [debug] [Thread-4 (]: Opening a new connection, currently in state init
[0m13:32:58.559409 [debug] [Thread-3 (]: Using duckdb connection "model.news_warehouse.stg_entities"
[0m13:32:58.560285 [debug] [Thread-1 (]: Opening a new connection, currently in state closed
[0m13:32:58.561253 [debug] [Thread-2 (]: SQL status: OK in 0.001 seconds
[0m13:32:58.561923 [debug] [Thread-3 (]: On model.news_warehouse.stg_entities: /* {"app": "dbt", "dbt_version": "1.12.5", "profile_name": "news_warehouse", "target_name": "dev", "node_id": "model.news_warehouse.stg_entities"} */

  
  create view "warehouse"."main"."stg_entities__dbt_tmp" as (
    -- stg_entities.sql
-- Mapping dim_entity and bridge_article_entity back to the 'stg_entities' expected by entity_trend.sql



SELECT
    de.entity_text as Entity_Name,
    de.entity_label as Entity_Label,
    bae.article_key as Headline_ID
FROM "warehouse"."main"."dim_entity" de
JOIN "warehouse"."main"."bridge_article_entity" bae ON de.entity_key = bae.entity_key
  );

[0m13:32:58.562590 [debug] [Thread-4 (]: SQL status: OK in 0.004 seconds
[0m13:32:58.569380 [debug] [Thread-2 (]: Using duckdb connection "model.news_warehouse.stg_articles"
[0m13:32:58.570073 [debug] [Thread-1 (]: SQL status: OK in 0.010 seconds
[0m13:32:58.570902 [debug] [Thread-4 (]: Using duckdb connection "model.news_warehouse.stg_headlines"
[0m13:32:58.571600 [debug] [Thread-3 (]: SQL status: OK in 0.001 seconds
[0m13:32:58.572238 [debug] [Thread-2 (]: On model.news_warehouse.stg_articles: /* {"app": "dbt", "dbt_version": "1.12.5", "profile_name": "news_warehouse", "target_name": "dev", "node_id": "model.news_warehouse.stg_articles"} */
alter view "warehouse"."main"."stg_articles" rename to "stg_articles__dbt_backup"
[0m13:32:58.572895 [debug] [Thread-1 (]: Using duckdb connection "model.news_warehouse.dim_entity_summary"
[0m13:32:58.573540 [debug] [Thread-4 (]: On model.news_warehouse.stg_headlines: /* {"app": "dbt", "dbt_version": "1.12.5", "profile_name": "news_warehouse", "target_name": "dev", "node_id": "model.news_warehouse.stg_headlines"} */

  
  create view "warehouse"."main"."stg_headlines__dbt_tmp" as (
    -- stg_headlines.sql
-- Mapping fact_articles to the 'stg_headlines' expected by marks/entity_trend.sql



SELECT
    fa.article_key as Headline_ID,
    ds.source_name as Source_Name,
    fa.translated_headline,
    fa.polarity,
    fa.sentiment_label,
    dd.full_date as Date_Extracted
FROM "warehouse"."main"."fact_articles" fa
JOIN "warehouse"."main"."dim_date" dd ON fa.date_key = dd.date_key
JOIN "warehouse"."main"."dim_source" ds ON fa.source_key = ds.source_key
  );

[0m13:32:58.576543 [debug] [Thread-3 (]: Using duckdb connection "model.news_warehouse.stg_entities"
[0m13:32:58.577542 [debug] [Thread-1 (]: On model.news_warehouse.dim_entity_summary: /* {"app": "dbt", "dbt_version": "1.12.5", "profile_name": "news_warehouse", "target_name": "dev", "node_id": "model.news_warehouse.dim_entity_summary"} */

    

    create  table
      "warehouse"."main"."dim_entity_summary__dbt_tmp"
  
    
    as (
      -- dim_entity_summary.sql
-- Mart model: entity frequency analysis with sentiment correlation.
-- Shows which entities appear most and their average sentiment context.



WITH entity_articles AS (
    SELECT
        de.entity_key,
        de.entity_text,
        de.entity_label,
        fa.article_key,
        fa.polarity,
        fa.sentiment_label,
        ds.source_name,
        dd.full_date AS scrape_date
    FROM bridge_article_entity bae
    JOIN dim_entity de       ON bae.entity_key = de.entity_key
    JOIN fact_articles fa     ON bae.article_key = fa.article_key
    LEFT JOIN dim_source ds   ON fa.source_key = ds.source_key
    LEFT JOIN dim_date dd     ON fa.date_key = dd.date_key
)

SELECT
    entity_text,
    entity_label,

    -- Frequency
    COUNT(DISTINCT article_key)                  AS article_count,
    COUNT(DISTINCT source_name)                  AS source_count,
    COUNT(DISTINCT scrape_date)                  AS days_active,

    -- Sentiment correlation
    ROUND(AVG(polarity), 4)                      AS avg_polarity,
    ROUND(STDDEV(polarity), 4)                   AS stddev_polarity,

    -- Sentiment distribution
    COUNT(CASE WHEN polarity > 0.05  THEN 1 END) AS positive_mentions,
    COUNT(CASE WHEN polarity < -0.05 THEN 1 END) AS negative_mentions,
    COUNT(CASE WHEN polarity BETWEEN -0.05 AND 0.05 THEN 1 END) AS neutral_mentions,

    -- Source spread
    LISTAGG(DISTINCT source_name, ', ')           AS mentioned_in_sources,

    -- Recency
    MAX(scrape_date)                              AS last_seen,
    MIN(scrape_date)                              AS first_seen

FROM entity_articles
GROUP BY entity_text, entity_label
HAVING COUNT(DISTINCT article_key) >= 2
ORDER BY article_count DESC
    );
    
  
[0m13:32:58.578479 [debug] [Thread-3 (]: On model.news_warehouse.stg_entities: /* {"app": "dbt", "dbt_version": "1.12.5", "profile_name": "news_warehouse", "target_name": "dev", "node_id": "model.news_warehouse.stg_entities"} */
alter view "warehouse"."main"."stg_entities" rename to "stg_entities__dbt_backup"
[0m13:32:58.579328 [debug] [Thread-2 (]: SQL status: OK in 0.002 seconds
[0m13:32:58.580369 [debug] [Thread-4 (]: SQL status: OK in 0.002 seconds
[0m13:32:58.584767 [debug] [Thread-2 (]: Using duckdb connection "model.news_warehouse.stg_articles"
[0m13:32:58.588778 [debug] [Thread-4 (]: Using duckdb connection "model.news_warehouse.stg_headlines"
[0m13:32:58.590333 [debug] [Thread-4 (]: On model.news_warehouse.stg_headlines: /* {"app": "dbt", "dbt_version": "1.12.5", "profile_name": "news_warehouse", "target_name": "dev", "node_id": "model.news_warehouse.stg_headlines"} */
alter view "warehouse"."main"."stg_headlines" rename to "stg_headlines__dbt_backup"
[0m13:32:58.591034 [debug] [Thread-3 (]: SQL status: OK in 0.011 seconds
[0m13:32:58.589574 [debug] [Thread-2 (]: On model.news_warehouse.stg_articles: /* {"app": "dbt", "dbt_version": "1.12.5", "profile_name": "news_warehouse", "target_name": "dev", "node_id": "model.news_warehouse.stg_articles"} */
alter view "warehouse"."main"."stg_articles__dbt_tmp" rename to "stg_articles"
[0m13:32:58.594194 [debug] [Thread-3 (]: Using duckdb connection "model.news_warehouse.stg_entities"
[0m13:32:58.595176 [debug] [Thread-3 (]: On model.news_warehouse.stg_entities: /* {"app": "dbt", "dbt_version": "1.12.5", "profile_name": "news_warehouse", "target_name": "dev", "node_id": "model.news_warehouse.stg_entities"} */
alter view "warehouse"."main"."stg_entities__dbt_tmp" rename to "stg_entities"
[0m13:32:58.596370 [debug] [Thread-3 (]: SQL status: OK in 0.000 seconds
[0m13:32:58.602237 [debug] [Thread-2 (]: SQL status: OK in 0.007 seconds
[0m13:32:58.608109 [debug] [Thread-4 (]: SQL status: OK in 0.016 seconds
[0m13:32:58.622386 [debug] [Thread-2 (]: On model.news_warehouse.stg_articles: COMMIT
[0m13:32:58.625944 [debug] [Thread-3 (]: On model.news_warehouse.stg_entities: COMMIT
[0m13:32:58.630674 [debug] [Thread-3 (]: Using duckdb connection "model.news_warehouse.stg_entities"
[0m13:32:58.629260 [debug] [Thread-4 (]: Using duckdb connection "model.news_warehouse.stg_headlines"
[0m13:32:58.632055 [debug] [Thread-4 (]: On model.news_warehouse.stg_headlines: /* {"app": "dbt", "dbt_version": "1.12.5", "profile_name": "news_warehouse", "target_name": "dev", "node_id": "model.news_warehouse.stg_headlines"} */
alter view "warehouse"."main"."stg_headlines__dbt_tmp" rename to "stg_headlines"
[0m13:32:58.629990 [debug] [Thread-2 (]: Using duckdb connection "model.news_warehouse.stg_articles"
[0m13:32:58.632822 [debug] [Thread-2 (]: On model.news_warehouse.stg_articles: COMMIT
[0m13:32:58.631336 [debug] [Thread-3 (]: On model.news_warehouse.stg_entities: COMMIT
[0m13:32:58.637186 [debug] [Thread-4 (]: SQL status: OK in 0.004 seconds
[0m13:32:58.639961 [debug] [Thread-4 (]: On model.news_warehouse.stg_headlines: COMMIT
[0m13:32:58.640759 [debug] [Thread-2 (]: SQL status: OK in 0.007 seconds
[0m13:32:58.641351 [debug] [Thread-4 (]: Using duckdb connection "model.news_warehouse.stg_headlines"
[0m13:32:58.641987 [debug] [Thread-3 (]: SQL status: OK in 0.008 seconds
[0m13:32:58.647914 [debug] [Thread-4 (]: On model.news_warehouse.stg_headlines: COMMIT
[0m13:32:58.649917 [debug] [Thread-2 (]: Using duckdb connection "model.news_warehouse.stg_articles"
[0m13:32:58.652182 [debug] [Thread-3 (]: Using duckdb connection "model.news_warehouse.stg_entities"
[0m13:32:58.653111 [debug] [Thread-2 (]: On model.news_warehouse.stg_articles: /* {"app": "dbt", "dbt_version": "1.12.5", "profile_name": "news_warehouse", "target_name": "dev", "node_id": "model.news_warehouse.stg_articles"} */

      drop view if exists "warehouse"."main"."stg_articles__dbt_backup" cascade
    
[0m13:32:58.654019 [debug] [Thread-3 (]: On model.news_warehouse.stg_entities: /* {"app": "dbt", "dbt_version": "1.12.5", "profile_name": "news_warehouse", "target_name": "dev", "node_id": "model.news_warehouse.stg_entities"} */

      drop view if exists "warehouse"."main"."stg_entities__dbt_backup" cascade
    
[0m13:32:58.654896 [debug] [Thread-4 (]: SQL status: OK in 0.002 seconds
[0m13:32:58.657943 [debug] [Thread-4 (]: Using duckdb connection "model.news_warehouse.stg_headlines"
[0m13:32:58.658654 [debug] [Thread-4 (]: On model.news_warehouse.stg_headlines: /* {"app": "dbt", "dbt_version": "1.12.5", "profile_name": "news_warehouse", "target_name": "dev", "node_id": "model.news_warehouse.stg_headlines"} */

      drop view if exists "warehouse"."main"."stg_headlines__dbt_backup" cascade
    
[0m13:32:58.659913 [debug] [Thread-3 (]: SQL status: OK in 0.004 seconds
[0m13:32:58.665071 [debug] [Thread-3 (]: On model.news_warehouse.stg_entities: Close
[0m13:32:58.669211 [debug] [Thread-2 (]: SQL status: OK in 0.014 seconds
[0m13:32:58.669993 [debug] [Thread-4 (]: SQL status: OK in 0.011 seconds
[0m13:32:58.674895 [debug] [Thread-4 (]: On model.news_warehouse.stg_headlines: Close
[0m13:32:58.672187 [debug] [Thread-2 (]: On model.news_warehouse.stg_articles: Close
[0m13:32:58.675833 [debug] [Thread-3 (]: Sending event: {'category': 'dbt', 'action': 'run_model', 'label': '3cfbb314-b89f-4b15-802c-f5ebaad85152', 'context': [<snowplow_tracker.self_describing_json.SelfDescribingJson object at 0x7f998edab730>]}
[0m13:32:58.677008 [debug] [Thread-2 (]: Sending event: {'category': 'dbt', 'action': 'run_model', 'label': '3cfbb314-b89f-4b15-802c-f5ebaad85152', 'context': [<snowplow_tracker.self_describing_json.SelfDescribingJson object at 0x7f998eea8fa0>]}
[0m13:32:58.682378 [info ] [Thread-2 (]: 2 of 7 OK created sql view model main.stg_articles ............................. [[32mOK[0m in 0.25s]
[0m13:32:58.679564 [info ] [Thread-3 (]: 3 of 7 OK created sql view model main.stg_entities ............................. [[32mOK[0m in 0.24s]
[0m13:32:58.678221 [debug] [Thread-4 (]: Sending event: {'category': 'dbt', 'action': 'run_model', 'label': '3cfbb314-b89f-4b15-802c-f5ebaad85152', 'context': [<snowplow_tracker.self_describing_json.SelfDescribingJson object at 0x7f9992b41ae0>]}
[0m13:32:58.683862 [debug] [Thread-2 (]: Finished running node model.news_warehouse.stg_articles
[0m13:32:58.684846 [debug] [Thread-3 (]: Finished running node model.news_warehouse.stg_entities
[0m13:32:58.685805 [info ] [Thread-4 (]: 4 of 7 OK created sql view model main.stg_headlines ............................ [[32mOK[0m in 0.25s]
[0m13:32:58.687394 [debug] [Thread-4 (]: Finished running node model.news_warehouse.stg_headlines
[0m13:32:58.688177 [debug] [Thread-2 (]: Began running node model.news_warehouse.fct_daily_sentiment
[0m13:32:58.689285 [info ] [Thread-2 (]: 5 of 7 START sql table model main.fct_daily_sentiment .......................... [RUN]
[0m13:32:58.690273 [debug] [Thread-4 (]: Began running node model.news_warehouse.entity_trend
[0m13:32:58.690858 [debug] [Thread-3 (]: Began running node model.news_warehouse.weekly_source_comparison
[0m13:32:58.691444 [debug] [Thread-1 (]: SQL status: OK in 0.111 seconds
[0m13:32:58.692215 [debug] [Thread-2 (]: Re-using an available connection from the pool (formerly model.news_warehouse.stg_articles, now model.news_warehouse.fct_daily_sentiment)
[0m13:32:58.692969 [info ] [Thread-4 (]: 6 of 7 START sql table model main.entity_trend ................................. [RUN]
[0m13:32:58.693808 [info ] [Thread-3 (]: 7 of 7 START sql table model main.weekly_source_comparison ..................... [RUN]
[0m13:32:58.699892 [debug] [Thread-1 (]: Using duckdb connection "model.news_warehouse.dim_entity_summary"
[0m13:32:58.700579 [debug] [Thread-2 (]: Began compiling node model.news_warehouse.fct_daily_sentiment
[0m13:32:58.701336 [debug] [Thread-4 (]: Re-using an available connection from the pool (formerly model.news_warehouse.stg_headlines, now model.news_warehouse.entity_trend)
[0m13:32:58.702061 [debug] [Thread-3 (]: Re-using an available connection from the pool (formerly model.news_warehouse.stg_entities, now model.news_warehouse.weekly_source_comparison)
[0m13:32:58.702735 [debug] [Thread-1 (]: On model.news_warehouse.dim_entity_summary: /* {"app": "dbt", "dbt_version": "1.12.5", "profile_name": "news_warehouse", "target_name": "dev", "node_id": "model.news_warehouse.dim_entity_summary"} */

    SELECT index_name
    FROM duckdb_indexes()
    WHERE database_name = 'warehouse'
      AND schema_name = 'main'
      AND table_name = 'dim_entity_summary'
  
[0m13:32:58.705453 [debug] [Thread-2 (]: Writing injected SQL for node "model.news_warehouse.fct_daily_sentiment"
[0m13:32:58.706148 [debug] [Thread-4 (]: Began compiling node model.news_warehouse.entity_trend
[0m13:32:58.706892 [debug] [Thread-3 (]: Began compiling node model.news_warehouse.weekly_source_comparison
[0m13:32:58.710408 [debug] [Thread-4 (]: Writing injected SQL for node "model.news_warehouse.entity_trend"
[0m13:32:58.712986 [debug] [Thread-3 (]: Writing injected SQL for node "model.news_warehouse.weekly_source_comparison"
[0m13:32:58.713609 [debug] [Thread-2 (]: Began executing node model.news_warehouse.fct_daily_sentiment
[0m13:32:58.714276 [debug] [Thread-1 (]: SQL status: OK in 0.007 seconds
[0m13:32:58.719306 [debug] [Thread-2 (]: Writing runtime sql for node "model.news_warehouse.fct_daily_sentiment"
[0m13:32:58.720066 [debug] [Thread-4 (]: Began executing node model.news_warehouse.entity_trend
[0m13:32:58.720816 [debug] [Thread-3 (]: Began executing node model.news_warehouse.weekly_source_comparison
[0m13:32:58.723704 [debug] [Thread-1 (]: Using duckdb connection "model.news_warehouse.dim_entity_summary"
[0m13:32:58.728170 [debug] [Thread-4 (]: Writing runtime sql for node "model.news_warehouse.entity_trend"
[0m13:32:58.732810 [debug] [Thread-3 (]: Writing runtime sql for node "model.news_warehouse.weekly_source_comparison"
[0m13:32:58.733514 [debug] [Thread-2 (]: Using duckdb connection "model.news_warehouse.fct_daily_sentiment"
[0m13:32:58.734212 [debug] [Thread-1 (]: On model.news_warehouse.dim_entity_summary: /* {"app": "dbt", "dbt_version": "1.12.5", "profile_name": "news_warehouse", "target_name": "dev", "node_id": "model.news_warehouse.dim_entity_summary"} */
alter table "warehouse"."main"."dim_entity_summary" rename to "dim_entity_summary__dbt_backup"
[0m13:32:58.735277 [debug] [Thread-2 (]: On model.news_warehouse.fct_daily_sentiment: BEGIN
[0m13:32:58.735932 [debug] [Thread-4 (]: Using duckdb connection "model.news_warehouse.entity_trend"
[0m13:32:58.736908 [debug] [Thread-3 (]: Using duckdb connection "model.news_warehouse.weekly_source_comparison"
[0m13:32:58.737511 [debug] [Thread-2 (]: Opening a new connection, currently in state closed
[0m13:32:58.738204 [debug] [Thread-4 (]: On model.news_warehouse.entity_trend: BEGIN
[0m13:32:58.738813 [debug] [Thread-1 (]: SQL status: OK in 0.002 seconds
[0m13:32:58.739427 [debug] [Thread-3 (]: On model.news_warehouse.weekly_source_comparison: BEGIN
[0m13:32:58.740267 [debug] [Thread-4 (]: Opening a new connection, currently in state closed
[0m13:32:58.740914 [debug] [Thread-2 (]: SQL status: OK in 0.003 seconds
[0m13:32:58.743612 [debug] [Thread-1 (]: Using duckdb connection "model.news_warehouse.dim_entity_summary"
[0m13:32:58.744285 [debug] [Thread-3 (]: Opening a new connection, currently in state closed
[0m13:32:58.745216 [debug] [Thread-2 (]: Using duckdb connection "model.news_warehouse.fct_daily_sentiment"
[0m13:32:58.745909 [debug] [Thread-1 (]: On model.news_warehouse.dim_entity_summary: /* {"app": "dbt", "dbt_version": "1.12.5", "profile_name": "news_warehouse", "target_name": "dev", "node_id": "model.news_warehouse.dim_entity_summary"} */
alter table "warehouse"."main"."dim_entity_summary__dbt_tmp" rename to "dim_entity_summary"
[0m13:32:58.746498 [debug] [Thread-4 (]: SQL status: OK in 0.006 seconds
[0m13:32:58.747433 [debug] [Thread-2 (]: On model.news_warehouse.fct_daily_sentiment: /* {"app": "dbt", "dbt_version": "1.12.5", "profile_name": "news_warehouse", "target_name": "dev", "node_id": "model.news_warehouse.fct_daily_sentiment"} */

    

    create  table
      "warehouse"."main"."fct_daily_sentiment__dbt_tmp"
  
    
    as (
      -- fct_daily_sentiment.sql
-- Mart model: daily sentiment aggregation by source.
-- Powers the dashboard trend charts and weekly/monthly reports.



SELECT
    sa.scrape_date,
    sa.source_name,
    sa.region,
    sa.language_code,

    -- Measures
    COUNT(*)                                    AS headline_count,
    ROUND(AVG(sa.polarity), 4)                  AS avg_polarity,
    ROUND(STDDEV(sa.polarity), 4)               AS stddev_polarity,
    ROUND(MEDIAN(sa.polarity), 4)               AS median_polarity,
    MIN(sa.polarity)                            AS min_polarity,
    MAX(sa.polarity)                            AS max_polarity,

    -- Sentiment distribution
    COUNT(CASE WHEN sa.polarity_bucket = 'positive' THEN 1 END) AS positive_count,
    COUNT(CASE WHEN sa.polarity_bucket = 'neutral'  THEN 1 END) AS neutral_count,
    COUNT(CASE WHEN sa.polarity_bucket = 'negative' THEN 1 END) AS negative_count,

    -- Percentages
    ROUND(COUNT(CASE WHEN sa.polarity_bucket = 'positive' THEN 1 END) * 100.0 / COUNT(*), 1) AS positive_pct,
    ROUND(COUNT(CASE WHEN sa.polarity_bucket = 'negative' THEN 1 END) * 100.0 / COUNT(*), 1) AS negative_pct,

    -- Date dimensions
    sa.day_of_week,
    sa.week_of_year,
    sa.month,
    sa.year,
    sa.quarter,
    sa.is_weekend

FROM "warehouse"."main"."stg_articles" sa
WHERE sa.scrape_date IS NOT NULL
GROUP BY
    sa.scrape_date, sa.source_name, sa.region, sa.language_code,
    sa.day_of_week, sa.week_of_year, sa.month, sa.year, sa.quarter, sa.is_weekend
ORDER BY sa.scrape_date DESC, sa.source_name
    );
    
  
[0m13:32:58.748193 [debug] [Thread-3 (]: SQL status: OK in 0.004 seconds
[0m13:32:58.748989 [debug] [Thread-4 (]: Using duckdb connection "model.news_warehouse.entity_trend"
[0m13:32:58.750068 [debug] [Thread-3 (]: Using duckdb connection "model.news_warehouse.weekly_source_comparison"
[0m13:32:58.751041 [debug] [Thread-1 (]: SQL status: OK in 0.002 seconds
[0m13:32:58.751715 [debug] [Thread-4 (]: On model.news_warehouse.entity_trend: /* {"app": "dbt", "dbt_version": "1.12.5", "profile_name": "news_warehouse", "target_name": "dev", "node_id": "model.news_warehouse.entity_trend"} */

    

    create  table
      "warehouse"."main"."entity_trend__dbt_tmp"
  
    
    as (
      

WITH entity_weekly AS (
    SELECT
        e.Entity_Name,
        e.Entity_Label,
        DATE_TRUNC('week', CAST(h.Date_Extracted AS DATE)) AS week_start,
        COUNT(*) as mention_count
    FROM "warehouse"."main"."stg_entities" e
    JOIN "warehouse"."main"."stg_headlines" h ON e.Headline_ID = h.Headline_ID
    GROUP BY e.Entity_Name, e.Entity_Label, DATE_TRUNC('week', CAST(h.Date_Extracted AS DATE))
)

SELECT
    curr.Entity_Name,
    curr.Entity_Label,
    curr.week_start,
    curr.mention_count as current_mentions,
    COALESCE(prev.mention_count, 0) as previous_mentions,
    (curr.mention_count - COALESCE(prev.mention_count, 0)) as mention_diff
FROM entity_weekly curr
LEFT JOIN entity_weekly prev 
    ON curr.Entity_Name = prev.Entity_Name
    AND curr.week_start = prev.week_start + INTERVAL 7 DAY
ORDER BY curr.week_start DESC, curr.mention_count DESC
    );
    
  
[0m13:32:58.762367 [debug] [Thread-2 (]: SQL status: OK in 0.013 seconds
[0m13:32:58.761439 [debug] [Thread-1 (]: On model.news_warehouse.dim_entity_summary: COMMIT
[0m13:32:58.752872 [debug] [Thread-3 (]: On model.news_warehouse.weekly_source_comparison: /* {"app": "dbt", "dbt_version": "1.12.5", "profile_name": "news_warehouse", "target_name": "dev", "node_id": "model.news_warehouse.weekly_source_comparison"} */

    

    create  table
      "warehouse"."main"."weekly_source_comparison__dbt_tmp"
  
    
    as (
      

WITH weekly_stats AS (
    SELECT
        Source_Name,
        DATE_TRUNC('week', CAST(Date_Extracted AS DATE)) AS week_start,
        COUNT(*) as headline_count,
        AVG(Polarity) as avg_sentiment
    FROM "warehouse"."main"."stg_headlines"
    GROUP BY Source_Name, DATE_TRUNC('week', CAST(Date_Extracted AS DATE))
)

SELECT
    curr.Source_Name,
    curr.week_start,
    curr.headline_count,
    curr.avg_sentiment as current_sentiment,
    prev.avg_sentiment as previous_sentiment,
    (curr.avg_sentiment - prev.avg_sentiment) as sentiment_shift
FROM weekly_stats curr
LEFT JOIN weekly_stats prev 
    ON curr.Source_Name = prev.Source_Name
    AND curr.week_start = prev.week_start + INTERVAL 7 DAY
ORDER BY curr.week_start DESC, curr.Source_Name
    );
    
  
[0m13:32:58.764086 [debug] [Thread-2 (]: Using duckdb connection "model.news_warehouse.fct_daily_sentiment"
[0m13:32:58.765188 [debug] [Thread-1 (]: Using duckdb connection "model.news_warehouse.dim_entity_summary"
[0m13:32:58.766539 [debug] [Thread-2 (]: On model.news_warehouse.fct_daily_sentiment: /* {"app": "dbt", "dbt_version": "1.12.5", "profile_name": "news_warehouse", "target_name": "dev", "node_id": "model.news_warehouse.fct_daily_sentiment"} */

    SELECT index_name
    FROM duckdb_indexes()
    WHERE database_name = 'warehouse'
      AND schema_name = 'main'
      AND table_name = 'fct_daily_sentiment'
  
[0m13:32:58.770079 [debug] [Thread-1 (]: On model.news_warehouse.dim_entity_summary: COMMIT
[0m13:32:58.771769 [debug] [Thread-2 (]: SQL status: OK in 0.001 seconds
[0m13:32:58.776229 [debug] [Thread-2 (]: Using duckdb connection "model.news_warehouse.fct_daily_sentiment"
[0m13:32:58.777222 [debug] [Thread-2 (]: On model.news_warehouse.fct_daily_sentiment: /* {"app": "dbt", "dbt_version": "1.12.5", "profile_name": "news_warehouse", "target_name": "dev", "node_id": "model.news_warehouse.fct_daily_sentiment"} */
alter table "warehouse"."main"."fct_daily_sentiment" rename to "fct_daily_sentiment__dbt_backup"
[0m13:32:58.778344 [debug] [Thread-3 (]: SQL status: OK in 0.012 seconds
[0m13:32:58.779850 [debug] [Thread-3 (]: Using duckdb connection "model.news_warehouse.weekly_source_comparison"
[0m13:32:58.780572 [debug] [Thread-3 (]: On model.news_warehouse.weekly_source_comparison: /* {"app": "dbt", "dbt_version": "1.12.5", "profile_name": "news_warehouse", "target_name": "dev", "node_id": "model.news_warehouse.weekly_source_comparison"} */

    SELECT index_name
    FROM duckdb_indexes()
    WHERE database_name = 'warehouse'
      AND schema_name = 'main'
      AND table_name = 'weekly_source_comparison'
  
[0m13:32:58.781893 [debug] [Thread-2 (]: SQL status: OK in 0.004 seconds
[0m13:32:58.783010 [debug] [Thread-3 (]: SQL status: OK in 0.001 seconds
[0m13:32:58.786712 [debug] [Thread-2 (]: Using duckdb connection "model.news_warehouse.fct_daily_sentiment"
[0m13:32:58.787467 [debug] [Thread-1 (]: SQL status: OK in 0.016 seconds
[0m13:32:58.790446 [debug] [Thread-3 (]: Using duckdb connection "model.news_warehouse.weekly_source_comparison"
[0m13:32:58.791208 [debug] [Thread-2 (]: On model.news_warehouse.fct_daily_sentiment: /* {"app": "dbt", "dbt_version": "1.12.5", "profile_name": "news_warehouse", "target_name": "dev", "node_id": "model.news_warehouse.fct_daily_sentiment"} */
alter table "warehouse"."main"."fct_daily_sentiment__dbt_tmp" rename to "fct_daily_sentiment"
[0m13:32:58.791991 [debug] [Thread-4 (]: SQL status: OK in 0.030 seconds
[0m13:32:58.794341 [debug] [Thread-1 (]: Using duckdb connection "model.news_warehouse.dim_entity_summary"
[0m13:32:58.795011 [debug] [Thread-3 (]: On model.news_warehouse.weekly_source_comparison: /* {"app": "dbt", "dbt_version": "1.12.5", "profile_name": "news_warehouse", "target_name": "dev", "node_id": "model.news_warehouse.weekly_source_comparison"} */
alter table "warehouse"."main"."weekly_source_comparison" rename to "weekly_source_comparison__dbt_backup"
[0m13:32:58.796610 [debug] [Thread-4 (]: Using duckdb connection "model.news_warehouse.entity_trend"
[0m13:32:58.797271 [debug] [Thread-2 (]: SQL status: OK in 0.002 seconds
[0m13:32:58.797928 [debug] [Thread-1 (]: On model.news_warehouse.dim_entity_summary: /* {"app": "dbt", "dbt_version": "1.12.5", "profile_name": "news_warehouse", "target_name": "dev", "node_id": "model.news_warehouse.dim_entity_summary"} */

      drop table if exists "warehouse"."main"."dim_entity_summary__dbt_backup" cascade
    
[0m13:32:58.798806 [debug] [Thread-4 (]: On model.news_warehouse.entity_trend: /* {"app": "dbt", "dbt_version": "1.12.5", "profile_name": "news_warehouse", "target_name": "dev", "node_id": "model.news_warehouse.entity_trend"} */

    SELECT index_name
    FROM duckdb_indexes()
    WHERE database_name = 'warehouse'
      AND schema_name = 'main'
      AND table_name = 'entity_trend'
  
[0m13:32:58.799451 [debug] [Thread-3 (]: SQL status: OK in 0.001 seconds
[0m13:32:58.802421 [debug] [Thread-2 (]: On model.news_warehouse.fct_daily_sentiment: COMMIT
[0m13:32:58.805637 [debug] [Thread-3 (]: Using duckdb connection "model.news_warehouse.weekly_source_comparison"
[0m13:32:58.806377 [debug] [Thread-2 (]: Using duckdb connection "model.news_warehouse.fct_daily_sentiment"
[0m13:32:58.807226 [debug] [Thread-4 (]: SQL status: OK in 0.004 seconds
[0m13:32:58.807890 [debug] [Thread-3 (]: On model.news_warehouse.weekly_source_comparison: /* {"app": "dbt", "dbt_version": "1.12.5", "profile_name": "news_warehouse", "target_name": "dev", "node_id": "model.news_warehouse.weekly_source_comparison"} */
alter table "warehouse"."main"."weekly_source_comparison__dbt_tmp" rename to "weekly_source_comparison"
[0m13:32:58.808490 [debug] [Thread-1 (]: SQL status: OK in 0.005 seconds
[0m13:32:58.809135 [debug] [Thread-2 (]: On model.news_warehouse.fct_daily_sentiment: COMMIT
[0m13:32:58.812343 [debug] [Thread-4 (]: Using duckdb connection "model.news_warehouse.entity_trend"
[0m13:32:58.814217 [debug] [Thread-1 (]: On model.news_warehouse.dim_entity_summary: Close
[0m13:32:58.814834 [debug] [Thread-3 (]: SQL status: OK in 0.005 seconds
[0m13:32:58.815611 [debug] [Thread-4 (]: On model.news_warehouse.entity_trend: /* {"app": "dbt", "dbt_version": "1.12.5", "profile_name": "news_warehouse", "target_name": "dev", "node_id": "model.news_warehouse.entity_trend"} */
alter table "warehouse"."main"."entity_trend" rename to "entity_trend__dbt_backup"
[0m13:32:58.816769 [debug] [Thread-1 (]: Sending event: {'category': 'dbt', 'action': 'run_model', 'label': '3cfbb314-b89f-4b15-802c-f5ebaad85152', 'context': [<snowplow_tracker.self_describing_json.SelfDescribingJson object at 0x7f998ec084c0>]}
[0m13:32:58.819745 [debug] [Thread-3 (]: On model.news_warehouse.weekly_source_comparison: COMMIT
[0m13:32:58.820708 [debug] [Thread-2 (]: SQL status: OK in 0.005 seconds
[0m13:32:58.821725 [info ] [Thread-1 (]: 1 of 7 OK created sql table model main.dim_entity_summary ...................... [[32mOK[0m in 0.39s]
[0m13:32:58.822454 [debug] [Thread-3 (]: Using duckdb connection "model.news_warehouse.weekly_source_comparison"
[0m13:32:58.823072 [debug] [Thread-4 (]: SQL status: OK in 0.003 seconds
[0m13:32:58.825266 [debug] [Thread-2 (]: Using duckdb connection "model.news_warehouse.fct_daily_sentiment"
[0m13:32:58.826187 [debug] [Thread-1 (]: Finished running node model.news_warehouse.dim_entity_summary
[0m13:32:58.826992 [debug] [Thread-3 (]: On model.news_warehouse.weekly_source_comparison: COMMIT
[0m13:32:58.829791 [debug] [Thread-4 (]: Using duckdb connection "model.news_warehouse.entity_trend"
[0m13:32:58.830443 [debug] [Thread-2 (]: On model.news_warehouse.fct_daily_sentiment: /* {"app": "dbt", "dbt_version": "1.12.5", "profile_name": "news_warehouse", "target_name": "dev", "node_id": "model.news_warehouse.fct_daily_sentiment"} */

      drop table if exists "warehouse"."main"."fct_daily_sentiment__dbt_backup" cascade
    
[0m13:32:58.831437 [debug] [Thread-4 (]: On model.news_warehouse.entity_trend: /* {"app": "dbt", "dbt_version": "1.12.5", "profile_name": "news_warehouse", "target_name": "dev", "node_id": "model.news_warehouse.entity_trend"} */
alter table "warehouse"."main"."entity_trend__dbt_tmp" rename to "entity_trend"
[0m13:32:58.832230 [debug] [Thread-3 (]: SQL status: OK in 0.001 seconds
[0m13:32:58.834739 [debug] [Thread-3 (]: Using duckdb connection "model.news_warehouse.weekly_source_comparison"
[0m13:32:58.835397 [debug] [Thread-4 (]: SQL status: OK in 0.002 seconds
[0m13:32:58.836216 [debug] [Thread-2 (]: SQL status: OK in 0.003 seconds
[0m13:32:58.836843 [debug] [Thread-3 (]: On model.news_warehouse.weekly_source_comparison: /* {"app": "dbt", "dbt_version": "1.12.5", "profile_name": "news_warehouse", "target_name": "dev", "node_id": "model.news_warehouse.weekly_source_comparison"} */

      drop table if exists "warehouse"."main"."weekly_source_comparison__dbt_backup" cascade
    
[0m13:32:58.839797 [debug] [Thread-4 (]: On model.news_warehouse.entity_trend: COMMIT
[0m13:32:58.841537 [debug] [Thread-2 (]: On model.news_warehouse.fct_daily_sentiment: Close
[0m13:32:58.842406 [debug] [Thread-4 (]: Using duckdb connection "model.news_warehouse.entity_trend"
[0m13:32:58.843554 [debug] [Thread-2 (]: Sending event: {'category': 'dbt', 'action': 'run_model', 'label': '3cfbb314-b89f-4b15-802c-f5ebaad85152', 'context': [<snowplow_tracker.self_describing_json.SelfDescribingJson object at 0x7f999a282f50>]}
[0m13:32:58.844222 [debug] [Thread-3 (]: SQL status: OK in 0.002 seconds
[0m13:32:58.844822 [debug] [Thread-4 (]: On model.news_warehouse.entity_trend: COMMIT
[0m13:32:58.845775 [info ] [Thread-2 (]: 5 of 7 OK created sql table model main.fct_daily_sentiment ..................... [[32mOK[0m in 0.15s]
[0m13:32:58.847404 [debug] [Thread-3 (]: On model.news_warehouse.weekly_source_comparison: Close
[0m13:32:58.848530 [debug] [Thread-2 (]: Finished running node model.news_warehouse.fct_daily_sentiment
[0m13:32:58.849993 [debug] [Thread-3 (]: Sending event: {'category': 'dbt', 'action': 'run_model', 'label': '3cfbb314-b89f-4b15-802c-f5ebaad85152', 'context': [<snowplow_tracker.self_describing_json.SelfDescribingJson object at 0x7f998c72b550>]}
[0m13:32:58.850945 [info ] [Thread-3 (]: 7 of 7 OK created sql table model main.weekly_source_comparison ................ [[32mOK[0m in 0.15s]
[0m13:32:58.851938 [debug] [Thread-3 (]: Finished running node model.news_warehouse.weekly_source_comparison
[0m13:32:58.852661 [debug] [Thread-4 (]: SQL status: OK in 0.005 seconds
[0m13:32:58.854828 [debug] [Thread-4 (]: Using duckdb connection "model.news_warehouse.entity_trend"
[0m13:32:58.855398 [debug] [Thread-4 (]: On model.news_warehouse.entity_trend: /* {"app": "dbt", "dbt_version": "1.12.5", "profile_name": "news_warehouse", "target_name": "dev", "node_id": "model.news_warehouse.entity_trend"} */

      drop table if exists "warehouse"."main"."entity_trend__dbt_backup" cascade
    
[0m13:32:58.858928 [debug] [Thread-4 (]: SQL status: OK in 0.003 seconds
[0m13:32:58.860471 [debug] [Thread-4 (]: On model.news_warehouse.entity_trend: Close
[0m13:32:58.861269 [debug] [Thread-4 (]: Sending event: {'category': 'dbt', 'action': 'run_model', 'label': '3cfbb314-b89f-4b15-802c-f5ebaad85152', 'context': [<snowplow_tracker.self_describing_json.SelfDescribingJson object at 0x7f998ed41000>]}
[0m13:32:58.862086 [info ] [Thread-4 (]: 6 of 7 OK created sql table model main.entity_trend ............................ [[32mOK[0m in 0.16s]
[0m13:32:58.862916 [debug] [Thread-4 (]: Finished running node model.news_warehouse.entity_trend
[0m13:32:58.864524 [debug] [MainThread]: Using duckdb connection "master"
[0m13:32:58.865345 [debug] [MainThread]: On master: BEGIN
[0m13:32:58.866088 [debug] [MainThread]: Opening a new connection, currently in state closed
[0m13:32:58.866904 [debug] [MainThread]: SQL status: OK in 0.001 seconds
[0m13:32:58.867441 [debug] [MainThread]: On master: COMMIT
[0m13:32:58.868004 [debug] [MainThread]: Using duckdb connection "master"
[0m13:32:58.868498 [debug] [MainThread]: On master: COMMIT
[0m13:32:58.869240 [debug] [MainThread]: SQL status: OK in 0.000 seconds
[0m13:32:58.869819 [debug] [MainThread]: On master: Close
[0m13:32:58.870446 [debug] [MainThread]: Connection 'master' was properly closed.
[0m13:32:58.870978 [debug] [MainThread]: Connection 'model.news_warehouse.dim_entity_summary' was properly closed.
[0m13:32:58.871447 [debug] [MainThread]: Connection 'model.news_warehouse.fct_daily_sentiment' was properly closed.
[0m13:32:58.871949 [debug] [MainThread]: Connection 'model.news_warehouse.weekly_source_comparison' was properly closed.
[0m13:32:58.872409 [debug] [MainThread]: Connection 'model.news_warehouse.entity_trend' was properly closed.
[0m13:32:58.873041 [info ] [MainThread]: 
[0m13:32:58.873582 [info ] [MainThread]: Finished running 4 table models, 3 view models in 0 hours 0 minutes and 0.56 seconds (0.56s).
[0m13:32:58.875474 [debug] [MainThread]: Command end result
[0m13:32:58.920300 [debug] [MainThread]: Wrote artifact WritableManifest to /home/runner/work/Multilingual-News-Sentiment-Entity-Analysis-Pipeline/Multilingual-News-Sentiment-Entity-Analysis-Pipeline/dbt_project/target/manifest.json
[0m13:32:58.923761 [debug] [MainThread]: Wrote artifact SemanticManifest to /home/runner/work/Multilingual-News-Sentiment-Entity-Analysis-Pipeline/Multilingual-News-Sentiment-Entity-Analysis-Pipeline/dbt_project/target/semantic_manifest.json
[0m13:32:58.926895 [debug] [MainThread]: Wrote artifact OsiDocument to /home/runner/work/Multilingual-News-Sentiment-Entity-Analysis-Pipeline/Multilingual-News-Sentiment-Entity-Analysis-Pipeline/dbt_project/target/osi_document.json
[0m13:32:58.936370 [debug] [MainThread]: Wrote artifact RunExecutionResult to /home/runner/work/Multilingual-News-Sentiment-Entity-Analysis-Pipeline/Multilingual-News-Sentiment-Entity-Analysis-Pipeline/dbt_project/target/run_results.json
[0m13:32:58.936966 [info ] [MainThread]: 
[0m13:32:58.937582 [info ] [MainThread]: [32mCompleted successfully[0m
[0m13:32:58.938139 [info ] [MainThread]: 
[0m13:32:58.938716 [info ] [MainThread]: Done. PASS=7 WARN=0 ERROR=0 SKIP=0 NO-OP=0 REUSED=0 TOTAL=7
[0m13:32:58.945644 [debug] [MainThread]: Resource report: {"command_name": "run", "command_success": true, "command_wall_clock_time": 1.7937645, "process_in_blocks": "2000", "process_kernel_time": 0.207255, "process_mem_max_rss": "304980", "process_out_blocks": "7296", "process_user_time": 3.467743}
[0m13:32:58.946392 [debug] [MainThread]: Command `dbt run` succeeded at 13:32:58.946280 after 1.79 seconds
[0m13:32:58.946996 [debug] [MainThread]: Sending event: {'category': 'dbt', 'action': 'invocation', 'label': 'end', 'context': [<snowplow_tracker.self_describing_json.SelfDescribingJson object at 0x7f999865d330>, <snowplow_tracker.self_describing_json.SelfDescribingJson object at 0x7f999a282f50>, <snowplow_tracker.self_describing_json.SelfDescribingJson object at 0x7f998f930430>]}
[0m13:32:58.947582 [debug] [MainThread]: Flushing usage events
[0m13:32:59.208170 [debug] [MainThread]: An error was encountered while trying to flush usage events
[0m13:33:01.170997 [debug] [MainThread]: Sending event: {'category': 'dbt', 'action': 'invocation', 'label': 'start', 'context': [<snowplow_tracker.self_describing_json.SelfDescribingJson object at 0x7f1ba33a9120>, <snowplow_tracker.self_describing_json.SelfDescribingJson object at 0x7f1ba1e6f5b0>, <snowplow_tracker.self_describing_json.SelfDescribingJson object at 0x7f1ba1e6f550>]}


============================== 13:33:01.174039 | d6527761-4a0a-44af-a705-9ce1504a5bad ==============================
[0m13:33:01.174039 [info ] [MainThread]: Running with dbt=1.12.5
[0m13:33:01.174816 [debug] [MainThread]: running dbt with arguments {'profiles_dir': '.', 'debug': 'False', 'printer_width': '80', 'log_path': '/home/runner/work/Multilingual-News-Sentiment-Entity-Analysis-Pipeline/Multilingual-News-Sentiment-Entity-Analysis-Pipeline/dbt_project/logs', 'no_print': 'None', 'maximum_seed_size_mib': '1', 'fail_fast': 'False', 'cache_selected_only': 'False', 'target_path': 'None', 'warn_error_options': 'WarnErrorOptionsV2(error=[], warn=[], silence=[])', 'invocation_command': 'dbt test --profiles-dir .', 'indirect_selection': 'eager', 'quiet': 'False', 'send_anonymous_usage_stats': 'True', 'write_json': 'True', 'hints_enabled': 'True', 'use_colors': 'True', 'partial_parse': 'True', 'log_format': 'default', 'log_cache_events': 'False', 'empty': 'None', 'static_parser': 'True', 'version_check': 'True', 'introspect': 'True', 'warn_error': 'None', 'use_experimental_parser': 'False'}
[0m13:33:01.461364 [debug] [MainThread]: Sending event: {'category': 'dbt', 'action': 'project_id', 'label': 'd6527761-4a0a-44af-a705-9ce1504a5bad', 'context': [<snowplow_tracker.self_describing_json.SelfDescribingJson object at 0x7f1ba1f4b160>]}
[0m13:33:01.595858 [debug] [MainThread]: Sending event: {'category': 'dbt', 'action': 'adapter_info', 'label': 'd6527761-4a0a-44af-a705-9ce1504a5bad', 'context': [<snowplow_tracker.self_describing_json.SelfDescribingJson object at 0x7f1ba2825db0>]}
[0m13:33:01.598208 [info ] [MainThread]: Registered adapter: duckdb=1.11.0
[0m13:33:01.714303 [debug] [MainThread]: checksum: b861a166531065e3c88725a98b0b572675172303180a874f2753e38be84b4181, vars: {}, profile: news_warehouse, target: dev, version: 1.12.5
[0m13:33:01.905870 [debug] [MainThread]: Partial parsing enabled: 0 files deleted, 0 files added, 0 files changed.
[0m13:33:01.906535 [debug] [MainThread]: Nothing changed, skipping partial parsing.
[0m13:33:01.907051 [debug] [MainThread]: Partial parsing enabled, no changes found, skipping parsing
[0m13:33:01.920732 [debug] [MainThread]: Sending event: {'category': 'dbt', 'action': 'load_project', 'label': 'd6527761-4a0a-44af-a705-9ce1504a5bad', 'context': [<snowplow_tracker.self_describing_json.SelfDescribingJson object at 0x7f1b99b500d0>]}
[0m13:33:02.138016 [debug] [MainThread]: Wrote artifact WritableManifest to /home/runner/work/Multilingual-News-Sentiment-Entity-Analysis-Pipeline/Multilingual-News-Sentiment-Entity-Analysis-Pipeline/dbt_project/target/manifest.json
[0m13:33:02.141488 [debug] [MainThread]: Wrote artifact SemanticManifest to /home/runner/work/Multilingual-News-Sentiment-Entity-Analysis-Pipeline/Multilingual-News-Sentiment-Entity-Analysis-Pipeline/dbt_project/target/semantic_manifest.json
[0m13:33:02.155342 [debug] [MainThread]: Wrote artifact OsiDocument to /home/runner/work/Multilingual-News-Sentiment-Entity-Analysis-Pipeline/Multilingual-News-Sentiment-Entity-Analysis-Pipeline/dbt_project/target/osi_document.json
[0m13:33:02.172926 [debug] [MainThread]: Sending event: {'category': 'dbt', 'action': 'resource_counts', 'label': 'd6527761-4a0a-44af-a705-9ce1504a5bad', 'context': [<snowplow_tracker.self_describing_json.SelfDescribingJson object at 0x7f1b99b2ace0>]}
[0m13:33:02.173644 [info ] [MainThread]: Found 7 models, 8 data tests, 5 sources, 500 macros
[0m13:33:02.174269 [debug] [MainThread]: Sending event: {'category': 'dbt', 'action': 'runnable_timing', 'label': 'd6527761-4a0a-44af-a705-9ce1504a5bad', 'context': [<snowplow_tracker.self_describing_json.SelfDescribingJson object at 0x7f1b99b2b550>]}
[0m13:33:02.176636 [info ] [MainThread]: 
[0m13:33:02.177276 [info ] [MainThread]: Concurrency: 4 threads (target='dev')
[0m13:33:02.177857 [info ] [MainThread]: 
[0m13:33:02.178653 [debug] [MainThread]: Acquiring new duckdb connection 'master'
[0m13:33:02.185970 [debug] [ThreadPool]: Acquiring new duckdb connection 'list_warehouse_main'
[0m13:33:02.222573 [debug] [ThreadPool]: Using duckdb connection "list_warehouse_main"
[0m13:33:02.223176 [debug] [ThreadPool]: On list_warehouse_main: BEGIN
[0m13:33:02.223674 [debug] [ThreadPool]: Opening a new connection, currently in state init
[0m13:33:02.237276 [debug] [ThreadPool]: SQL status: OK in 0.014 seconds
[0m13:33:02.237848 [debug] [ThreadPool]: Using duckdb connection "list_warehouse_main"
[0m13:33:02.238368 [debug] [ThreadPool]: On list_warehouse_main: /* {"app": "dbt", "dbt_version": "1.12.5", "profile_name": "news_warehouse", "target_name": "dev", "connection_name": "list_warehouse_main"} */
select
      'warehouse' as database,
      table_name as name,
      table_schema as schema,
      CASE table_type
        WHEN 'BASE TABLE' THEN 'table'
        WHEN 'VIEW' THEN 'view'
        WHEN 'LOCAL TEMPORARY' THEN 'table'
        END as type
    from system.information_schema.tables
    where lower(table_schema) = 'main'
    and lower(table_catalog) = 'warehouse'
  
[0m13:33:02.242089 [debug] [ThreadPool]: SQL status: OK in 0.003 seconds
[0m13:33:02.243766 [debug] [ThreadPool]: On list_warehouse_main: ROLLBACK
[0m13:33:02.244506 [debug] [ThreadPool]: On list_warehouse_main: Close
[0m13:33:02.247528 [debug] [MainThread]: Sending event: {'category': 'dbt', 'action': 'runnable_timing', 'label': 'd6527761-4a0a-44af-a705-9ce1504a5bad', 'context': [<snowplow_tracker.self_describing_json.SelfDescribingJson object at 0x7f1b99ca7010>]}
[0m13:33:02.248239 [debug] [MainThread]: Using duckdb connection "master"
[0m13:33:02.248781 [debug] [MainThread]: On master: BEGIN
[0m13:33:02.249310 [debug] [MainThread]: Opening a new connection, currently in state init
[0m13:33:02.250167 [debug] [MainThread]: SQL status: OK in 0.001 seconds
[0m13:33:02.250741 [debug] [MainThread]: On master: COMMIT
[0m13:33:02.251288 [debug] [MainThread]: Using duckdb connection "master"
[0m13:33:02.251809 [debug] [MainThread]: On master: COMMIT
[0m13:33:02.252494 [debug] [MainThread]: SQL status: OK in 0.000 seconds
[0m13:33:02.253052 [debug] [MainThread]: On master: Close
[0m13:33:02.256306 [debug] [Thread-1 (]: Began running node test.news_warehouse.not_null_dim_entity_summary_article_count.e113c5cc88
[0m13:33:02.257030 [debug] [Thread-2 (]: Began running node test.news_warehouse.not_null_dim_entity_summary_entity_text.e9b5760dbb
[0m13:33:02.257642 [info ] [Thread-1 (]: 1 of 8 START test not_null_dim_entity_summary_article_count .................... [RUN]
[0m13:33:02.258397 [debug] [Thread-3 (]: Began running node test.news_warehouse.not_null_fct_daily_sentiment_headline_count.8aa7f0a6da
[0m13:33:02.259091 [debug] [Thread-4 (]: Began running node test.news_warehouse.not_null_fct_daily_sentiment_scrape_date.b09ab12093
[0m13:33:02.259676 [info ] [Thread-2 (]: 2 of 8 START test not_null_dim_entity_summary_entity_text ...................... [RUN]
[0m13:33:02.260451 [debug] [Thread-1 (]: Re-using an available connection from the pool (formerly list_warehouse_main, now test.news_warehouse.not_null_dim_entity_summary_article_count.e113c5cc88)
[0m13:33:02.261106 [info ] [Thread-3 (]: 3 of 8 START test not_null_fct_daily_sentiment_headline_count .................. [RUN]
[0m13:33:02.261797 [info ] [Thread-4 (]: 4 of 8 START test not_null_fct_daily_sentiment_scrape_date ..................... [RUN]
[0m13:33:02.262628 [debug] [Thread-2 (]: Acquiring new duckdb connection 'test.news_warehouse.not_null_dim_entity_summary_entity_text.e9b5760dbb'
[0m13:33:02.263290 [debug] [Thread-1 (]: Began compiling node test.news_warehouse.not_null_dim_entity_summary_article_count.e113c5cc88
[0m13:33:02.264077 [debug] [Thread-3 (]: Acquiring new duckdb connection 'test.news_warehouse.not_null_fct_daily_sentiment_headline_count.8aa7f0a6da'
[0m13:33:02.264842 [debug] [Thread-4 (]: Acquiring new duckdb connection 'test.news_warehouse.not_null_fct_daily_sentiment_scrape_date.b09ab12093'
[0m13:33:02.265451 [debug] [Thread-2 (]: Began compiling node test.news_warehouse.not_null_dim_entity_summary_entity_text.e9b5760dbb
[0m13:33:02.271307 [debug] [Thread-3 (]: Began compiling node test.news_warehouse.not_null_fct_daily_sentiment_headline_count.8aa7f0a6da
[0m13:33:02.286914 [debug] [Thread-4 (]: Began compiling node test.news_warehouse.not_null_fct_daily_sentiment_scrape_date.b09ab12093
[0m13:33:02.289803 [debug] [Thread-1 (]: Writing injected SQL for node "test.news_warehouse.not_null_dim_entity_summary_article_count.e113c5cc88"
[0m13:33:02.298096 [debug] [Thread-2 (]: Writing injected SQL for node "test.news_warehouse.not_null_dim_entity_summary_entity_text.e9b5760dbb"
[0m13:33:02.311204 [debug] [Thread-3 (]: Writing injected SQL for node "test.news_warehouse.not_null_fct_daily_sentiment_headline_count.8aa7f0a6da"
[0m13:33:02.314416 [debug] [Thread-4 (]: Writing injected SQL for node "test.news_warehouse.not_null_fct_daily_sentiment_scrape_date.b09ab12093"
[0m13:33:02.315652 [debug] [Thread-1 (]: Began executing node test.news_warehouse.not_null_dim_entity_summary_article_count.e113c5cc88
[0m13:33:02.321869 [debug] [Thread-2 (]: Began executing node test.news_warehouse.not_null_dim_entity_summary_entity_text.e9b5760dbb
[0m13:33:02.327789 [debug] [Thread-3 (]: Began executing node test.news_warehouse.not_null_fct_daily_sentiment_headline_count.8aa7f0a6da
[0m13:33:02.359654 [debug] [Thread-2 (]: Writing runtime sql for node "test.news_warehouse.not_null_dim_entity_summary_entity_text.e9b5760dbb"
[0m13:33:02.369943 [debug] [Thread-3 (]: Writing runtime sql for node "test.news_warehouse.not_null_fct_daily_sentiment_headline_count.8aa7f0a6da"
[0m13:33:02.372321 [debug] [Thread-1 (]: Writing runtime sql for node "test.news_warehouse.not_null_dim_entity_summary_article_count.e113c5cc88"
[0m13:33:02.373336 [debug] [Thread-4 (]: Began executing node test.news_warehouse.not_null_fct_daily_sentiment_scrape_date.b09ab12093
[0m13:33:02.375900 [debug] [Thread-4 (]: Writing runtime sql for node "test.news_warehouse.not_null_fct_daily_sentiment_scrape_date.b09ab12093"
[0m13:33:02.376635 [debug] [Thread-3 (]: Using duckdb connection "test.news_warehouse.not_null_fct_daily_sentiment_headline_count.8aa7f0a6da"
[0m13:33:02.377817 [debug] [Thread-3 (]: On test.news_warehouse.not_null_fct_daily_sentiment_headline_count.8aa7f0a6da: BEGIN
[0m13:33:02.378533 [debug] [Thread-1 (]: Using duckdb connection "test.news_warehouse.not_null_dim_entity_summary_article_count.e113c5cc88"
[0m13:33:02.379143 [debug] [Thread-3 (]: Opening a new connection, currently in state init
[0m13:33:02.379825 [debug] [Thread-2 (]: Using duckdb connection "test.news_warehouse.not_null_dim_entity_summary_entity_text.e9b5760dbb"
[0m13:33:02.380497 [debug] [Thread-1 (]: On test.news_warehouse.not_null_dim_entity_summary_article_count.e113c5cc88: BEGIN
[0m13:33:02.381597 [debug] [Thread-2 (]: On test.news_warehouse.not_null_dim_entity_summary_entity_text.e9b5760dbb: BEGIN
[0m13:33:02.382375 [debug] [Thread-1 (]: Opening a new connection, currently in state closed
[0m13:33:02.383042 [debug] [Thread-4 (]: Using duckdb connection "test.news_warehouse.not_null_fct_daily_sentiment_scrape_date.b09ab12093"
[0m13:33:02.383672 [debug] [Thread-3 (]: SQL status: OK in 0.005 seconds
[0m13:33:02.384326 [debug] [Thread-2 (]: Opening a new connection, currently in state init
[0m13:33:02.385269 [debug] [Thread-4 (]: On test.news_warehouse.not_null_fct_daily_sentiment_scrape_date.b09ab12093: BEGIN
[0m13:33:02.385966 [debug] [Thread-3 (]: Using duckdb connection "test.news_warehouse.not_null_fct_daily_sentiment_headline_count.8aa7f0a6da"
[0m13:33:02.386844 [debug] [Thread-1 (]: SQL status: OK in 0.004 seconds
[0m13:33:02.387458 [debug] [Thread-4 (]: Opening a new connection, currently in state init
[0m13:33:02.388155 [debug] [Thread-3 (]: On test.news_warehouse.not_null_fct_daily_sentiment_headline_count.8aa7f0a6da: /* {"app": "dbt", "dbt_version": "1.12.5", "profile_name": "news_warehouse", "target_name": "dev", "node_id": "test.news_warehouse.not_null_fct_daily_sentiment_headline_count.8aa7f0a6da"} */

    
    select
      count(*) as failures,
      count(*) != 0 as should_warn,
      count(*) != 0 as should_error
    from (
      
    
  
    
    



select headline_count
from "warehouse"."main"."fct_daily_sentiment"
where headline_count is null



  
  
      
    ) dbt_internal_test
[0m13:33:02.388786 [debug] [Thread-2 (]: SQL status: OK in 0.004 seconds
[0m13:33:02.389460 [debug] [Thread-1 (]: Using duckdb connection "test.news_warehouse.not_null_dim_entity_summary_article_count.e113c5cc88"
[0m13:33:02.390548 [debug] [Thread-2 (]: Using duckdb connection "test.news_warehouse.not_null_dim_entity_summary_entity_text.e9b5760dbb"
[0m13:33:02.391525 [debug] [Thread-1 (]: On test.news_warehouse.not_null_dim_entity_summary_article_count.e113c5cc88: /* {"app": "dbt", "dbt_version": "1.12.5", "profile_name": "news_warehouse", "target_name": "dev", "node_id": "test.news_warehouse.not_null_dim_entity_summary_article_count.e113c5cc88"} */

    
    select
      count(*) as failures,
      count(*) != 0 as should_warn,
      count(*) != 0 as should_error
    from (
      
    
  
    
    



select article_count
from "warehouse"."main"."dim_entity_summary"
where article_count is null



  
  
      
    ) dbt_internal_test
[0m13:33:02.392167 [debug] [Thread-4 (]: SQL status: OK in 0.005 seconds
[0m13:33:02.392804 [debug] [Thread-3 (]: SQL status: OK in 0.002 seconds
[0m13:33:02.393431 [debug] [Thread-2 (]: On test.news_warehouse.not_null_dim_entity_summary_entity_text.e9b5760dbb: /* {"app": "dbt", "dbt_version": "1.12.5", "profile_name": "news_warehouse", "target_name": "dev", "node_id": "test.news_warehouse.not_null_dim_entity_summary_entity_text.e9b5760dbb"} */

    
    select
      count(*) as failures,
      count(*) != 0 as should_warn,
      count(*) != 0 as should_error
    from (
      
    
  
    
    



select entity_text
from "warehouse"."main"."dim_entity_summary"
where entity_text is null



  
  
      
    ) dbt_internal_test
[0m13:33:02.394389 [debug] [Thread-4 (]: Using duckdb connection "test.news_warehouse.not_null_fct_daily_sentiment_scrape_date.b09ab12093"
[0m13:33:02.395267 [debug] [Thread-1 (]: SQL status: OK in 0.001 seconds
[0m13:33:02.400719 [debug] [Thread-3 (]: On test.news_warehouse.not_null_fct_daily_sentiment_headline_count.8aa7f0a6da: ROLLBACK
[0m13:33:02.401610 [debug] [Thread-4 (]: On test.news_warehouse.not_null_fct_daily_sentiment_scrape_date.b09ab12093: /* {"app": "dbt", "dbt_version": "1.12.5", "profile_name": "news_warehouse", "target_name": "dev", "node_id": "test.news_warehouse.not_null_fct_daily_sentiment_scrape_date.b09ab12093"} */

    
    select
      count(*) as failures,
      count(*) != 0 as should_warn,
      count(*) != 0 as should_error
    from (
      
    
  
    
    



select scrape_date
from "warehouse"."main"."fct_daily_sentiment"
where scrape_date is null



  
  
      
    ) dbt_internal_test
[0m13:33:02.402986 [debug] [Thread-2 (]: SQL status: OK in 0.002 seconds
[0m13:33:02.403975 [debug] [Thread-3 (]: On test.news_warehouse.not_null_fct_daily_sentiment_headline_count.8aa7f0a6da: Close
[0m13:33:02.405630 [debug] [Thread-2 (]: On test.news_warehouse.not_null_dim_entity_summary_entity_text.e9b5760dbb: ROLLBACK
[0m13:33:02.407467 [debug] [Thread-1 (]: On test.news_warehouse.not_null_dim_entity_summary_article_count.e113c5cc88: ROLLBACK
[0m13:33:02.408376 [debug] [Thread-4 (]: SQL status: OK in 0.005 seconds
[0m13:33:02.409490 [info ] [Thread-3 (]: 3 of 8 PASS not_null_fct_daily_sentiment_headline_count ........................ [[32mPASS[0m in 0.15s]
[0m13:33:02.410489 [debug] [Thread-3 (]: Finished running node test.news_warehouse.not_null_fct_daily_sentiment_headline_count.8aa7f0a6da
[0m13:33:02.412095 [debug] [Thread-4 (]: On test.news_warehouse.not_null_fct_daily_sentiment_scrape_date.b09ab12093: ROLLBACK
[0m13:33:02.412792 [debug] [Thread-3 (]: Began running node test.news_warehouse.not_null_fct_daily_sentiment_source_name.3bd2b89b77
[0m13:33:02.413383 [debug] [Thread-2 (]: On test.news_warehouse.not_null_dim_entity_summary_entity_text.e9b5760dbb: Close
[0m13:33:02.413986 [debug] [Thread-1 (]: On test.news_warehouse.not_null_dim_entity_summary_article_count.e113c5cc88: Close
[0m13:33:02.414924 [info ] [Thread-3 (]: 5 of 8 START test not_null_fct_daily_sentiment_source_name ..................... [RUN]
[0m13:33:02.415619 [debug] [Thread-4 (]: On test.news_warehouse.not_null_fct_daily_sentiment_scrape_date.b09ab12093: Close
[0m13:33:02.416470 [info ] [Thread-2 (]: 2 of 8 PASS not_null_dim_entity_summary_entity_text ............................ [[32mPASS[0m in 0.15s]
[0m13:33:02.417469 [info ] [Thread-1 (]: 1 of 8 PASS not_null_dim_entity_summary_article_count .......................... [[32mPASS[0m in 0.16s]
[0m13:33:02.418252 [debug] [Thread-3 (]: Re-using an available connection from the pool (formerly test.news_warehouse.not_null_fct_daily_sentiment_headline_count.8aa7f0a6da, now test.news_warehouse.not_null_fct_daily_sentiment_source_name.3bd2b89b77)
[0m13:33:02.419188 [debug] [Thread-2 (]: Finished running node test.news_warehouse.not_null_dim_entity_summary_entity_text.e9b5760dbb
[0m13:33:02.420024 [info ] [Thread-4 (]: 4 of 8 PASS not_null_fct_daily_sentiment_scrape_date ........................... [[32mPASS[0m in 0.16s]
[0m13:33:02.420956 [debug] [Thread-1 (]: Finished running node test.news_warehouse.not_null_dim_entity_summary_article_count.e113c5cc88
[0m13:33:02.421594 [debug] [Thread-3 (]: Began compiling node test.news_warehouse.not_null_fct_daily_sentiment_source_name.3bd2b89b77
[0m13:33:02.422319 [debug] [Thread-2 (]: Began running node test.news_warehouse.not_null_stg_articles_article_key.db8c6d35da
[0m13:33:02.423169 [debug] [Thread-4 (]: Finished running node test.news_warehouse.not_null_fct_daily_sentiment_scrape_date.b09ab12093
[0m13:33:02.423972 [debug] [Thread-1 (]: Began running node test.news_warehouse.not_null_stg_articles_translated_headline.e4edbf669c
[0m13:33:02.432187 [debug] [Thread-3 (]: Writing injected SQL for node "test.news_warehouse.not_null_fct_daily_sentiment_source_name.3bd2b89b77"
[0m13:33:02.432925 [info ] [Thread-2 (]: 6 of 8 START test not_null_stg_articles_article_key ............................ [RUN]
[0m13:33:02.433847 [debug] [Thread-4 (]: Began running node test.news_warehouse.unique_stg_articles_article_key.691d01e603
[0m13:33:02.434548 [info ] [Thread-1 (]: 7 of 8 START test not_null_stg_articles_translated_headline .................... [RUN]
[0m13:33:02.435521 [debug] [Thread-2 (]: Re-using an available connection from the pool (formerly test.news_warehouse.not_null_dim_entity_summary_entity_text.e9b5760dbb, now test.news_warehouse.not_null_stg_articles_article_key.db8c6d35da)
[0m13:33:02.436253 [info ] [Thread-4 (]: 8 of 8 START test unique_stg_articles_article_key .............................. [RUN]
[0m13:33:02.436982 [debug] [Thread-3 (]: Began executing node test.news_warehouse.not_null_fct_daily_sentiment_source_name.3bd2b89b77
[0m13:33:02.437677 [debug] [Thread-1 (]: Re-using an available connection from the pool (formerly test.news_warehouse.not_null_dim_entity_summary_article_count.e113c5cc88, now test.news_warehouse.not_null_stg_articles_translated_headline.e4edbf669c)
[0m13:33:02.438332 [debug] [Thread-2 (]: Began compiling node test.news_warehouse.not_null_stg_articles_article_key.db8c6d35da
[0m13:33:02.439045 [debug] [Thread-4 (]: Re-using an available connection from the pool (formerly test.news_warehouse.not_null_fct_daily_sentiment_scrape_date.b09ab12093, now test.news_warehouse.unique_stg_articles_article_key.691d01e603)
[0m13:33:02.441490 [debug] [Thread-3 (]: Writing runtime sql for node "test.news_warehouse.not_null_fct_daily_sentiment_source_name.3bd2b89b77"
[0m13:33:02.442163 [debug] [Thread-1 (]: Began compiling node test.news_warehouse.not_null_stg_articles_translated_headline.e4edbf669c
[0m13:33:02.449993 [debug] [Thread-2 (]: Writing injected SQL for node "test.news_warehouse.not_null_stg_articles_article_key.db8c6d35da"
[0m13:33:02.450627 [debug] [Thread-4 (]: Began compiling node test.news_warehouse.unique_stg_articles_article_key.691d01e603
[0m13:33:02.459132 [debug] [Thread-1 (]: Writing injected SQL for node "test.news_warehouse.not_null_stg_articles_translated_headline.e4edbf669c"
[0m13:33:02.460064 [debug] [Thread-3 (]: Using duckdb connection "test.news_warehouse.not_null_fct_daily_sentiment_source_name.3bd2b89b77"
[0m13:33:02.470281 [debug] [Thread-4 (]: Writing injected SQL for node "test.news_warehouse.unique_stg_articles_article_key.691d01e603"
[0m13:33:02.471246 [debug] [Thread-3 (]: On test.news_warehouse.not_null_fct_daily_sentiment_source_name.3bd2b89b77: BEGIN
[0m13:33:02.472393 [debug] [Thread-3 (]: Opening a new connection, currently in state closed
[0m13:33:02.473108 [debug] [Thread-2 (]: Began executing node test.news_warehouse.not_null_stg_articles_article_key.db8c6d35da
[0m13:33:02.473783 [debug] [Thread-1 (]: Began executing node test.news_warehouse.not_null_stg_articles_translated_headline.e4edbf669c
[0m13:33:02.474795 [debug] [Thread-4 (]: Began executing node test.news_warehouse.unique_stg_articles_article_key.691d01e603
[0m13:33:02.477238 [debug] [Thread-2 (]: Writing runtime sql for node "test.news_warehouse.not_null_stg_articles_article_key.db8c6d35da"
[0m13:33:02.479855 [debug] [Thread-1 (]: Writing runtime sql for node "test.news_warehouse.not_null_stg_articles_translated_headline.e4edbf669c"
[0m13:33:02.480478 [debug] [Thread-3 (]: SQL status: OK in 0.008 seconds
[0m13:33:02.483027 [debug] [Thread-4 (]: Writing runtime sql for node "test.news_warehouse.unique_stg_articles_article_key.691d01e603"
[0m13:33:02.484098 [debug] [Thread-3 (]: Using duckdb connection "test.news_warehouse.not_null_fct_daily_sentiment_source_name.3bd2b89b77"
[0m13:33:02.484788 [debug] [Thread-2 (]: Using duckdb connection "test.news_warehouse.not_null_stg_articles_article_key.db8c6d35da"
[0m13:33:02.485493 [debug] [Thread-1 (]: Using duckdb connection "test.news_warehouse.not_null_stg_articles_translated_headline.e4edbf669c"
[0m13:33:02.486338 [debug] [Thread-3 (]: On test.news_warehouse.not_null_fct_daily_sentiment_source_name.3bd2b89b77: /* {"app": "dbt", "dbt_version": "1.12.5", "profile_name": "news_warehouse", "target_name": "dev", "node_id": "test.news_warehouse.not_null_fct_daily_sentiment_source_name.3bd2b89b77"} */

    
    select
      count(*) as failures,
      count(*) != 0 as should_warn,
      count(*) != 0 as should_error
    from (
      
    
  
    
    



select source_name
from "warehouse"."main"."fct_daily_sentiment"
where source_name is null



  
  
      
    ) dbt_internal_test
[0m13:33:02.487028 [debug] [Thread-2 (]: On test.news_warehouse.not_null_stg_articles_article_key.db8c6d35da: BEGIN
[0m13:33:02.487800 [debug] [Thread-4 (]: Using duckdb connection "test.news_warehouse.unique_stg_articles_article_key.691d01e603"
[0m13:33:02.488388 [debug] [Thread-1 (]: On test.news_warehouse.not_null_stg_articles_translated_headline.e4edbf669c: BEGIN
[0m13:33:02.489161 [debug] [Thread-2 (]: Opening a new connection, currently in state closed
[0m13:33:02.489955 [debug] [Thread-4 (]: On test.news_warehouse.unique_stg_articles_article_key.691d01e603: BEGIN
[0m13:33:02.490556 [debug] [Thread-3 (]: SQL status: OK in 0.002 seconds
[0m13:33:02.491220 [debug] [Thread-1 (]: Opening a new connection, currently in state closed
[0m13:33:02.492048 [debug] [Thread-4 (]: Opening a new connection, currently in state closed
[0m13:33:02.492668 [debug] [Thread-2 (]: SQL status: OK in 0.003 seconds
[0m13:33:02.494530 [debug] [Thread-3 (]: On test.news_warehouse.not_null_fct_daily_sentiment_source_name.3bd2b89b77: ROLLBACK
[0m13:33:02.495573 [debug] [Thread-2 (]: Using duckdb connection "test.news_warehouse.not_null_stg_articles_article_key.db8c6d35da"
[0m13:33:02.496270 [debug] [Thread-1 (]: SQL status: OK in 0.005 seconds
[0m13:33:02.497093 [debug] [Thread-2 (]: On test.news_warehouse.not_null_stg_articles_article_key.db8c6d35da: /* {"app": "dbt", "dbt_version": "1.12.5", "profile_name": "news_warehouse", "target_name": "dev", "node_id": "test.news_warehouse.not_null_stg_articles_article_key.db8c6d35da"} */

    
    select
      count(*) as failures,
      count(*) != 0 as should_warn,
      count(*) != 0 as should_error
    from (
      
    
  
    
    



select article_key
from "warehouse"."main"."stg_articles"
where article_key is null



  
  
      
    ) dbt_internal_test
[0m13:33:02.497778 [debug] [Thread-4 (]: SQL status: OK in 0.006 seconds
[0m13:33:02.498437 [debug] [Thread-1 (]: Using duckdb connection "test.news_warehouse.not_null_stg_articles_translated_headline.e4edbf669c"
[0m13:33:02.499036 [debug] [Thread-3 (]: On test.news_warehouse.not_null_fct_daily_sentiment_source_name.3bd2b89b77: Close
[0m13:33:02.499817 [debug] [Thread-4 (]: Using duckdb connection "test.news_warehouse.unique_stg_articles_article_key.691d01e603"
[0m13:33:02.500576 [debug] [Thread-1 (]: On test.news_warehouse.not_null_stg_articles_translated_headline.e4edbf669c: /* {"app": "dbt", "dbt_version": "1.12.5", "profile_name": "news_warehouse", "target_name": "dev", "node_id": "test.news_warehouse.not_null_stg_articles_translated_headline.e4edbf669c"} */

    
    select
      count(*) as failures,
      count(*) != 0 as should_warn,
      count(*) != 0 as should_error
    from (
      
    
  
    
    



select translated_headline
from "warehouse"."main"."stg_articles"
where translated_headline is null



  
  
      
    ) dbt_internal_test
[0m13:33:02.501797 [debug] [Thread-4 (]: On test.news_warehouse.unique_stg_articles_article_key.691d01e603: /* {"app": "dbt", "dbt_version": "1.12.5", "profile_name": "news_warehouse", "target_name": "dev", "node_id": "test.news_warehouse.unique_stg_articles_article_key.691d01e603"} */

    
    select
      count(*) as failures,
      count(*) != 0 as should_warn,
      count(*) != 0 as should_error
    from (
      
    
  
    
    

select
    article_key as unique_field,
    count(*) as n_records

from "warehouse"."main"."stg_articles"
where article_key is not null
group by article_key
having count(*) > 1



  
  
      
    ) dbt_internal_test
[0m13:33:02.502766 [info ] [Thread-3 (]: 5 of 8 PASS not_null_fct_daily_sentiment_source_name ........................... [[32mPASS[0m in 0.08s]
[0m13:33:02.503449 [debug] [Thread-2 (]: SQL status: OK in 0.004 seconds
[0m13:33:02.504938 [debug] [Thread-3 (]: Finished running node test.news_warehouse.not_null_fct_daily_sentiment_source_name.3bd2b89b77
[0m13:33:02.507040 [debug] [Thread-2 (]: On test.news_warehouse.not_null_stg_articles_article_key.db8c6d35da: ROLLBACK
[0m13:33:02.507790 [debug] [Thread-1 (]: SQL status: OK in 0.004 seconds
[0m13:33:02.509127 [debug] [Thread-4 (]: SQL status: OK in 0.005 seconds
[0m13:33:02.510798 [debug] [Thread-1 (]: On test.news_warehouse.not_null_stg_articles_translated_headline.e4edbf669c: ROLLBACK
[0m13:33:02.511382 [debug] [Thread-2 (]: On test.news_warehouse.not_null_stg_articles_article_key.db8c6d35da: Close
[0m13:33:02.513033 [debug] [Thread-4 (]: On test.news_warehouse.unique_stg_articles_article_key.691d01e603: ROLLBACK
[0m13:33:02.514035 [info ] [Thread-2 (]: 6 of 8 PASS not_null_stg_articles_article_key .................................. [[32mPASS[0m in 0.08s]
[0m13:33:02.514866 [debug] [Thread-1 (]: On test.news_warehouse.not_null_stg_articles_translated_headline.e4edbf669c: Close
[0m13:33:02.515789 [debug] [Thread-2 (]: Finished running node test.news_warehouse.not_null_stg_articles_article_key.db8c6d35da
[0m13:33:02.516372 [debug] [Thread-4 (]: On test.news_warehouse.unique_stg_articles_article_key.691d01e603: Close
[0m13:33:02.517324 [info ] [Thread-1 (]: 7 of 8 PASS not_null_stg_articles_translated_headline .......................... [[32mPASS[0m in 0.08s]
[0m13:33:02.518542 [info ] [Thread-4 (]: 8 of 8 PASS unique_stg_articles_article_key .................................... [[32mPASS[0m in 0.08s]
[0m13:33:02.519443 [debug] [Thread-1 (]: Finished running node test.news_warehouse.not_null_stg_articles_translated_headline.e4edbf669c
[0m13:33:02.520266 [debug] [Thread-4 (]: Finished running node test.news_warehouse.unique_stg_articles_article_key.691d01e603
[0m13:33:02.522072 [debug] [MainThread]: Using duckdb connection "master"
[0m13:33:02.522618 [debug] [MainThread]: On master: BEGIN
[0m13:33:02.523154 [debug] [MainThread]: Opening a new connection, currently in state closed
[0m13:33:02.523951 [debug] [MainThread]: SQL status: OK in 0.001 seconds
[0m13:33:02.524479 [debug] [MainThread]: On master: COMMIT
[0m13:33:02.525031 [debug] [MainThread]: Using duckdb connection "master"
[0m13:33:02.525531 [debug] [MainThread]: On master: COMMIT
[0m13:33:02.526260 [debug] [MainThread]: SQL status: OK in 0.000 seconds
[0m13:33:02.526828 [debug] [MainThread]: On master: Close
[0m13:33:02.527462 [debug] [MainThread]: Connection 'master' was properly closed.
[0m13:33:02.528015 [debug] [MainThread]: Connection 'test.news_warehouse.not_null_stg_articles_translated_headline.e4edbf669c' was properly closed.
[0m13:33:02.528503 [debug] [MainThread]: Connection 'test.news_warehouse.not_null_stg_articles_article_key.db8c6d35da' was properly closed.
[0m13:33:02.529025 [debug] [MainThread]: Connection 'test.news_warehouse.not_null_fct_daily_sentiment_source_name.3bd2b89b77' was properly closed.
[0m13:33:02.529495 [debug] [MainThread]: Connection 'test.news_warehouse.unique_stg_articles_article_key.691d01e603' was properly closed.
[0m13:33:02.530068 [info ] [MainThread]: 
[0m13:33:02.530648 [info ] [MainThread]: Finished running 8 data tests in 0 hours 0 minutes and 0.35 seconds (0.35s).
[0m13:33:02.532730 [debug] [MainThread]: Command end result
[0m13:33:02.577948 [debug] [MainThread]: Wrote artifact WritableManifest to /home/runner/work/Multilingual-News-Sentiment-Entity-Analysis-Pipeline/Multilingual-News-Sentiment-Entity-Analysis-Pipeline/dbt_project/target/manifest.json
[0m13:33:02.581402 [debug] [MainThread]: Wrote artifact SemanticManifest to /home/runner/work/Multilingual-News-Sentiment-Entity-Analysis-Pipeline/Multilingual-News-Sentiment-Entity-Analysis-Pipeline/dbt_project/target/semantic_manifest.json
[0m13:33:02.584721 [debug] [MainThread]: Wrote artifact OsiDocument to /home/runner/work/Multilingual-News-Sentiment-Entity-Analysis-Pipeline/Multilingual-News-Sentiment-Entity-Analysis-Pipeline/dbt_project/target/osi_document.json
[0m13:33:02.595757 [debug] [MainThread]: Wrote artifact RunExecutionResult to /home/runner/work/Multilingual-News-Sentiment-Entity-Analysis-Pipeline/Multilingual-News-Sentiment-Entity-Analysis-Pipeline/dbt_project/target/run_results.json
[0m13:33:02.596348 [info ] [MainThread]: 
[0m13:33:02.597035 [info ] [MainThread]: [32mCompleted successfully[0m
[0m13:33:02.597624 [info ] [MainThread]: 
[0m13:33:02.598266 [info ] [MainThread]: Done. PASS=8 WARN=0 ERROR=0 SKIP=0 NO-OP=0 REUSED=0 TOTAL=8
[0m13:33:02.599471 [debug] [MainThread]: Resource report: {"command_name": "test", "command_success": true, "command_wall_clock_time": 1.5311313, "process_in_blocks": "0", "process_kernel_time": 0.173103, "process_mem_max_rss": "190872", "process_out_blocks": "2864", "process_user_time": 2.978981}
[0m13:33:02.600199 [debug] [MainThread]: Command `dbt test` succeeded at 13:33:02.600087 after 1.53 seconds
[0m13:33:02.600802 [debug] [MainThread]: Sending event: {'category': 'dbt', 'action': 'invocation', 'label': 'end', 'context': [<snowplow_tracker.self_describing_json.SelfDescribingJson object at 0x7f1ba33a9120>, <snowplow_tracker.self_describing_json.SelfDescribingJson object at 0x7f1ba366f490>, <snowplow_tracker.self_describing_json.SelfDescribingJson object at 0x7f1b9d922e30>]}
[0m13:33:02.601406 [debug] [MainThread]: Flushing usage events
[0m13:33:02.723465 [debug] [MainThread]: An error was encountered while trying to flush usage events
[0m16:26:47.374093 [debug] [MainThread]: Sending event: {'category': 'dbt', 'action': 'invocation', 'label': 'start', 'context': [<snowplow_tracker.self_describing_json.SelfDescribingJson object at 0x7f074b499270>, <snowplow_tracker.self_describing_json.SelfDescribingJson object at 0x7f0749f67700>, <snowplow_tracker.self_describing_json.SelfDescribingJson object at 0x7f0749f676a0>]}


============================== 16:26:47.376436 | 8a95359b-341c-4581-9526-178f92a4d2ea ==============================
[0m16:26:47.376436 [info ] [MainThread]: Running with dbt=1.12.5
[0m16:26:47.377054 [debug] [MainThread]: running dbt with arguments {'profiles_dir': '.', 'no_print': 'None', 'log_format': 'default', 'maximum_seed_size_mib': '1', 'printer_width': '80', 'use_experimental_parser': 'False', 'fail_fast': 'False', 'target_path': 'None', 'indirect_selection': 'eager', 'debug': 'False', 'send_anonymous_usage_stats': 'True', 'warn_error_options': 'WarnErrorOptionsV2(error=[], warn=[], silence=[])', 'write_json': 'True', 'partial_parse': 'True', 'cache_selected_only': 'False', 'empty': 'False', 'introspect': 'True', 'warn_error': 'None', 'quiet': 'False', 'hints_enabled': 'True', 'log_cache_events': 'False', 'version_check': 'True', 'log_path': '/home/runner/work/Multilingual-News-Sentiment-Entity-Analysis-Pipeline/Multilingual-News-Sentiment-Entity-Analysis-Pipeline/dbt_project/logs', 'invocation_command': 'dbt run --profiles-dir .', 'static_parser': 'True', 'use_colors': 'True'}
[0m16:26:47.615675 [debug] [MainThread]: Sending event: {'category': 'dbt', 'action': 'project_id', 'label': '8a95359b-341c-4581-9526-178f92a4d2ea', 'context': [<snowplow_tracker.self_describing_json.SelfDescribingJson object at 0x7f0749f67f70>]}
[0m16:26:47.721551 [debug] [MainThread]: Sending event: {'category': 'dbt', 'action': 'adapter_info', 'label': '8a95359b-341c-4581-9526-178f92a4d2ea', 'context': [<snowplow_tracker.self_describing_json.SelfDescribingJson object at 0x7f0749ec4160>]}
[0m16:26:47.723499 [info ] [MainThread]: Registered adapter: duckdb=1.11.0
[0m16:26:47.812893 [debug] [MainThread]: checksum: b861a166531065e3c88725a98b0b572675172303180a874f2753e38be84b4181, vars: {}, profile: news_warehouse, target: dev, version: 1.12.5
[0m16:26:47.947585 [debug] [MainThread]: Partial parsing enabled: 0 files deleted, 0 files added, 0 files changed.
[0m16:26:47.948099 [debug] [MainThread]: Nothing changed, skipping partial parsing.
[0m16:26:47.948456 [debug] [MainThread]: Partial parsing enabled, no changes found, skipping parsing
[0m16:26:47.958404 [debug] [MainThread]: Sending event: {'category': 'dbt', 'action': 'load_project', 'label': '8a95359b-341c-4581-9526-178f92a4d2ea', 'context': [<snowplow_tracker.self_describing_json.SelfDescribingJson object at 0x7f07423540a0>]}
[0m16:26:48.107308 [debug] [MainThread]: Wrote artifact WritableManifest to /home/runner/work/Multilingual-News-Sentiment-Entity-Analysis-Pipeline/Multilingual-News-Sentiment-Entity-Analysis-Pipeline/dbt_project/target/manifest.json
[0m16:26:48.110108 [debug] [MainThread]: Wrote artifact SemanticManifest to /home/runner/work/Multilingual-News-Sentiment-Entity-Analysis-Pipeline/Multilingual-News-Sentiment-Entity-Analysis-Pipeline/dbt_project/target/semantic_manifest.json
[0m16:26:48.120292 [debug] [MainThread]: Wrote artifact OsiDocument to /home/runner/work/Multilingual-News-Sentiment-Entity-Analysis-Pipeline/Multilingual-News-Sentiment-Entity-Analysis-Pipeline/dbt_project/target/osi_document.json
[0m16:26:48.136267 [debug] [MainThread]: Sending event: {'category': 'dbt', 'action': 'resource_counts', 'label': '8a95359b-341c-4581-9526-178f92a4d2ea', 'context': [<snowplow_tracker.self_describing_json.SelfDescribingJson object at 0x7f0742314700>]}
[0m16:26:48.136842 [info ] [MainThread]: Found 7 models, 8 data tests, 5 sources, 500 macros
[0m16:26:48.137240 [debug] [MainThread]: Sending event: {'category': 'dbt', 'action': 'runnable_timing', 'label': '8a95359b-341c-4581-9526-178f92a4d2ea', 'context': [<snowplow_tracker.self_describing_json.SelfDescribingJson object at 0x7f0742316800>]}
[0m16:26:48.138940 [info ] [MainThread]: 
[0m16:26:48.139365 [info ] [MainThread]: Concurrency: 4 threads (target='dev')
[0m16:26:48.139750 [info ] [MainThread]: 
[0m16:26:48.140313 [debug] [MainThread]: Acquiring new duckdb connection 'master'
[0m16:26:48.145347 [debug] [ThreadPool]: Acquiring new duckdb connection 'list_warehouse'
[0m16:26:48.175209 [debug] [ThreadPool]: Using duckdb connection "list_warehouse"
[0m16:26:48.175682 [debug] [ThreadPool]: On list_warehouse: /* {"app": "dbt", "dbt_version": "1.12.5", "profile_name": "news_warehouse", "target_name": "dev", "connection_name": "list_warehouse"} */

    
    select schema_name
    from system.information_schema.schemata
    
    where lower(catalog_name) = '"warehouse"'
    
  
  
[0m16:26:48.176056 [debug] [ThreadPool]: Opening a new connection, currently in state init
[0m16:26:48.187642 [debug] [ThreadPool]: SQL status: OK in 0.012 seconds
[0m16:26:48.188786 [debug] [ThreadPool]: On list_warehouse: Close
[0m16:26:48.189543 [debug] [ThreadPool]: Re-using an available connection from the pool (formerly list_warehouse, now create_warehouse_main)
[0m16:26:48.190065 [debug] [ThreadPool]: Creating schema "database: "warehouse"
schema: "main"
"
[0m16:26:48.196716 [debug] [ThreadPool]: Using duckdb connection "create_warehouse_main"
[0m16:26:48.197129 [debug] [ThreadPool]: On create_warehouse_main: /* {"app": "dbt", "dbt_version": "1.12.5", "profile_name": "news_warehouse", "target_name": "dev", "connection_name": "create_warehouse_main"} */

    
        select type from duckdb_databases()
        where lower(database_name)='warehouse'
        and type != 'duckdb'
    
  
[0m16:26:48.197489 [debug] [ThreadPool]: Opening a new connection, currently in state closed
[0m16:26:48.198335 [debug] [ThreadPool]: SQL status: OK in 0.001 seconds
[0m16:26:48.199412 [debug] [ThreadPool]: Using duckdb connection "create_warehouse_main"
[0m16:26:48.199829 [debug] [ThreadPool]: On create_warehouse_main: BEGIN
[0m16:26:48.200331 [debug] [ThreadPool]: SQL status: OK in 0.000 seconds
[0m16:26:48.200726 [debug] [ThreadPool]: Using duckdb connection "create_warehouse_main"
[0m16:26:48.201077 [debug] [ThreadPool]: On create_warehouse_main: /* {"app": "dbt", "dbt_version": "1.12.5", "profile_name": "news_warehouse", "target_name": "dev", "connection_name": "create_warehouse_main"} */

    
    
        create schema if not exists "warehouse"."main"
    
[0m16:26:48.201633 [debug] [ThreadPool]: SQL status: OK in 0.000 seconds
[0m16:26:48.202378 [debug] [ThreadPool]: On create_warehouse_main: COMMIT
[0m16:26:48.202772 [debug] [ThreadPool]: Using duckdb connection "create_warehouse_main"
[0m16:26:48.203115 [debug] [ThreadPool]: On create_warehouse_main: COMMIT
[0m16:26:48.203748 [debug] [ThreadPool]: SQL status: OK in 0.000 seconds
[0m16:26:48.204148 [debug] [ThreadPool]: On create_warehouse_main: Close
[0m16:26:48.205533 [debug] [ThreadPool]: Re-using an available connection from the pool (formerly create_warehouse_main, now list_warehouse_main)
[0m16:26:48.209648 [debug] [ThreadPool]: Using duckdb connection "list_warehouse_main"
[0m16:26:48.210046 [debug] [ThreadPool]: On list_warehouse_main: BEGIN
[0m16:26:48.210394 [debug] [ThreadPool]: Opening a new connection, currently in state closed
[0m16:26:48.211010 [debug] [ThreadPool]: SQL status: OK in 0.001 seconds
[0m16:26:48.211526 [debug] [ThreadPool]: Using duckdb connection "list_warehouse_main"
[0m16:26:48.211922 [debug] [ThreadPool]: On list_warehouse_main: /* {"app": "dbt", "dbt_version": "1.12.5", "profile_name": "news_warehouse", "target_name": "dev", "connection_name": "list_warehouse_main"} */
select
      'warehouse' as database,
      table_name as name,
      table_schema as schema,
      CASE table_type
        WHEN 'BASE TABLE' THEN 'table'
        WHEN 'VIEW' THEN 'view'
        WHEN 'LOCAL TEMPORARY' THEN 'table'
        END as type
    from system.information_schema.tables
    where lower(table_schema) = 'main'
    and lower(table_catalog) = 'warehouse'
  
[0m16:26:48.214651 [debug] [ThreadPool]: SQL status: OK in 0.002 seconds
[0m16:26:48.215874 [debug] [ThreadPool]: On list_warehouse_main: ROLLBACK
[0m16:26:48.216429 [debug] [ThreadPool]: On list_warehouse_main: Close
[0m16:26:48.218341 [debug] [MainThread]: Sending event: {'category': 'dbt', 'action': 'runnable_timing', 'label': '8a95359b-341c-4581-9526-178f92a4d2ea', 'context': [<snowplow_tracker.self_describing_json.SelfDescribingJson object at 0x7f074d076f50>]}
[0m16:26:48.218886 [debug] [MainThread]: Using duckdb connection "master"
[0m16:26:48.219252 [debug] [MainThread]: On master: BEGIN
[0m16:26:48.219625 [debug] [MainThread]: Opening a new connection, currently in state init
[0m16:26:48.220230 [debug] [MainThread]: SQL status: OK in 0.001 seconds
[0m16:26:48.220645 [debug] [MainThread]: On master: COMMIT
[0m16:26:48.221006 [debug] [MainThread]: Using duckdb connection "master"
[0m16:26:48.221356 [debug] [MainThread]: On master: COMMIT
[0m16:26:48.221876 [debug] [MainThread]: SQL status: OK in 0.000 seconds
[0m16:26:48.222266 [debug] [MainThread]: On master: Close
[0m16:26:48.227410 [debug] [Thread-1 (]: Began running node model.news_warehouse.dim_entity_summary
[0m16:26:48.227952 [debug] [Thread-2 (]: Began running node model.news_warehouse.stg_articles
[0m16:26:48.228522 [info ] [Thread-1 (]: 1 of 7 START sql table model main.dim_entity_summary ........................... [RUN]
[0m16:26:48.229071 [debug] [Thread-3 (]: Began running node model.news_warehouse.stg_entities
[0m16:26:48.229596 [info ] [Thread-2 (]: 2 of 7 START sql view model main.stg_articles .................................. [RUN]
[0m16:26:48.230189 [debug] [Thread-4 (]: Began running node model.news_warehouse.stg_headlines
[0m16:26:48.230729 [debug] [Thread-1 (]: Re-using an available connection from the pool (formerly list_warehouse_main, now model.news_warehouse.dim_entity_summary)
[0m16:26:48.231283 [info ] [Thread-3 (]: 3 of 7 START sql view model main.stg_entities .................................. [RUN]
[0m16:26:48.231921 [debug] [Thread-2 (]: Acquiring new duckdb connection 'model.news_warehouse.stg_articles'
[0m16:26:48.232460 [info ] [Thread-4 (]: 4 of 7 START sql view model main.stg_headlines ................................. [RUN]
[0m16:26:48.232973 [debug] [Thread-1 (]: Began compiling node model.news_warehouse.dim_entity_summary
[0m16:26:48.233560 [debug] [Thread-3 (]: Acquiring new duckdb connection 'model.news_warehouse.stg_entities'
[0m16:26:48.234013 [debug] [Thread-2 (]: Began compiling node model.news_warehouse.stg_articles
[0m16:26:48.234572 [debug] [Thread-4 (]: Acquiring new duckdb connection 'model.news_warehouse.stg_headlines'
[0m16:26:48.240085 [debug] [Thread-1 (]: Writing injected SQL for node "model.news_warehouse.dim_entity_summary"
[0m16:26:48.240602 [debug] [Thread-3 (]: Began compiling node model.news_warehouse.stg_entities
[0m16:26:48.242296 [debug] [Thread-2 (]: Writing injected SQL for node "model.news_warehouse.stg_articles"
[0m16:26:48.242783 [debug] [Thread-4 (]: Began compiling node model.news_warehouse.stg_headlines
[0m16:26:48.244999 [debug] [Thread-3 (]: Writing injected SQL for node "model.news_warehouse.stg_entities"
[0m16:26:48.247569 [debug] [Thread-4 (]: Writing injected SQL for node "model.news_warehouse.stg_headlines"
[0m16:26:48.248309 [debug] [Thread-1 (]: Began executing node model.news_warehouse.dim_entity_summary
[0m16:26:48.248824 [debug] [Thread-2 (]: Began executing node model.news_warehouse.stg_articles
[0m16:26:48.297178 [debug] [Thread-3 (]: Began executing node model.news_warehouse.stg_entities
[0m16:26:48.310221 [debug] [Thread-2 (]: Writing runtime sql for node "model.news_warehouse.stg_articles"
[0m16:26:48.312279 [debug] [Thread-1 (]: Writing runtime sql for node "model.news_warehouse.dim_entity_summary"
[0m16:26:48.312764 [debug] [Thread-4 (]: Began executing node model.news_warehouse.stg_headlines
[0m16:26:48.316214 [debug] [Thread-3 (]: Writing runtime sql for node "model.news_warehouse.stg_entities"
[0m16:26:48.319619 [debug] [Thread-4 (]: Writing runtime sql for node "model.news_warehouse.stg_headlines"
[0m16:26:48.320384 [debug] [Thread-2 (]: Using duckdb connection "model.news_warehouse.stg_articles"
[0m16:26:48.320903 [debug] [Thread-1 (]: Using duckdb connection "model.news_warehouse.dim_entity_summary"
[0m16:26:48.321554 [debug] [Thread-2 (]: On model.news_warehouse.stg_articles: BEGIN
[0m16:26:48.322106 [debug] [Thread-1 (]: On model.news_warehouse.dim_entity_summary: BEGIN
[0m16:26:48.322648 [debug] [Thread-3 (]: Using duckdb connection "model.news_warehouse.stg_entities"
[0m16:26:48.323116 [debug] [Thread-2 (]: Opening a new connection, currently in state init
[0m16:26:48.323599 [debug] [Thread-4 (]: Using duckdb connection "model.news_warehouse.stg_headlines"
[0m16:26:48.324055 [debug] [Thread-1 (]: Opening a new connection, currently in state closed
[0m16:26:48.324516 [debug] [Thread-3 (]: On model.news_warehouse.stg_entities: BEGIN
[0m16:26:48.325266 [debug] [Thread-4 (]: On model.news_warehouse.stg_headlines: BEGIN
[0m16:26:48.325984 [debug] [Thread-2 (]: SQL status: OK in 0.003 seconds
[0m16:26:48.326443 [debug] [Thread-3 (]: Opening a new connection, currently in state init
[0m16:26:48.326950 [debug] [Thread-4 (]: Opening a new connection, currently in state init
[0m16:26:48.327383 [debug] [Thread-1 (]: SQL status: OK in 0.003 seconds
[0m16:26:48.327857 [debug] [Thread-2 (]: Using duckdb connection "model.news_warehouse.stg_articles"
[0m16:26:48.328677 [debug] [Thread-1 (]: Using duckdb connection "model.news_warehouse.dim_entity_summary"
[0m16:26:48.329120 [debug] [Thread-3 (]: SQL status: OK in 0.003 seconds
[0m16:26:48.329673 [debug] [Thread-2 (]: On model.news_warehouse.stg_articles: /* {"app": "dbt", "dbt_version": "1.12.5", "profile_name": "news_warehouse", "target_name": "dev", "node_id": "model.news_warehouse.stg_articles"} */

  
  create view "warehouse"."main"."stg_articles__dbt_tmp" as (
    -- stg_articles.sql
-- Staging model: joins fact_articles with dimension tables to produce
-- a clean, denormalized view of all articles for downstream analytics.



SELECT
    fa.article_key,
    fa.original_headline,
    fa.translated_headline,
    fa.polarity,
    fa.sentiment_label,

    -- Source dimension
    ds.source_name,
    ds.language_code,
    ds.region,
    ds.base_url,

    -- Date dimension
    dd.full_date       AS scrape_date,
    dd.day,
    dd.month,
    dd.year,
    dd.day_of_week,
    dd.week_of_year,
    dd.quarter,
    dd.is_weekend,

    -- Computed fields
    LENGTH(fa.translated_headline) AS headline_length,
    CASE
        WHEN fa.polarity > 0.05  THEN 'positive'
        WHEN fa.polarity < -0.05 THEN 'negative'
        ELSE 'neutral'
    END AS polarity_bucket

FROM fact_articles fa
LEFT JOIN dim_source ds ON fa.source_key = ds.source_key
LEFT JOIN dim_date dd   ON fa.date_key = dd.date_key
  );

[0m16:26:48.330187 [debug] [Thread-4 (]: SQL status: OK in 0.003 seconds
[0m16:26:48.330704 [debug] [Thread-1 (]: On model.news_warehouse.dim_entity_summary: /* {"app": "dbt", "dbt_version": "1.12.5", "profile_name": "news_warehouse", "target_name": "dev", "node_id": "model.news_warehouse.dim_entity_summary"} */

    

    create  table
      "warehouse"."main"."dim_entity_summary__dbt_tmp"
  
    
    as (
      -- dim_entity_summary.sql
-- Mart model: entity frequency analysis with sentiment correlation.
-- Shows which entities appear most and their average sentiment context.



WITH entity_articles AS (
    SELECT
        de.entity_key,
        de.entity_text,
        de.entity_label,
        fa.article_key,
        fa.polarity,
        fa.sentiment_label,
        ds.source_name,
        dd.full_date AS scrape_date
    FROM bridge_article_entity bae
    JOIN dim_entity de       ON bae.entity_key = de.entity_key
    JOIN fact_articles fa     ON bae.article_key = fa.article_key
    LEFT JOIN dim_source ds   ON fa.source_key = ds.source_key
    LEFT JOIN dim_date dd     ON fa.date_key = dd.date_key
)

SELECT
    entity_text,
    entity_label,

    -- Frequency
    COUNT(DISTINCT article_key)                  AS article_count,
    COUNT(DISTINCT source_name)                  AS source_count,
    COUNT(DISTINCT scrape_date)                  AS days_active,

    -- Sentiment correlation
    ROUND(AVG(polarity), 4)                      AS avg_polarity,
    ROUND(STDDEV(polarity), 4)                   AS stddev_polarity,

    -- Sentiment distribution
    COUNT(CASE WHEN polarity > 0.05  THEN 1 END) AS positive_mentions,
    COUNT(CASE WHEN polarity < -0.05 THEN 1 END) AS negative_mentions,
    COUNT(CASE WHEN polarity BETWEEN -0.05 AND 0.05 THEN 1 END) AS neutral_mentions,

    -- Source spread
    LISTAGG(DISTINCT source_name, ', ')           AS mentioned_in_sources,

    -- Recency
    MAX(scrape_date)                              AS last_seen,
    MIN(scrape_date)                              AS first_seen

FROM entity_articles
GROUP BY entity_text, entity_label
HAVING COUNT(DISTINCT article_key) >= 2
ORDER BY article_count DESC
    );
    
  
[0m16:26:48.331209 [debug] [Thread-3 (]: Using duckdb connection "model.news_warehouse.stg_entities"
[0m16:26:48.331948 [debug] [Thread-4 (]: Using duckdb connection "model.news_warehouse.stg_headlines"
[0m16:26:48.332826 [debug] [Thread-2 (]: SQL status: OK in 0.001 seconds
[0m16:26:48.333340 [debug] [Thread-3 (]: On model.news_warehouse.stg_entities: /* {"app": "dbt", "dbt_version": "1.12.5", "profile_name": "news_warehouse", "target_name": "dev", "node_id": "model.news_warehouse.stg_entities"} */

  
  create view "warehouse"."main"."stg_entities__dbt_tmp" as (
    -- stg_entities.sql
-- Mapping dim_entity and bridge_article_entity back to the 'stg_entities' expected by entity_trend.sql



SELECT
    de.entity_text as Entity_Name,
    de.entity_label as Entity_Label,
    bae.article_key as Headline_ID
FROM "warehouse"."main"."dim_entity" de
JOIN "warehouse"."main"."bridge_article_entity" bae ON de.entity_key = bae.entity_key
  );

[0m16:26:48.334128 [debug] [Thread-4 (]: On model.news_warehouse.stg_headlines: /* {"app": "dbt", "dbt_version": "1.12.5", "profile_name": "news_warehouse", "target_name": "dev", "node_id": "model.news_warehouse.stg_headlines"} */

  
  create view "warehouse"."main"."stg_headlines__dbt_tmp" as (
    -- stg_headlines.sql
-- Mapping fact_articles to the 'stg_headlines' expected by marks/entity_trend.sql



SELECT
    fa.article_key as Headline_ID,
    ds.source_name as Source_Name,
    fa.translated_headline,
    fa.polarity,
    fa.sentiment_label,
    dd.full_date as Date_Extracted
FROM "warehouse"."main"."fact_articles" fa
JOIN "warehouse"."main"."dim_date" dd ON fa.date_key = dd.date_key
JOIN "warehouse"."main"."dim_source" ds ON fa.source_key = ds.source_key
  );

[0m16:26:48.340687 [debug] [Thread-2 (]: Using duckdb connection "model.news_warehouse.stg_articles"
[0m16:26:48.343236 [debug] [Thread-2 (]: On model.news_warehouse.stg_articles: /* {"app": "dbt", "dbt_version": "1.12.5", "profile_name": "news_warehouse", "target_name": "dev", "node_id": "model.news_warehouse.stg_articles"} */
alter view "warehouse"."main"."stg_articles" rename to "stg_articles__dbt_backup"
[0m16:26:48.344048 [debug] [Thread-2 (]: SQL status: OK in 0.000 seconds
[0m16:26:48.342202 [debug] [Thread-4 (]: SQL status: OK in 0.001 seconds
[0m16:26:48.342772 [debug] [Thread-3 (]: SQL status: OK in 0.001 seconds
[0m16:26:48.346561 [debug] [Thread-2 (]: Using duckdb connection "model.news_warehouse.stg_articles"
[0m16:26:48.351674 [debug] [Thread-2 (]: On model.news_warehouse.stg_articles: /* {"app": "dbt", "dbt_version": "1.12.5", "profile_name": "news_warehouse", "target_name": "dev", "node_id": "model.news_warehouse.stg_articles"} */
alter view "warehouse"."main"."stg_articles__dbt_tmp" rename to "stg_articles"
[0m16:26:48.348827 [debug] [Thread-4 (]: Using duckdb connection "model.news_warehouse.stg_headlines"
[0m16:26:48.351135 [debug] [Thread-3 (]: Using duckdb connection "model.news_warehouse.stg_entities"
[0m16:26:48.353124 [debug] [Thread-3 (]: On model.news_warehouse.stg_entities: /* {"app": "dbt", "dbt_version": "1.12.5", "profile_name": "news_warehouse", "target_name": "dev", "node_id": "model.news_warehouse.stg_entities"} */
alter view "warehouse"."main"."stg_entities" rename to "stg_entities__dbt_backup"
[0m16:26:48.352428 [debug] [Thread-4 (]: On model.news_warehouse.stg_headlines: /* {"app": "dbt", "dbt_version": "1.12.5", "profile_name": "news_warehouse", "target_name": "dev", "node_id": "model.news_warehouse.stg_headlines"} */
alter view "warehouse"."main"."stg_headlines" rename to "stg_headlines__dbt_backup"
[0m16:26:48.354412 [debug] [Thread-3 (]: SQL status: OK in 0.001 seconds
[0m16:26:48.353793 [debug] [Thread-2 (]: SQL status: OK in 0.002 seconds
[0m16:26:48.354907 [debug] [Thread-4 (]: SQL status: OK in 0.001 seconds
[0m16:26:48.356878 [debug] [Thread-3 (]: Using duckdb connection "model.news_warehouse.stg_entities"
[0m16:26:48.370370 [debug] [Thread-2 (]: On model.news_warehouse.stg_articles: COMMIT
[0m16:26:48.372999 [debug] [Thread-4 (]: Using duckdb connection "model.news_warehouse.stg_headlines"
[0m16:26:48.373561 [debug] [Thread-3 (]: On model.news_warehouse.stg_entities: /* {"app": "dbt", "dbt_version": "1.12.5", "profile_name": "news_warehouse", "target_name": "dev", "node_id": "model.news_warehouse.stg_entities"} */
alter view "warehouse"."main"."stg_entities__dbt_tmp" rename to "stg_entities"
[0m16:26:48.374091 [debug] [Thread-2 (]: Using duckdb connection "model.news_warehouse.stg_articles"
[0m16:26:48.374583 [debug] [Thread-4 (]: On model.news_warehouse.stg_headlines: /* {"app": "dbt", "dbt_version": "1.12.5", "profile_name": "news_warehouse", "target_name": "dev", "node_id": "model.news_warehouse.stg_headlines"} */
alter view "warehouse"."main"."stg_headlines__dbt_tmp" rename to "stg_headlines"
[0m16:26:48.375697 [debug] [Thread-3 (]: SQL status: OK in 0.001 seconds
[0m16:26:48.376186 [debug] [Thread-2 (]: On model.news_warehouse.stg_articles: COMMIT
[0m16:26:48.378275 [debug] [Thread-3 (]: On model.news_warehouse.stg_entities: COMMIT
[0m16:26:48.379047 [debug] [Thread-4 (]: SQL status: OK in 0.002 seconds
[0m16:26:48.382368 [debug] [Thread-4 (]: On model.news_warehouse.stg_headlines: COMMIT
[0m16:26:48.382859 [debug] [Thread-4 (]: Using duckdb connection "model.news_warehouse.stg_headlines"
[0m16:26:48.380280 [debug] [Thread-3 (]: Using duckdb connection "model.news_warehouse.stg_entities"
[0m16:26:48.383796 [debug] [Thread-3 (]: On model.news_warehouse.stg_entities: COMMIT
[0m16:26:48.383304 [debug] [Thread-4 (]: On model.news_warehouse.stg_headlines: COMMIT
[0m16:26:48.399842 [debug] [Thread-2 (]: SQL status: OK in 0.021 seconds
[0m16:26:48.407153 [debug] [Thread-2 (]: Using duckdb connection "model.news_warehouse.stg_articles"
[0m16:26:48.407929 [debug] [Thread-3 (]: SQL status: OK in 0.024 seconds
[0m16:26:48.408640 [debug] [Thread-4 (]: SQL status: OK in 0.024 seconds
[0m16:26:48.413976 [debug] [Thread-4 (]: Using duckdb connection "model.news_warehouse.stg_headlines"
[0m16:26:48.412053 [debug] [Thread-3 (]: Using duckdb connection "model.news_warehouse.stg_entities"
[0m16:26:48.414410 [debug] [Thread-4 (]: On model.news_warehouse.stg_headlines: /* {"app": "dbt", "dbt_version": "1.12.5", "profile_name": "news_warehouse", "target_name": "dev", "node_id": "model.news_warehouse.stg_headlines"} */

      drop view if exists "warehouse"."main"."stg_headlines__dbt_backup" cascade
    
[0m16:26:48.409376 [debug] [Thread-2 (]: On model.news_warehouse.stg_articles: /* {"app": "dbt", "dbt_version": "1.12.5", "profile_name": "news_warehouse", "target_name": "dev", "node_id": "model.news_warehouse.stg_articles"} */

      drop view if exists "warehouse"."main"."stg_articles__dbt_backup" cascade
    
[0m16:26:48.414985 [debug] [Thread-3 (]: On model.news_warehouse.stg_entities: /* {"app": "dbt", "dbt_version": "1.12.5", "profile_name": "news_warehouse", "target_name": "dev", "node_id": "model.news_warehouse.stg_entities"} */

      drop view if exists "warehouse"."main"."stg_entities__dbt_backup" cascade
    
[0m16:26:48.416509 [debug] [Thread-2 (]: SQL status: OK in 0.001 seconds
[0m16:26:48.419191 [debug] [Thread-2 (]: On model.news_warehouse.stg_articles: Close
[0m16:26:48.419764 [debug] [Thread-4 (]: SQL status: OK in 0.004 seconds
[0m16:26:48.421405 [debug] [Thread-3 (]: SQL status: OK in 0.005 seconds
[0m16:26:48.421963 [debug] [Thread-1 (]: SQL status: OK in 0.089 seconds
[0m16:26:48.423258 [debug] [Thread-4 (]: On model.news_warehouse.stg_headlines: Close
[0m16:26:48.423790 [debug] [Thread-2 (]: Sending event: {'category': 'dbt', 'action': 'run_model', 'label': '8a95359b-341c-4581-9526-178f92a4d2ea', 'context': [<snowplow_tracker.self_describing_json.SelfDescribingJson object at 0x7f07423547f0>]}
[0m16:26:48.424976 [debug] [Thread-3 (]: On model.news_warehouse.stg_entities: Close
[0m16:26:48.429237 [debug] [Thread-1 (]: Using duckdb connection "model.news_warehouse.dim_entity_summary"
[0m16:26:48.429964 [debug] [Thread-4 (]: Sending event: {'category': 'dbt', 'action': 'run_model', 'label': '8a95359b-341c-4581-9526-178f92a4d2ea', 'context': [<snowplow_tracker.self_describing_json.SelfDescribingJson object at 0x7f07423a2860>]}
[0m16:26:48.430675 [info ] [Thread-2 (]: 2 of 7 OK created sql view model main.stg_articles ............................. [[32mOK[0m in 0.19s]
[0m16:26:48.431403 [debug] [Thread-3 (]: Sending event: {'category': 'dbt', 'action': 'run_model', 'label': '8a95359b-341c-4581-9526-178f92a4d2ea', 'context': [<snowplow_tracker.self_describing_json.SelfDescribingJson object at 0x7f0740132c50>]}
[0m16:26:48.431919 [debug] [Thread-1 (]: On model.news_warehouse.dim_entity_summary: /* {"app": "dbt", "dbt_version": "1.12.5", "profile_name": "news_warehouse", "target_name": "dev", "node_id": "model.news_warehouse.dim_entity_summary"} */

    SELECT index_name
    FROM duckdb_indexes()
    WHERE database_name = 'warehouse'
      AND schema_name = 'main'
      AND table_name = 'dim_entity_summary'
  
[0m16:26:48.432582 [info ] [Thread-4 (]: 4 of 7 OK created sql view model main.stg_headlines ............................ [[32mOK[0m in 0.20s]
[0m16:26:48.433259 [debug] [Thread-2 (]: Finished running node model.news_warehouse.stg_articles
[0m16:26:48.433911 [info ] [Thread-3 (]: 3 of 7 OK created sql view model main.stg_entities ............................. [[32mOK[0m in 0.20s]
[0m16:26:48.434714 [debug] [Thread-4 (]: Finished running node model.news_warehouse.stg_headlines
[0m16:26:48.435394 [debug] [Thread-1 (]: SQL status: OK in 0.001 seconds
[0m16:26:48.435993 [debug] [Thread-2 (]: Began running node model.news_warehouse.fct_daily_sentiment
[0m16:26:48.436573 [debug] [Thread-3 (]: Finished running node model.news_warehouse.stg_entities
[0m16:26:48.437222 [debug] [Thread-4 (]: Began running node model.news_warehouse.weekly_source_comparison
[0m16:26:48.440454 [debug] [Thread-1 (]: Using duckdb connection "model.news_warehouse.dim_entity_summary"
[0m16:26:48.441009 [info ] [Thread-2 (]: 5 of 7 START sql table model main.fct_daily_sentiment .......................... [RUN]
[0m16:26:48.441808 [info ] [Thread-4 (]: 6 of 7 START sql table model main.weekly_source_comparison ..................... [RUN]
[0m16:26:48.442354 [debug] [Thread-3 (]: Began running node model.news_warehouse.entity_trend
[0m16:26:48.442811 [debug] [Thread-1 (]: On model.news_warehouse.dim_entity_summary: /* {"app": "dbt", "dbt_version": "1.12.5", "profile_name": "news_warehouse", "target_name": "dev", "node_id": "model.news_warehouse.dim_entity_summary"} */
alter table "warehouse"."main"."dim_entity_summary" rename to "dim_entity_summary__dbt_backup"
[0m16:26:48.443334 [debug] [Thread-2 (]: Re-using an available connection from the pool (formerly model.news_warehouse.stg_articles, now model.news_warehouse.fct_daily_sentiment)
[0m16:26:48.443862 [debug] [Thread-4 (]: Re-using an available connection from the pool (formerly model.news_warehouse.stg_headlines, now model.news_warehouse.weekly_source_comparison)
[0m16:26:48.444393 [info ] [Thread-3 (]: 7 of 7 START sql table model main.entity_trend ................................. [RUN]
[0m16:26:48.445016 [debug] [Thread-2 (]: Began compiling node model.news_warehouse.fct_daily_sentiment
[0m16:26:48.445582 [debug] [Thread-4 (]: Began compiling node model.news_warehouse.weekly_source_comparison
[0m16:26:48.446057 [debug] [Thread-1 (]: SQL status: OK in 0.001 seconds
[0m16:26:48.446551 [debug] [Thread-3 (]: Re-using an available connection from the pool (formerly model.news_warehouse.stg_entities, now model.news_warehouse.entity_trend)
[0m16:26:48.448566 [debug] [Thread-2 (]: Writing injected SQL for node "model.news_warehouse.fct_daily_sentiment"
[0m16:26:48.450349 [debug] [Thread-4 (]: Writing injected SQL for node "model.news_warehouse.weekly_source_comparison"
[0m16:26:48.452487 [debug] [Thread-1 (]: Using duckdb connection "model.news_warehouse.dim_entity_summary"
[0m16:26:48.452965 [debug] [Thread-3 (]: Began compiling node model.news_warehouse.entity_trend
[0m16:26:48.453661 [debug] [Thread-1 (]: On model.news_warehouse.dim_entity_summary: /* {"app": "dbt", "dbt_version": "1.12.5", "profile_name": "news_warehouse", "target_name": "dev", "node_id": "model.news_warehouse.dim_entity_summary"} */
alter table "warehouse"."main"."dim_entity_summary__dbt_tmp" rename to "dim_entity_summary"
[0m16:26:48.455750 [debug] [Thread-3 (]: Writing injected SQL for node "model.news_warehouse.entity_trend"
[0m16:26:48.456521 [debug] [Thread-4 (]: Began executing node model.news_warehouse.weekly_source_comparison
[0m16:26:48.457078 [debug] [Thread-2 (]: Began executing node model.news_warehouse.fct_daily_sentiment
[0m16:26:48.457535 [debug] [Thread-1 (]: SQL status: OK in 0.001 seconds
[0m16:26:48.460836 [debug] [Thread-4 (]: Writing runtime sql for node "model.news_warehouse.weekly_source_comparison"
[0m16:26:48.464014 [debug] [Thread-2 (]: Writing runtime sql for node "model.news_warehouse.fct_daily_sentiment"
[0m16:26:48.464553 [debug] [Thread-3 (]: Began executing node model.news_warehouse.entity_trend
[0m16:26:48.469482 [debug] [Thread-1 (]: On model.news_warehouse.dim_entity_summary: COMMIT
[0m16:26:48.472897 [debug] [Thread-3 (]: Writing runtime sql for node "model.news_warehouse.entity_trend"
[0m16:26:48.473488 [debug] [Thread-1 (]: Using duckdb connection "model.news_warehouse.dim_entity_summary"
[0m16:26:48.474059 [debug] [Thread-4 (]: Using duckdb connection "model.news_warehouse.weekly_source_comparison"
[0m16:26:48.474676 [debug] [Thread-2 (]: Using duckdb connection "model.news_warehouse.fct_daily_sentiment"
[0m16:26:48.475160 [debug] [Thread-1 (]: On model.news_warehouse.dim_entity_summary: COMMIT
[0m16:26:48.475658 [debug] [Thread-4 (]: On model.news_warehouse.weekly_source_comparison: BEGIN
[0m16:26:48.476135 [debug] [Thread-2 (]: On model.news_warehouse.fct_daily_sentiment: BEGIN
[0m16:26:48.476617 [debug] [Thread-3 (]: Using duckdb connection "model.news_warehouse.entity_trend"
[0m16:26:48.477206 [debug] [Thread-4 (]: Opening a new connection, currently in state closed
[0m16:26:48.477685 [debug] [Thread-2 (]: Opening a new connection, currently in state closed
[0m16:26:48.478145 [debug] [Thread-3 (]: On model.news_warehouse.entity_trend: BEGIN
[0m16:26:48.479011 [debug] [Thread-3 (]: Opening a new connection, currently in state closed
[0m16:26:48.479605 [debug] [Thread-4 (]: SQL status: OK in 0.002 seconds
[0m16:26:48.480262 [debug] [Thread-4 (]: Using duckdb connection "model.news_warehouse.weekly_source_comparison"
[0m16:26:48.480795 [debug] [Thread-4 (]: On model.news_warehouse.weekly_source_comparison: /* {"app": "dbt", "dbt_version": "1.12.5", "profile_name": "news_warehouse", "target_name": "dev", "node_id": "model.news_warehouse.weekly_source_comparison"} */

    

    create  table
      "warehouse"."main"."weekly_source_comparison__dbt_tmp"
  
    
    as (
      

WITH weekly_stats AS (
    SELECT
        Source_Name,
        DATE_TRUNC('week', CAST(Date_Extracted AS DATE)) AS week_start,
        COUNT(*) as headline_count,
        AVG(Polarity) as avg_sentiment
    FROM "warehouse"."main"."stg_headlines"
    GROUP BY Source_Name, DATE_TRUNC('week', CAST(Date_Extracted AS DATE))
)

SELECT
    curr.Source_Name,
    curr.week_start,
    curr.headline_count,
    curr.avg_sentiment as current_sentiment,
    prev.avg_sentiment as previous_sentiment,
    (curr.avg_sentiment - prev.avg_sentiment) as sentiment_shift
FROM weekly_stats curr
LEFT JOIN weekly_stats prev 
    ON curr.Source_Name = prev.Source_Name
    AND curr.week_start = prev.week_start + INTERVAL 7 DAY
ORDER BY curr.week_start DESC, curr.Source_Name
    );
    
  
[0m16:26:48.481250 [debug] [Thread-2 (]: SQL status: OK in 0.004 seconds
[0m16:26:48.481759 [debug] [Thread-1 (]: SQL status: OK in 0.005 seconds
[0m16:26:48.482388 [debug] [Thread-3 (]: SQL status: OK in 0.003 seconds
[0m16:26:48.482930 [debug] [Thread-2 (]: Using duckdb connection "model.news_warehouse.fct_daily_sentiment"
[0m16:26:48.485573 [debug] [Thread-1 (]: Using duckdb connection "model.news_warehouse.dim_entity_summary"
[0m16:26:48.486266 [debug] [Thread-3 (]: Using duckdb connection "model.news_warehouse.entity_trend"
[0m16:26:48.486770 [debug] [Thread-4 (]: SQL status: OK in 0.005 seconds
[0m16:26:48.487256 [debug] [Thread-2 (]: On model.news_warehouse.fct_daily_sentiment: /* {"app": "dbt", "dbt_version": "1.12.5", "profile_name": "news_warehouse", "target_name": "dev", "node_id": "model.news_warehouse.fct_daily_sentiment"} */

    

    create  table
      "warehouse"."main"."fct_daily_sentiment__dbt_tmp"
  
    
    as (
      -- fct_daily_sentiment.sql
-- Mart model: daily sentiment aggregation by source.
-- Powers the dashboard trend charts and weekly/monthly reports.



SELECT
    sa.scrape_date,
    sa.source_name,
    sa.region,
    sa.language_code,

    -- Measures
    COUNT(*)                                    AS headline_count,
    ROUND(AVG(sa.polarity), 4)                  AS avg_polarity,
    ROUND(STDDEV(sa.polarity), 4)               AS stddev_polarity,
    ROUND(MEDIAN(sa.polarity), 4)               AS median_polarity,
    MIN(sa.polarity)                            AS min_polarity,
    MAX(sa.polarity)                            AS max_polarity,

    -- Sentiment distribution
    COUNT(CASE WHEN sa.polarity_bucket = 'positive' THEN 1 END) AS positive_count,
    COUNT(CASE WHEN sa.polarity_bucket = 'neutral'  THEN 1 END) AS neutral_count,
    COUNT(CASE WHEN sa.polarity_bucket = 'negative' THEN 1 END) AS negative_count,

    -- Percentages
    ROUND(COUNT(CASE WHEN sa.polarity_bucket = 'positive' THEN 1 END) * 100.0 / COUNT(*), 1) AS positive_pct,
    ROUND(COUNT(CASE WHEN sa.polarity_bucket = 'negative' THEN 1 END) * 100.0 / COUNT(*), 1) AS negative_pct,

    -- Date dimensions
    sa.day_of_week,
    sa.week_of_year,
    sa.month,
    sa.year,
    sa.quarter,
    sa.is_weekend

FROM "warehouse"."main"."stg_articles" sa
WHERE sa.scrape_date IS NOT NULL
GROUP BY
    sa.scrape_date, sa.source_name, sa.region, sa.language_code,
    sa.day_of_week, sa.week_of_year, sa.month, sa.year, sa.quarter, sa.is_weekend
ORDER BY sa.scrape_date DESC, sa.source_name
    );
    
  
[0m16:26:48.487827 [debug] [Thread-1 (]: On model.news_warehouse.dim_entity_summary: /* {"app": "dbt", "dbt_version": "1.12.5", "profile_name": "news_warehouse", "target_name": "dev", "node_id": "model.news_warehouse.dim_entity_summary"} */

      drop table if exists "warehouse"."main"."dim_entity_summary__dbt_backup" cascade
    
[0m16:26:48.488316 [debug] [Thread-3 (]: On model.news_warehouse.entity_trend: /* {"app": "dbt", "dbt_version": "1.12.5", "profile_name": "news_warehouse", "target_name": "dev", "node_id": "model.news_warehouse.entity_trend"} */

    

    create  table
      "warehouse"."main"."entity_trend__dbt_tmp"
  
    
    as (
      

WITH entity_weekly AS (
    SELECT
        e.Entity_Name,
        e.Entity_Label,
        DATE_TRUNC('week', CAST(h.Date_Extracted AS DATE)) AS week_start,
        COUNT(*) as mention_count
    FROM "warehouse"."main"."stg_entities" e
    JOIN "warehouse"."main"."stg_headlines" h ON e.Headline_ID = h.Headline_ID
    GROUP BY e.Entity_Name, e.Entity_Label, DATE_TRUNC('week', CAST(h.Date_Extracted AS DATE))
)

SELECT
    curr.Entity_Name,
    curr.Entity_Label,
    curr.week_start,
    curr.mention_count as current_mentions,
    COALESCE(prev.mention_count, 0) as previous_mentions,
    (curr.mention_count - COALESCE(prev.mention_count, 0)) as mention_diff
FROM entity_weekly curr
LEFT JOIN entity_weekly prev 
    ON curr.Entity_Name = prev.Entity_Name
    AND curr.week_start = prev.week_start + INTERVAL 7 DAY
ORDER BY curr.week_start DESC, curr.mention_count DESC
    );
    
  
[0m16:26:48.489386 [debug] [Thread-4 (]: Using duckdb connection "model.news_warehouse.weekly_source_comparison"
[0m16:26:48.490576 [debug] [Thread-4 (]: On model.news_warehouse.weekly_source_comparison: /* {"app": "dbt", "dbt_version": "1.12.5", "profile_name": "news_warehouse", "target_name": "dev", "node_id": "model.news_warehouse.weekly_source_comparison"} */

    SELECT index_name
    FROM duckdb_indexes()
    WHERE database_name = 'warehouse'
      AND schema_name = 'main'
      AND table_name = 'weekly_source_comparison'
  
[0m16:26:48.491537 [debug] [Thread-1 (]: SQL status: OK in 0.001 seconds
[0m16:26:48.497228 [debug] [Thread-1 (]: On model.news_warehouse.dim_entity_summary: Close
[0m16:26:48.498361 [debug] [Thread-1 (]: Sending event: {'category': 'dbt', 'action': 'run_model', 'label': '8a95359b-341c-4581-9526-178f92a4d2ea', 'context': [<snowplow_tracker.self_describing_json.SelfDescribingJson object at 0x7f074d076f50>]}
[0m16:26:48.499365 [info ] [Thread-1 (]: 1 of 7 OK created sql table model main.dim_entity_summary ...................... [[32mOK[0m in 0.27s]
[0m16:26:48.501442 [debug] [Thread-4 (]: SQL status: OK in 0.006 seconds
[0m16:26:48.502311 [debug] [Thread-1 (]: Finished running node model.news_warehouse.dim_entity_summary
[0m16:26:48.502924 [debug] [Thread-2 (]: SQL status: OK in 0.013 seconds
[0m16:26:48.506093 [debug] [Thread-4 (]: Using duckdb connection "model.news_warehouse.weekly_source_comparison"
[0m16:26:48.508246 [debug] [Thread-2 (]: Using duckdb connection "model.news_warehouse.fct_daily_sentiment"
[0m16:26:48.508889 [debug] [Thread-4 (]: On model.news_warehouse.weekly_source_comparison: /* {"app": "dbt", "dbt_version": "1.12.5", "profile_name": "news_warehouse", "target_name": "dev", "node_id": "model.news_warehouse.weekly_source_comparison"} */
alter table "warehouse"."main"."weekly_source_comparison" rename to "weekly_source_comparison__dbt_backup"
[0m16:26:48.509516 [debug] [Thread-2 (]: On model.news_warehouse.fct_daily_sentiment: /* {"app": "dbt", "dbt_version": "1.12.5", "profile_name": "news_warehouse", "target_name": "dev", "node_id": "model.news_warehouse.fct_daily_sentiment"} */

    SELECT index_name
    FROM duckdb_indexes()
    WHERE database_name = 'warehouse'
      AND schema_name = 'main'
      AND table_name = 'fct_daily_sentiment'
  
[0m16:26:48.510802 [debug] [Thread-2 (]: SQL status: OK in 0.000 seconds
[0m16:26:48.511395 [debug] [Thread-4 (]: SQL status: OK in 0.001 seconds
[0m16:26:48.513601 [debug] [Thread-4 (]: Using duckdb connection "model.news_warehouse.weekly_source_comparison"
[0m16:26:48.514057 [debug] [Thread-4 (]: On model.news_warehouse.weekly_source_comparison: /* {"app": "dbt", "dbt_version": "1.12.5", "profile_name": "news_warehouse", "target_name": "dev", "node_id": "model.news_warehouse.weekly_source_comparison"} */
alter table "warehouse"."main"."weekly_source_comparison__dbt_tmp" rename to "weekly_source_comparison"
[0m16:26:48.514559 [debug] [Thread-3 (]: SQL status: OK in 0.024 seconds
[0m16:26:48.516569 [debug] [Thread-2 (]: Using duckdb connection "model.news_warehouse.fct_daily_sentiment"
[0m16:26:48.517685 [debug] [Thread-3 (]: Using duckdb connection "model.news_warehouse.entity_trend"
[0m16:26:48.518178 [debug] [Thread-4 (]: SQL status: OK in 0.001 seconds
[0m16:26:48.518641 [debug] [Thread-2 (]: On model.news_warehouse.fct_daily_sentiment: /* {"app": "dbt", "dbt_version": "1.12.5", "profile_name": "news_warehouse", "target_name": "dev", "node_id": "model.news_warehouse.fct_daily_sentiment"} */
alter table "warehouse"."main"."fct_daily_sentiment" rename to "fct_daily_sentiment__dbt_backup"
[0m16:26:48.519115 [debug] [Thread-3 (]: On model.news_warehouse.entity_trend: /* {"app": "dbt", "dbt_version": "1.12.5", "profile_name": "news_warehouse", "target_name": "dev", "node_id": "model.news_warehouse.entity_trend"} */

    SELECT index_name
    FROM duckdb_indexes()
    WHERE database_name = 'warehouse'
      AND schema_name = 'main'
      AND table_name = 'entity_trend'
  
[0m16:26:48.521288 [debug] [Thread-4 (]: On model.news_warehouse.weekly_source_comparison: COMMIT
[0m16:26:48.522096 [debug] [Thread-4 (]: Using duckdb connection "model.news_warehouse.weekly_source_comparison"
[0m16:26:48.522631 [debug] [Thread-2 (]: SQL status: OK in 0.001 seconds
[0m16:26:48.523097 [debug] [Thread-3 (]: SQL status: OK in 0.001 seconds
[0m16:26:48.523539 [debug] [Thread-4 (]: On model.news_warehouse.weekly_source_comparison: COMMIT
[0m16:26:48.525588 [debug] [Thread-2 (]: Using duckdb connection "model.news_warehouse.fct_daily_sentiment"
[0m16:26:48.527677 [debug] [Thread-3 (]: Using duckdb connection "model.news_warehouse.entity_trend"
[0m16:26:48.528272 [debug] [Thread-2 (]: On model.news_warehouse.fct_daily_sentiment: /* {"app": "dbt", "dbt_version": "1.12.5", "profile_name": "news_warehouse", "target_name": "dev", "node_id": "model.news_warehouse.fct_daily_sentiment"} */
alter table "warehouse"."main"."fct_daily_sentiment__dbt_tmp" rename to "fct_daily_sentiment"
[0m16:26:48.529323 [debug] [Thread-3 (]: On model.news_warehouse.entity_trend: /* {"app": "dbt", "dbt_version": "1.12.5", "profile_name": "news_warehouse", "target_name": "dev", "node_id": "model.news_warehouse.entity_trend"} */
alter table "warehouse"."main"."entity_trend" rename to "entity_trend__dbt_backup"
[0m16:26:48.529822 [debug] [Thread-4 (]: SQL status: OK in 0.002 seconds
[0m16:26:48.531798 [debug] [Thread-4 (]: Using duckdb connection "model.news_warehouse.weekly_source_comparison"
[0m16:26:48.532254 [debug] [Thread-3 (]: SQL status: OK in 0.002 seconds
[0m16:26:48.532715 [debug] [Thread-4 (]: On model.news_warehouse.weekly_source_comparison: /* {"app": "dbt", "dbt_version": "1.12.5", "profile_name": "news_warehouse", "target_name": "dev", "node_id": "model.news_warehouse.weekly_source_comparison"} */

      drop table if exists "warehouse"."main"."weekly_source_comparison__dbt_backup" cascade
    
[0m16:26:48.533177 [debug] [Thread-2 (]: SQL status: OK in 0.003 seconds
[0m16:26:48.535035 [debug] [Thread-3 (]: Using duckdb connection "model.news_warehouse.entity_trend"
[0m16:26:48.537350 [debug] [Thread-2 (]: On model.news_warehouse.fct_daily_sentiment: COMMIT
[0m16:26:48.537859 [debug] [Thread-3 (]: On model.news_warehouse.entity_trend: /* {"app": "dbt", "dbt_version": "1.12.5", "profile_name": "news_warehouse", "target_name": "dev", "node_id": "model.news_warehouse.entity_trend"} */
alter table "warehouse"."main"."entity_trend__dbt_tmp" rename to "entity_trend"
[0m16:26:48.538379 [debug] [Thread-4 (]: SQL status: OK in 0.003 seconds
[0m16:26:48.538837 [debug] [Thread-2 (]: Using duckdb connection "model.news_warehouse.fct_daily_sentiment"
[0m16:26:48.540145 [debug] [Thread-4 (]: On model.news_warehouse.weekly_source_comparison: Close
[0m16:26:48.540647 [debug] [Thread-3 (]: SQL status: OK in 0.001 seconds
[0m16:26:48.541098 [debug] [Thread-2 (]: On model.news_warehouse.fct_daily_sentiment: COMMIT
[0m16:26:48.541816 [debug] [Thread-4 (]: Sending event: {'category': 'dbt', 'action': 'run_model', 'label': '8a95359b-341c-4581-9526-178f92a4d2ea', 'context': [<snowplow_tracker.self_describing_json.SelfDescribingJson object at 0x7f0741b08130>]}
[0m16:26:48.543955 [debug] [Thread-3 (]: On model.news_warehouse.entity_trend: COMMIT
[0m16:26:48.544782 [info ] [Thread-4 (]: 6 of 7 OK created sql table model main.weekly_source_comparison ................ [[32mOK[0m in 0.10s]
[0m16:26:48.545467 [debug] [Thread-3 (]: Using duckdb connection "model.news_warehouse.entity_trend"
[0m16:26:48.545960 [debug] [Thread-2 (]: SQL status: OK in 0.002 seconds
[0m16:26:48.546566 [debug] [Thread-4 (]: Finished running node model.news_warehouse.weekly_source_comparison
[0m16:26:48.547023 [debug] [Thread-3 (]: On model.news_warehouse.entity_trend: COMMIT
[0m16:26:48.548785 [debug] [Thread-2 (]: Using duckdb connection "model.news_warehouse.fct_daily_sentiment"
[0m16:26:48.549526 [debug] [Thread-2 (]: On model.news_warehouse.fct_daily_sentiment: /* {"app": "dbt", "dbt_version": "1.12.5", "profile_name": "news_warehouse", "target_name": "dev", "node_id": "model.news_warehouse.fct_daily_sentiment"} */

      drop table if exists "warehouse"."main"."fct_daily_sentiment__dbt_backup" cascade
    
[0m16:26:48.552071 [debug] [Thread-3 (]: SQL status: OK in 0.003 seconds
[0m16:26:48.552599 [debug] [Thread-2 (]: SQL status: OK in 0.003 seconds
[0m16:26:48.554202 [debug] [Thread-3 (]: Using duckdb connection "model.news_warehouse.entity_trend"
[0m16:26:48.555378 [debug] [Thread-2 (]: On model.news_warehouse.fct_daily_sentiment: Close
[0m16:26:48.555874 [debug] [Thread-3 (]: On model.news_warehouse.entity_trend: /* {"app": "dbt", "dbt_version": "1.12.5", "profile_name": "news_warehouse", "target_name": "dev", "node_id": "model.news_warehouse.entity_trend"} */

      drop table if exists "warehouse"."main"."entity_trend__dbt_backup" cascade
    
[0m16:26:48.556698 [debug] [Thread-2 (]: Sending event: {'category': 'dbt', 'action': 'run_model', 'label': '8a95359b-341c-4581-9526-178f92a4d2ea', 'context': [<snowplow_tracker.self_describing_json.SelfDescribingJson object at 0x7f0742354220>]}
[0m16:26:48.557434 [info ] [Thread-2 (]: 5 of 7 OK created sql table model main.fct_daily_sentiment ..................... [[32mOK[0m in 0.11s]
[0m16:26:48.557955 [debug] [Thread-3 (]: SQL status: OK in 0.002 seconds
[0m16:26:48.558566 [debug] [Thread-2 (]: Finished running node model.news_warehouse.fct_daily_sentiment
[0m16:26:48.559726 [debug] [Thread-3 (]: On model.news_warehouse.entity_trend: Close
[0m16:26:48.560511 [debug] [Thread-3 (]: Sending event: {'category': 'dbt', 'action': 'run_model', 'label': '8a95359b-341c-4581-9526-178f92a4d2ea', 'context': [<snowplow_tracker.self_describing_json.SelfDescribingJson object at 0x7f07423541f0>]}
[0m16:26:48.561140 [info ] [Thread-3 (]: 7 of 7 OK created sql table model main.entity_trend ............................ [[32mOK[0m in 0.11s]
[0m16:26:48.561766 [debug] [Thread-3 (]: Finished running node model.news_warehouse.entity_trend
[0m16:26:48.563415 [debug] [MainThread]: Using duckdb connection "master"
[0m16:26:48.563836 [debug] [MainThread]: On master: BEGIN
[0m16:26:48.564185 [debug] [MainThread]: Opening a new connection, currently in state closed
[0m16:26:48.564846 [debug] [MainThread]: SQL status: OK in 0.001 seconds
[0m16:26:48.565239 [debug] [MainThread]: On master: COMMIT
[0m16:26:48.565627 [debug] [MainThread]: Using duckdb connection "master"
[0m16:26:48.565974 [debug] [MainThread]: On master: COMMIT
[0m16:26:48.566465 [debug] [MainThread]: SQL status: OK in 0.000 seconds
[0m16:26:48.566877 [debug] [MainThread]: On master: Close
[0m16:26:48.567335 [debug] [MainThread]: Connection 'master' was properly closed.
[0m16:26:48.567720 [debug] [MainThread]: Connection 'model.news_warehouse.dim_entity_summary' was properly closed.
[0m16:26:48.568057 [debug] [MainThread]: Connection 'model.news_warehouse.fct_daily_sentiment' was properly closed.
[0m16:26:48.568378 [debug] [MainThread]: Connection 'model.news_warehouse.entity_trend' was properly closed.
[0m16:26:48.568736 [debug] [MainThread]: Connection 'model.news_warehouse.weekly_source_comparison' was properly closed.
[0m16:26:48.569184 [info ] [MainThread]: 
[0m16:26:48.569602 [info ] [MainThread]: Finished running 4 table models, 3 view models in 0 hours 0 minutes and 0.43 seconds (0.43s).
[0m16:26:48.570780 [debug] [MainThread]: Command end result
[0m16:26:48.605317 [debug] [MainThread]: Wrote artifact WritableManifest to /home/runner/work/Multilingual-News-Sentiment-Entity-Analysis-Pipeline/Multilingual-News-Sentiment-Entity-Analysis-Pipeline/dbt_project/target/manifest.json
[0m16:26:48.608122 [debug] [MainThread]: Wrote artifact SemanticManifest to /home/runner/work/Multilingual-News-Sentiment-Entity-Analysis-Pipeline/Multilingual-News-Sentiment-Entity-Analysis-Pipeline/dbt_project/target/semantic_manifest.json
[0m16:26:48.610611 [debug] [MainThread]: Wrote artifact OsiDocument to /home/runner/work/Multilingual-News-Sentiment-Entity-Analysis-Pipeline/Multilingual-News-Sentiment-Entity-Analysis-Pipeline/dbt_project/target/osi_document.json
[0m16:26:48.617520 [debug] [MainThread]: Wrote artifact RunExecutionResult to /home/runner/work/Multilingual-News-Sentiment-Entity-Analysis-Pipeline/Multilingual-News-Sentiment-Entity-Analysis-Pipeline/dbt_project/target/run_results.json
[0m16:26:48.617935 [info ] [MainThread]: 
[0m16:26:48.618364 [info ] [MainThread]: [32mCompleted successfully[0m
[0m16:26:48.618755 [info ] [MainThread]: 
[0m16:26:48.619152 [info ] [MainThread]: Done. PASS=7 WARN=0 ERROR=0 SKIP=0 NO-OP=0 REUSED=0 TOTAL=7
[0m16:26:48.642208 [debug] [MainThread]: Resource report: {"command_name": "run", "command_success": true, "command_wall_clock_time": 1.3389814, "process_in_blocks": "2000", "process_kernel_time": 0.206771, "process_mem_max_rss": "313424", "process_out_blocks": "7336", "process_user_time": 2.517213}
[0m16:26:48.642824 [debug] [MainThread]: Command `dbt run` succeeded at 16:26:48.642739 after 1.34 seconds
[0m16:26:48.643270 [debug] [MainThread]: Sending event: {'category': 'dbt', 'action': 'invocation', 'label': 'end', 'context': [<snowplow_tracker.self_describing_json.SelfDescribingJson object at 0x7f074b499270>, <snowplow_tracker.self_describing_json.SelfDescribingJson object at 0x7f074b78c7c0>, <snowplow_tracker.self_describing_json.SelfDescribingJson object at 0x7f074285df30>]}
[0m16:26:48.643740 [debug] [MainThread]: Flushing usage events
[0m16:26:48.970690 [debug] [MainThread]: An error was encountered while trying to flush usage events
[0m16:26:50.579179 [debug] [MainThread]: Sending event: {'category': 'dbt', 'action': 'invocation', 'label': 'start', 'context': [<snowplow_tracker.self_describing_json.SelfDescribingJson object at 0x7ff826a491e0>, <snowplow_tracker.self_describing_json.SelfDescribingJson object at 0x7ff8254eb730>, <snowplow_tracker.self_describing_json.SelfDescribingJson object at 0x7ff8254eb6d0>]}


============================== 16:26:50.581821 | 5ea28c9f-feed-4439-ae5e-7d383c3f6888 ==============================
[0m16:26:50.581821 [info ] [MainThread]: Running with dbt=1.12.5
[0m16:26:50.582431 [debug] [MainThread]: running dbt with arguments {'target_path': 'None', 'fail_fast': 'False', 'indirect_selection': 'eager', 'static_parser': 'True', 'write_json': 'True', 'no_print': 'None', 'cache_selected_only': 'False', 'warn_error': 'None', 'hints_enabled': 'True', 'version_check': 'True', 'log_format': 'default', 'introspect': 'True', 'maximum_seed_size_mib': '1', 'log_cache_events': 'False', 'log_path': '/home/runner/work/Multilingual-News-Sentiment-Entity-Analysis-Pipeline/Multilingual-News-Sentiment-Entity-Analysis-Pipeline/dbt_project/logs', 'use_experimental_parser': 'False', 'quiet': 'False', 'empty': 'None', 'warn_error_options': 'WarnErrorOptionsV2(error=[], warn=[], silence=[])', 'invocation_command': 'dbt test --profiles-dir .', 'partial_parse': 'True', 'debug': 'False', 'profiles_dir': '.', 'send_anonymous_usage_stats': 'True', 'printer_width': '80', 'use_colors': 'True'}
[0m16:26:50.800544 [debug] [MainThread]: Sending event: {'category': 'dbt', 'action': 'project_id', 'label': '5ea28c9f-feed-4439-ae5e-7d383c3f6888', 'context': [<snowplow_tracker.self_describing_json.SelfDescribingJson object at 0x7ff82561ce80>]}
[0m16:26:50.907608 [debug] [MainThread]: Sending event: {'category': 'dbt', 'action': 'adapter_info', 'label': '5ea28c9f-feed-4439-ae5e-7d383c3f6888', 'context': [<snowplow_tracker.self_describing_json.SelfDescribingJson object at 0x7ff826919000>]}
[0m16:26:50.909587 [info ] [MainThread]: Registered adapter: duckdb=1.11.0
[0m16:26:50.998386 [debug] [MainThread]: checksum: b861a166531065e3c88725a98b0b572675172303180a874f2753e38be84b4181, vars: {}, profile: news_warehouse, target: dev, version: 1.12.5
[0m16:26:51.133153 [debug] [MainThread]: Partial parsing enabled: 0 files deleted, 0 files added, 0 files changed.
[0m16:26:51.133700 [debug] [MainThread]: Nothing changed, skipping partial parsing.
[0m16:26:51.134066 [debug] [MainThread]: Partial parsing enabled, no changes found, skipping parsing
[0m16:26:51.144015 [debug] [MainThread]: Sending event: {'category': 'dbt', 'action': 'load_project', 'label': '5ea28c9f-feed-4439-ae5e-7d383c3f6888', 'context': [<snowplow_tracker.self_describing_json.SelfDescribingJson object at 0x7ff81d989150>]}
[0m16:26:51.292632 [debug] [MainThread]: Wrote artifact WritableManifest to /home/runner/work/Multilingual-News-Sentiment-Entity-Analysis-Pipeline/Multilingual-News-Sentiment-Entity-Analysis-Pipeline/dbt_project/target/manifest.json
[0m16:26:51.295447 [debug] [MainThread]: Wrote artifact SemanticManifest to /home/runner/work/Multilingual-News-Sentiment-Entity-Analysis-Pipeline/Multilingual-News-Sentiment-Entity-Analysis-Pipeline/dbt_project/target/semantic_manifest.json
[0m16:26:51.305744 [debug] [MainThread]: Wrote artifact OsiDocument to /home/runner/work/Multilingual-News-Sentiment-Entity-Analysis-Pipeline/Multilingual-News-Sentiment-Entity-Analysis-Pipeline/dbt_project/target/osi_document.json
[0m16:26:51.319160 [debug] [MainThread]: Sending event: {'category': 'dbt', 'action': 'resource_counts', 'label': '5ea28c9f-feed-4439-ae5e-7d383c3f6888', 'context': [<snowplow_tracker.self_describing_json.SelfDescribingJson object at 0x7ff81d1122c0>]}
[0m16:26:51.319732 [info ] [MainThread]: Found 7 models, 8 data tests, 5 sources, 500 macros
[0m16:26:51.320192 [debug] [MainThread]: Sending event: {'category': 'dbt', 'action': 'runnable_timing', 'label': '5ea28c9f-feed-4439-ae5e-7d383c3f6888', 'context': [<snowplow_tracker.self_describing_json.SelfDescribingJson object at 0x7ff81d110e20>]}
[0m16:26:51.321947 [info ] [MainThread]: 
[0m16:26:51.322411 [info ] [MainThread]: Concurrency: 4 threads (target='dev')
[0m16:26:51.322835 [info ] [MainThread]: 
[0m16:26:51.323442 [debug] [MainThread]: Acquiring new duckdb connection 'master'
[0m16:26:51.328636 [debug] [ThreadPool]: Acquiring new duckdb connection 'list_warehouse_main'
[0m16:26:51.357321 [debug] [ThreadPool]: Using duckdb connection "list_warehouse_main"
[0m16:26:51.357790 [debug] [ThreadPool]: On list_warehouse_main: BEGIN
[0m16:26:51.358151 [debug] [ThreadPool]: Opening a new connection, currently in state init
[0m16:26:51.369380 [debug] [ThreadPool]: SQL status: OK in 0.011 seconds
[0m16:26:51.369833 [debug] [ThreadPool]: Using duckdb connection "list_warehouse_main"
[0m16:26:51.370206 [debug] [ThreadPool]: On list_warehouse_main: /* {"app": "dbt", "dbt_version": "1.12.5", "profile_name": "news_warehouse", "target_name": "dev", "connection_name": "list_warehouse_main"} */
select
      'warehouse' as database,
      table_name as name,
      table_schema as schema,
      CASE table_type
        WHEN 'BASE TABLE' THEN 'table'
        WHEN 'VIEW' THEN 'view'
        WHEN 'LOCAL TEMPORARY' THEN 'table'
        END as type
    from system.information_schema.tables
    where lower(table_schema) = 'main'
    and lower(table_catalog) = 'warehouse'
  
[0m16:26:51.373267 [debug] [ThreadPool]: SQL status: OK in 0.003 seconds
[0m16:26:51.374613 [debug] [ThreadPool]: On list_warehouse_main: ROLLBACK
[0m16:26:51.375173 [debug] [ThreadPool]: On list_warehouse_main: Close
[0m16:26:51.377157 [debug] [MainThread]: Sending event: {'category': 'dbt', 'action': 'runnable_timing', 'label': '5ea28c9f-feed-4439-ae5e-7d383c3f6888', 'context': [<snowplow_tracker.self_describing_json.SelfDescribingJson object at 0x7ff81d111180>]}
[0m16:26:51.377705 [debug] [MainThread]: Using duckdb connection "master"
[0m16:26:51.378081 [debug] [MainThread]: On master: BEGIN
[0m16:26:51.378429 [debug] [MainThread]: Opening a new connection, currently in state init
[0m16:26:51.379070 [debug] [MainThread]: SQL status: OK in 0.001 seconds
[0m16:26:51.379497 [debug] [MainThread]: On master: COMMIT
[0m16:26:51.379899 [debug] [MainThread]: Using duckdb connection "master"
[0m16:26:51.380253 [debug] [MainThread]: On master: COMMIT
[0m16:26:51.380772 [debug] [MainThread]: SQL status: OK in 0.000 seconds
[0m16:26:51.381166 [debug] [MainThread]: On master: Close
[0m16:26:51.383631 [debug] [Thread-1 (]: Began running node test.news_warehouse.not_null_dim_entity_summary_article_count.e113c5cc88
[0m16:26:51.384095 [debug] [Thread-2 (]: Began running node test.news_warehouse.not_null_dim_entity_summary_entity_text.e9b5760dbb
[0m16:26:51.384621 [debug] [Thread-3 (]: Began running node test.news_warehouse.not_null_fct_daily_sentiment_headline_count.8aa7f0a6da
[0m16:26:51.385405 [debug] [Thread-4 (]: Began running node test.news_warehouse.not_null_fct_daily_sentiment_scrape_date.b09ab12093
[0m16:26:51.385066 [info ] [Thread-1 (]: 1 of 8 START test not_null_dim_entity_summary_article_count .................... [RUN]
[0m16:26:51.386027 [info ] [Thread-2 (]: 2 of 8 START test not_null_dim_entity_summary_entity_text ...................... [RUN]
[0m16:26:51.386559 [info ] [Thread-3 (]: 3 of 8 START test not_null_fct_daily_sentiment_headline_count .................. [RUN]
[0m16:26:51.387041 [info ] [Thread-4 (]: 4 of 8 START test not_null_fct_daily_sentiment_scrape_date ..................... [RUN]
[0m16:26:51.387632 [debug] [Thread-1 (]: Re-using an available connection from the pool (formerly list_warehouse_main, now test.news_warehouse.not_null_dim_entity_summary_article_count.e113c5cc88)
[0m16:26:51.388197 [debug] [Thread-2 (]: Acquiring new duckdb connection 'test.news_warehouse.not_null_dim_entity_summary_entity_text.e9b5760dbb'
[0m16:26:51.388764 [debug] [Thread-3 (]: Acquiring new duckdb connection 'test.news_warehouse.not_null_fct_daily_sentiment_headline_count.8aa7f0a6da'
[0m16:26:51.389307 [debug] [Thread-4 (]: Acquiring new duckdb connection 'test.news_warehouse.not_null_fct_daily_sentiment_scrape_date.b09ab12093'
[0m16:26:51.389782 [debug] [Thread-1 (]: Began compiling node test.news_warehouse.not_null_dim_entity_summary_article_count.e113c5cc88
[0m16:26:51.390273 [debug] [Thread-2 (]: Began compiling node test.news_warehouse.not_null_dim_entity_summary_entity_text.e9b5760dbb
[0m16:26:51.390731 [debug] [Thread-3 (]: Began compiling node test.news_warehouse.not_null_fct_daily_sentiment_headline_count.8aa7f0a6da
[0m16:26:51.391151 [debug] [Thread-4 (]: Began compiling node test.news_warehouse.not_null_fct_daily_sentiment_scrape_date.b09ab12093
[0m16:26:51.407577 [debug] [Thread-1 (]: Writing injected SQL for node "test.news_warehouse.not_null_dim_entity_summary_article_count.e113c5cc88"
[0m16:26:51.413684 [debug] [Thread-2 (]: Writing injected SQL for node "test.news_warehouse.not_null_dim_entity_summary_entity_text.e9b5760dbb"
[0m16:26:51.419556 [debug] [Thread-3 (]: Writing injected SQL for node "test.news_warehouse.not_null_fct_daily_sentiment_headline_count.8aa7f0a6da"
[0m16:26:51.425705 [debug] [Thread-4 (]: Writing injected SQL for node "test.news_warehouse.not_null_fct_daily_sentiment_scrape_date.b09ab12093"
[0m16:26:51.426624 [debug] [Thread-2 (]: Began executing node test.news_warehouse.not_null_dim_entity_summary_entity_text.e9b5760dbb
[0m16:26:51.442492 [debug] [Thread-3 (]: Began executing node test.news_warehouse.not_null_fct_daily_sentiment_headline_count.8aa7f0a6da
[0m16:26:51.442271 [debug] [Thread-2 (]: Writing runtime sql for node "test.news_warehouse.not_null_dim_entity_summary_entity_text.e9b5760dbb"
[0m16:26:51.443438 [debug] [Thread-1 (]: Began executing node test.news_warehouse.not_null_dim_entity_summary_article_count.e113c5cc88
[0m16:26:51.445434 [debug] [Thread-3 (]: Writing runtime sql for node "test.news_warehouse.not_null_fct_daily_sentiment_headline_count.8aa7f0a6da"
[0m16:26:51.445885 [debug] [Thread-4 (]: Began executing node test.news_warehouse.not_null_fct_daily_sentiment_scrape_date.b09ab12093
[0m16:26:51.447823 [debug] [Thread-1 (]: Writing runtime sql for node "test.news_warehouse.not_null_dim_entity_summary_article_count.e113c5cc88"
[0m16:26:51.449887 [debug] [Thread-4 (]: Writing runtime sql for node "test.news_warehouse.not_null_fct_daily_sentiment_scrape_date.b09ab12093"
[0m16:26:51.450436 [debug] [Thread-2 (]: Using duckdb connection "test.news_warehouse.not_null_dim_entity_summary_entity_text.e9b5760dbb"
[0m16:26:51.451141 [debug] [Thread-3 (]: Using duckdb connection "test.news_warehouse.not_null_fct_daily_sentiment_headline_count.8aa7f0a6da"
[0m16:26:51.451765 [debug] [Thread-2 (]: On test.news_warehouse.not_null_dim_entity_summary_entity_text.e9b5760dbb: BEGIN
[0m16:26:51.452276 [debug] [Thread-1 (]: Using duckdb connection "test.news_warehouse.not_null_dim_entity_summary_article_count.e113c5cc88"
[0m16:26:51.452744 [debug] [Thread-3 (]: On test.news_warehouse.not_null_fct_daily_sentiment_headline_count.8aa7f0a6da: BEGIN
[0m16:26:51.453233 [debug] [Thread-2 (]: Opening a new connection, currently in state init
[0m16:26:51.453749 [debug] [Thread-4 (]: Using duckdb connection "test.news_warehouse.not_null_fct_daily_sentiment_scrape_date.b09ab12093"
[0m16:26:51.454196 [debug] [Thread-1 (]: On test.news_warehouse.not_null_dim_entity_summary_article_count.e113c5cc88: BEGIN
[0m16:26:51.454657 [debug] [Thread-3 (]: Opening a new connection, currently in state init
[0m16:26:51.455384 [debug] [Thread-4 (]: On test.news_warehouse.not_null_fct_daily_sentiment_scrape_date.b09ab12093: BEGIN
[0m16:26:51.455911 [debug] [Thread-1 (]: Opening a new connection, currently in state closed
[0m16:26:51.456347 [debug] [Thread-2 (]: SQL status: OK in 0.003 seconds
[0m16:26:51.456982 [debug] [Thread-4 (]: Opening a new connection, currently in state init
[0m16:26:51.457486 [debug] [Thread-3 (]: SQL status: OK in 0.003 seconds
[0m16:26:51.458065 [debug] [Thread-2 (]: Using duckdb connection "test.news_warehouse.not_null_dim_entity_summary_entity_text.e9b5760dbb"
[0m16:26:51.458574 [debug] [Thread-1 (]: SQL status: OK in 0.003 seconds
[0m16:26:51.459153 [debug] [Thread-3 (]: Using duckdb connection "test.news_warehouse.not_null_fct_daily_sentiment_headline_count.8aa7f0a6da"
[0m16:26:51.459626 [debug] [Thread-4 (]: SQL status: OK in 0.003 seconds
[0m16:26:51.460095 [debug] [Thread-2 (]: On test.news_warehouse.not_null_dim_entity_summary_entity_text.e9b5760dbb: /* {"app": "dbt", "dbt_version": "1.12.5", "profile_name": "news_warehouse", "target_name": "dev", "node_id": "test.news_warehouse.not_null_dim_entity_summary_entity_text.e9b5760dbb"} */

    
    select
      count(*) as failures,
      count(*) != 0 as should_warn,
      count(*) != 0 as should_error
    from (
      
    
  
    
    



select entity_text
from "warehouse"."main"."dim_entity_summary"
where entity_text is null



  
  
      
    ) dbt_internal_test
[0m16:26:51.460577 [debug] [Thread-1 (]: Using duckdb connection "test.news_warehouse.not_null_dim_entity_summary_article_count.e113c5cc88"
[0m16:26:51.461037 [debug] [Thread-3 (]: On test.news_warehouse.not_null_fct_daily_sentiment_headline_count.8aa7f0a6da: /* {"app": "dbt", "dbt_version": "1.12.5", "profile_name": "news_warehouse", "target_name": "dev", "node_id": "test.news_warehouse.not_null_fct_daily_sentiment_headline_count.8aa7f0a6da"} */

    
    select
      count(*) as failures,
      count(*) != 0 as should_warn,
      count(*) != 0 as should_error
    from (
      
    
  
    
    



select headline_count
from "warehouse"."main"."fct_daily_sentiment"
where headline_count is null



  
  
      
    ) dbt_internal_test
[0m16:26:51.461502 [debug] [Thread-4 (]: Using duckdb connection "test.news_warehouse.not_null_fct_daily_sentiment_scrape_date.b09ab12093"
[0m16:26:51.462100 [debug] [Thread-1 (]: On test.news_warehouse.not_null_dim_entity_summary_article_count.e113c5cc88: /* {"app": "dbt", "dbt_version": "1.12.5", "profile_name": "news_warehouse", "target_name": "dev", "node_id": "test.news_warehouse.not_null_dim_entity_summary_article_count.e113c5cc88"} */

    
    select
      count(*) as failures,
      count(*) != 0 as should_warn,
      count(*) != 0 as should_error
    from (
      
    
  
    
    



select article_count
from "warehouse"."main"."dim_entity_summary"
where article_count is null



  
  
      
    ) dbt_internal_test
[0m16:26:51.462793 [debug] [Thread-2 (]: SQL status: OK in 0.001 seconds
[0m16:26:51.463330 [debug] [Thread-4 (]: On test.news_warehouse.not_null_fct_daily_sentiment_scrape_date.b09ab12093: /* {"app": "dbt", "dbt_version": "1.12.5", "profile_name": "news_warehouse", "target_name": "dev", "node_id": "test.news_warehouse.not_null_fct_daily_sentiment_scrape_date.b09ab12093"} */

    
    select
      count(*) as failures,
      count(*) != 0 as should_warn,
      count(*) != 0 as should_error
    from (
      
    
  
    
    



select scrape_date
from "warehouse"."main"."fct_daily_sentiment"
where scrape_date is null



  
  
      
    ) dbt_internal_test
[0m16:26:51.463877 [debug] [Thread-3 (]: SQL status: OK in 0.001 seconds
[0m16:26:51.468289 [debug] [Thread-2 (]: On test.news_warehouse.not_null_dim_entity_summary_entity_text.e9b5760dbb: ROLLBACK
[0m16:26:51.468919 [debug] [Thread-1 (]: SQL status: OK in 0.005 seconds
[0m16:26:51.469538 [debug] [Thread-4 (]: SQL status: OK in 0.001 seconds
[0m16:26:51.470715 [debug] [Thread-3 (]: On test.news_warehouse.not_null_fct_daily_sentiment_headline_count.8aa7f0a6da: ROLLBACK
[0m16:26:51.471501 [debug] [Thread-2 (]: On test.news_warehouse.not_null_dim_entity_summary_entity_text.e9b5760dbb: Close
[0m16:26:51.472642 [debug] [Thread-1 (]: On test.news_warehouse.not_null_dim_entity_summary_article_count.e113c5cc88: ROLLBACK
[0m16:26:51.473793 [debug] [Thread-4 (]: On test.news_warehouse.not_null_fct_daily_sentiment_scrape_date.b09ab12093: ROLLBACK
[0m16:26:51.474640 [info ] [Thread-2 (]: 2 of 8 PASS not_null_dim_entity_summary_entity_text ............................ [[32mPASS[0m in 0.09s]
[0m16:26:51.475149 [debug] [Thread-3 (]: On test.news_warehouse.not_null_fct_daily_sentiment_headline_count.8aa7f0a6da: Close
[0m16:26:51.475859 [debug] [Thread-1 (]: On test.news_warehouse.not_null_dim_entity_summary_article_count.e113c5cc88: Close
[0m16:26:51.476467 [debug] [Thread-2 (]: Finished running node test.news_warehouse.not_null_dim_entity_summary_entity_text.e9b5760dbb
[0m16:26:51.477001 [debug] [Thread-4 (]: On test.news_warehouse.not_null_fct_daily_sentiment_scrape_date.b09ab12093: Close
[0m16:26:51.477698 [info ] [Thread-3 (]: 3 of 8 PASS not_null_fct_daily_sentiment_headline_count ........................ [[32mPASS[0m in 0.09s]
[0m16:26:51.478336 [info ] [Thread-1 (]: 1 of 8 PASS not_null_dim_entity_summary_article_count .......................... [[32mPASS[0m in 0.09s]
[0m16:26:51.478909 [debug] [Thread-2 (]: Began running node test.news_warehouse.not_null_fct_daily_sentiment_source_name.3bd2b89b77
[0m16:26:51.479725 [info ] [Thread-4 (]: 4 of 8 PASS not_null_fct_daily_sentiment_scrape_date ........................... [[32mPASS[0m in 0.09s]
[0m16:26:51.480333 [debug] [Thread-3 (]: Finished running node test.news_warehouse.not_null_fct_daily_sentiment_headline_count.8aa7f0a6da
[0m16:26:51.480937 [debug] [Thread-1 (]: Finished running node test.news_warehouse.not_null_dim_entity_summary_article_count.e113c5cc88
[0m16:26:51.481411 [info ] [Thread-2 (]: 5 of 8 START test not_null_fct_daily_sentiment_source_name ..................... [RUN]
[0m16:26:51.482058 [debug] [Thread-4 (]: Finished running node test.news_warehouse.not_null_fct_daily_sentiment_scrape_date.b09ab12093
[0m16:26:51.482565 [debug] [Thread-3 (]: Began running node test.news_warehouse.not_null_stg_articles_article_key.db8c6d35da
[0m16:26:51.483095 [debug] [Thread-1 (]: Began running node test.news_warehouse.not_null_stg_articles_translated_headline.e4edbf669c
[0m16:26:51.483656 [debug] [Thread-2 (]: Re-using an available connection from the pool (formerly test.news_warehouse.not_null_dim_entity_summary_entity_text.e9b5760dbb, now test.news_warehouse.not_null_fct_daily_sentiment_source_name.3bd2b89b77)
[0m16:26:51.484153 [debug] [Thread-4 (]: Began running node test.news_warehouse.unique_stg_articles_article_key.691d01e603
[0m16:26:51.484668 [info ] [Thread-3 (]: 6 of 8 START test not_null_stg_articles_article_key ............................ [RUN]
[0m16:26:51.485170 [info ] [Thread-1 (]: 7 of 8 START test not_null_stg_articles_translated_headline .................... [RUN]
[0m16:26:51.485689 [debug] [Thread-2 (]: Began compiling node test.news_warehouse.not_null_fct_daily_sentiment_source_name.3bd2b89b77
[0m16:26:51.486161 [info ] [Thread-4 (]: 8 of 8 START test unique_stg_articles_article_key .............................. [RUN]
[0m16:26:51.486735 [debug] [Thread-3 (]: Re-using an available connection from the pool (formerly test.news_warehouse.not_null_fct_daily_sentiment_headline_count.8aa7f0a6da, now test.news_warehouse.not_null_stg_articles_article_key.db8c6d35da)
[0m16:26:51.487263 [debug] [Thread-1 (]: Re-using an available connection from the pool (formerly test.news_warehouse.not_null_dim_entity_summary_article_count.e113c5cc88, now test.news_warehouse.not_null_stg_articles_translated_headline.e4edbf669c)
[0m16:26:51.493631 [debug] [Thread-2 (]: Writing injected SQL for node "test.news_warehouse.not_null_fct_daily_sentiment_source_name.3bd2b89b77"
[0m16:26:51.494187 [debug] [Thread-4 (]: Re-using an available connection from the pool (formerly test.news_warehouse.not_null_fct_daily_sentiment_scrape_date.b09ab12093, now test.news_warehouse.unique_stg_articles_article_key.691d01e603)
[0m16:26:51.494668 [debug] [Thread-3 (]: Began compiling node test.news_warehouse.not_null_stg_articles_article_key.db8c6d35da
[0m16:26:51.495129 [debug] [Thread-1 (]: Began compiling node test.news_warehouse.not_null_stg_articles_translated_headline.e4edbf669c
[0m16:26:51.495696 [debug] [Thread-4 (]: Began compiling node test.news_warehouse.unique_stg_articles_article_key.691d01e603
[0m16:26:51.506800 [debug] [Thread-3 (]: Writing injected SQL for node "test.news_warehouse.not_null_stg_articles_article_key.db8c6d35da"
[0m16:26:51.507886 [debug] [Thread-1 (]: Writing injected SQL for node "test.news_warehouse.not_null_stg_articles_translated_headline.e4edbf669c"
[0m16:26:51.515693 [debug] [Thread-4 (]: Writing injected SQL for node "test.news_warehouse.unique_stg_articles_article_key.691d01e603"
[0m16:26:51.516228 [debug] [Thread-2 (]: Began executing node test.news_warehouse.not_null_fct_daily_sentiment_source_name.3bd2b89b77
[0m16:26:51.518331 [debug] [Thread-2 (]: Writing runtime sql for node "test.news_warehouse.not_null_fct_daily_sentiment_source_name.3bd2b89b77"
[0m16:26:51.518930 [debug] [Thread-3 (]: Began executing node test.news_warehouse.not_null_stg_articles_article_key.db8c6d35da
[0m16:26:51.519633 [debug] [Thread-1 (]: Began executing node test.news_warehouse.not_null_stg_articles_translated_headline.e4edbf669c
[0m16:26:51.521639 [debug] [Thread-3 (]: Writing runtime sql for node "test.news_warehouse.not_null_stg_articles_article_key.db8c6d35da"
[0m16:26:51.522106 [debug] [Thread-4 (]: Began executing node test.news_warehouse.unique_stg_articles_article_key.691d01e603
[0m16:26:51.523931 [debug] [Thread-1 (]: Writing runtime sql for node "test.news_warehouse.not_null_stg_articles_translated_headline.e4edbf669c"
[0m16:26:51.524586 [debug] [Thread-2 (]: Using duckdb connection "test.news_warehouse.not_null_fct_daily_sentiment_source_name.3bd2b89b77"
[0m16:26:51.526485 [debug] [Thread-4 (]: Writing runtime sql for node "test.news_warehouse.unique_stg_articles_article_key.691d01e603"
[0m16:26:51.527119 [debug] [Thread-3 (]: Using duckdb connection "test.news_warehouse.not_null_stg_articles_article_key.db8c6d35da"
[0m16:26:51.527630 [debug] [Thread-2 (]: On test.news_warehouse.not_null_fct_daily_sentiment_source_name.3bd2b89b77: BEGIN
[0m16:26:51.528169 [debug] [Thread-1 (]: Using duckdb connection "test.news_warehouse.not_null_stg_articles_translated_headline.e4edbf669c"
[0m16:26:51.528739 [debug] [Thread-3 (]: On test.news_warehouse.not_null_stg_articles_article_key.db8c6d35da: BEGIN
[0m16:26:51.529219 [debug] [Thread-2 (]: Opening a new connection, currently in state closed
[0m16:26:51.529716 [debug] [Thread-1 (]: On test.news_warehouse.not_null_stg_articles_translated_headline.e4edbf669c: BEGIN
[0m16:26:51.530223 [debug] [Thread-4 (]: Using duckdb connection "test.news_warehouse.unique_stg_articles_article_key.691d01e603"
[0m16:26:51.530655 [debug] [Thread-3 (]: Opening a new connection, currently in state closed
[0m16:26:51.531324 [debug] [Thread-1 (]: Opening a new connection, currently in state closed
[0m16:26:51.531812 [debug] [Thread-4 (]: On test.news_warehouse.unique_stg_articles_article_key.691d01e603: BEGIN
[0m16:26:51.532263 [debug] [Thread-2 (]: SQL status: OK in 0.003 seconds
[0m16:26:51.533041 [debug] [Thread-4 (]: Opening a new connection, currently in state closed
[0m16:26:51.533492 [debug] [Thread-1 (]: SQL status: OK in 0.002 seconds
[0m16:26:51.533985 [debug] [Thread-3 (]: SQL status: OK in 0.003 seconds
[0m16:26:51.534407 [debug] [Thread-2 (]: Using duckdb connection "test.news_warehouse.not_null_fct_daily_sentiment_source_name.3bd2b89b77"
[0m16:26:51.535025 [debug] [Thread-1 (]: Using duckdb connection "test.news_warehouse.not_null_stg_articles_translated_headline.e4edbf669c"
[0m16:26:51.535515 [debug] [Thread-4 (]: SQL status: OK in 0.002 seconds
[0m16:26:51.535936 [debug] [Thread-3 (]: Using duckdb connection "test.news_warehouse.not_null_stg_articles_article_key.db8c6d35da"
[0m16:26:51.536396 [debug] [Thread-2 (]: On test.news_warehouse.not_null_fct_daily_sentiment_source_name.3bd2b89b77: /* {"app": "dbt", "dbt_version": "1.12.5", "profile_name": "news_warehouse", "target_name": "dev", "node_id": "test.news_warehouse.not_null_fct_daily_sentiment_source_name.3bd2b89b77"} */

    
    select
      count(*) as failures,
      count(*) != 0 as should_warn,
      count(*) != 0 as should_error
    from (
      
    
  
    
    



select source_name
from "warehouse"."main"."fct_daily_sentiment"
where source_name is null



  
  
      
    ) dbt_internal_test
[0m16:26:51.536894 [debug] [Thread-1 (]: On test.news_warehouse.not_null_stg_articles_translated_headline.e4edbf669c: /* {"app": "dbt", "dbt_version": "1.12.5", "profile_name": "news_warehouse", "target_name": "dev", "node_id": "test.news_warehouse.not_null_stg_articles_translated_headline.e4edbf669c"} */

    
    select
      count(*) as failures,
      count(*) != 0 as should_warn,
      count(*) != 0 as should_error
    from (
      
    
  
    
    



select translated_headline
from "warehouse"."main"."stg_articles"
where translated_headline is null



  
  
      
    ) dbt_internal_test
[0m16:26:51.537343 [debug] [Thread-4 (]: Using duckdb connection "test.news_warehouse.unique_stg_articles_article_key.691d01e603"
[0m16:26:51.537818 [debug] [Thread-3 (]: On test.news_warehouse.not_null_stg_articles_article_key.db8c6d35da: /* {"app": "dbt", "dbt_version": "1.12.5", "profile_name": "news_warehouse", "target_name": "dev", "node_id": "test.news_warehouse.not_null_stg_articles_article_key.db8c6d35da"} */

    
    select
      count(*) as failures,
      count(*) != 0 as should_warn,
      count(*) != 0 as should_error
    from (
      
    
  
    
    



select article_key
from "warehouse"."main"."stg_articles"
where article_key is null



  
  
      
    ) dbt_internal_test
[0m16:26:51.538607 [debug] [Thread-4 (]: On test.news_warehouse.unique_stg_articles_article_key.691d01e603: /* {"app": "dbt", "dbt_version": "1.12.5", "profile_name": "news_warehouse", "target_name": "dev", "node_id": "test.news_warehouse.unique_stg_articles_article_key.691d01e603"} */

    
    select
      count(*) as failures,
      count(*) != 0 as should_warn,
      count(*) != 0 as should_error
    from (
      
    
  
    
    

select
    article_key as unique_field,
    count(*) as n_records

from "warehouse"."main"."stg_articles"
where article_key is not null
group by article_key
having count(*) > 1



  
  
      
    ) dbt_internal_test
[0m16:26:51.539284 [debug] [Thread-2 (]: SQL status: OK in 0.001 seconds
[0m16:26:51.540331 [debug] [Thread-1 (]: SQL status: OK in 0.002 seconds
[0m16:26:51.542249 [debug] [Thread-2 (]: On test.news_warehouse.not_null_fct_daily_sentiment_source_name.3bd2b89b77: ROLLBACK
[0m16:26:51.543012 [debug] [Thread-3 (]: SQL status: OK in 0.003 seconds
[0m16:26:51.543746 [debug] [Thread-4 (]: SQL status: OK in 0.004 seconds
[0m16:26:51.545019 [debug] [Thread-1 (]: On test.news_warehouse.not_null_stg_articles_translated_headline.e4edbf669c: ROLLBACK
[0m16:26:51.545541 [debug] [Thread-2 (]: On test.news_warehouse.not_null_fct_daily_sentiment_source_name.3bd2b89b77: Close
[0m16:26:51.547148 [debug] [Thread-3 (]: On test.news_warehouse.not_null_stg_articles_article_key.db8c6d35da: ROLLBACK
[0m16:26:51.548287 [debug] [Thread-4 (]: On test.news_warehouse.unique_stg_articles_article_key.691d01e603: ROLLBACK
[0m16:26:51.548799 [debug] [Thread-1 (]: On test.news_warehouse.not_null_stg_articles_translated_headline.e4edbf669c: Close
[0m16:26:51.549461 [info ] [Thread-2 (]: 5 of 8 PASS not_null_fct_daily_sentiment_source_name ........................... [[32mPASS[0m in 0.07s]
[0m16:26:51.550404 [info ] [Thread-1 (]: 7 of 8 PASS not_null_stg_articles_translated_headline .......................... [[32mPASS[0m in 0.06s]
[0m16:26:51.550898 [debug] [Thread-3 (]: On test.news_warehouse.not_null_stg_articles_article_key.db8c6d35da: Close
[0m16:26:51.551562 [debug] [Thread-2 (]: Finished running node test.news_warehouse.not_null_fct_daily_sentiment_source_name.3bd2b89b77
[0m16:26:51.551975 [debug] [Thread-4 (]: On test.news_warehouse.unique_stg_articles_article_key.691d01e603: Close
[0m16:26:51.552584 [debug] [Thread-1 (]: Finished running node test.news_warehouse.not_null_stg_articles_translated_headline.e4edbf669c
[0m16:26:51.553211 [info ] [Thread-3 (]: 6 of 8 PASS not_null_stg_articles_article_key .................................. [[32mPASS[0m in 0.07s]
[0m16:26:51.554181 [info ] [Thread-4 (]: 8 of 8 PASS unique_stg_articles_article_key .................................... [[32mPASS[0m in 0.06s]
[0m16:26:51.554828 [debug] [Thread-3 (]: Finished running node test.news_warehouse.not_null_stg_articles_article_key.db8c6d35da
[0m16:26:51.555396 [debug] [Thread-4 (]: Finished running node test.news_warehouse.unique_stg_articles_article_key.691d01e603
[0m16:26:51.556723 [debug] [MainThread]: Using duckdb connection "master"
[0m16:26:51.557121 [debug] [MainThread]: On master: BEGIN
[0m16:26:51.557494 [debug] [MainThread]: Opening a new connection, currently in state closed
[0m16:26:51.558112 [debug] [MainThread]: SQL status: OK in 0.001 seconds
[0m16:26:51.558532 [debug] [MainThread]: On master: COMMIT
[0m16:26:51.558910 [debug] [MainThread]: Using duckdb connection "master"
[0m16:26:51.559259 [debug] [MainThread]: On master: COMMIT
[0m16:26:51.559790 [debug] [MainThread]: SQL status: OK in 0.000 seconds
[0m16:26:51.560182 [debug] [MainThread]: On master: Close
[0m16:26:51.560689 [debug] [MainThread]: Connection 'master' was properly closed.
[0m16:26:51.561051 [debug] [MainThread]: Connection 'test.news_warehouse.not_null_stg_articles_translated_headline.e4edbf669c' was properly closed.
[0m16:26:51.561395 [debug] [MainThread]: Connection 'test.news_warehouse.not_null_fct_daily_sentiment_source_name.3bd2b89b77' was properly closed.
[0m16:26:51.561763 [debug] [MainThread]: Connection 'test.news_warehouse.not_null_stg_articles_article_key.db8c6d35da' was properly closed.
[0m16:26:51.562104 [debug] [MainThread]: Connection 'test.news_warehouse.unique_stg_articles_article_key.691d01e603' was properly closed.
[0m16:26:51.562512 [info ] [MainThread]: 
[0m16:26:51.562940 [info ] [MainThread]: Finished running 8 data tests in 0 hours 0 minutes and 0.24 seconds (0.24s).
[0m16:26:51.564259 [debug] [MainThread]: Command end result
[0m16:26:51.597824 [debug] [MainThread]: Wrote artifact WritableManifest to /home/runner/work/Multilingual-News-Sentiment-Entity-Analysis-Pipeline/Multilingual-News-Sentiment-Entity-Analysis-Pipeline/dbt_project/target/manifest.json
[0m16:26:51.600584 [debug] [MainThread]: Wrote artifact SemanticManifest to /home/runner/work/Multilingual-News-Sentiment-Entity-Analysis-Pipeline/Multilingual-News-Sentiment-Entity-Analysis-Pipeline/dbt_project/target/semantic_manifest.json
[0m16:26:51.603100 [debug] [MainThread]: Wrote artifact OsiDocument to /home/runner/work/Multilingual-News-Sentiment-Entity-Analysis-Pipeline/Multilingual-News-Sentiment-Entity-Analysis-Pipeline/dbt_project/target/osi_document.json
[0m16:26:51.610846 [debug] [MainThread]: Wrote artifact RunExecutionResult to /home/runner/work/Multilingual-News-Sentiment-Entity-Analysis-Pipeline/Multilingual-News-Sentiment-Entity-Analysis-Pipeline/dbt_project/target/run_results.json
[0m16:26:51.611310 [info ] [MainThread]: 
[0m16:26:51.611818 [info ] [MainThread]: [32mCompleted successfully[0m
[0m16:26:51.612250 [info ] [MainThread]: 
[0m16:26:51.612707 [info ] [MainThread]: Done. PASS=8 WARN=0 ERROR=0 SKIP=0 NO-OP=0 REUSED=0 TOTAL=8
[0m16:26:51.613667 [debug] [MainThread]: Resource report: {"command_name": "test", "command_success": true, "command_wall_clock_time": 1.1163815, "process_in_blocks": "0", "process_kernel_time": 0.171553, "process_mem_max_rss": "194724", "process_out_blocks": "2856", "process_user_time": 2.124852}
[0m16:26:51.614211 [debug] [MainThread]: Command `dbt test` succeeded at 16:26:51.614132 after 1.12 seconds
[0m16:26:51.614680 [debug] [MainThread]: Sending event: {'category': 'dbt', 'action': 'invocation', 'label': 'end', 'context': [<snowplow_tracker.self_describing_json.SelfDescribingJson object at 0x7ff826a491e0>, <snowplow_tracker.self_describing_json.SelfDescribingJson object at 0x7ff82561ce80>, <snowplow_tracker.self_describing_json.SelfDescribingJson object at 0x7ff8279447c0>]}
[0m16:26:51.615132 [debug] [MainThread]: Flushing usage events
[0m16:26:51.870851 [debug] [MainThread]: An error was encountered while trying to flush usage events
[0m14:35:51.603118 [debug] [MainThread]: Sending event: {'category': 'dbt', 'action': 'invocation', 'label': 'start', 'context': [<snowplow_tracker.self_describing_json.SelfDescribingJson object at 0x7f57cefb1300>, <snowplow_tracker.self_describing_json.SelfDescribingJson object at 0x7f57cda7f790>, <snowplow_tracker.self_describing_json.SelfDescribingJson object at 0x7f57cda7f730>]}


============================== 14:35:51.606258 | f16b136b-8e0a-4018-8463-fe6c50b14d1e ==============================
[0m14:35:51.606258 [info ] [MainThread]: Running with dbt=1.12.5
[0m14:35:51.607104 [debug] [MainThread]: running dbt with arguments {'invocation_command': 'dbt run --profiles-dir .', 'hints_enabled': 'True', 'introspect': 'True', 'log_cache_events': 'False', 'warn_error': 'None', 'use_experimental_parser': 'False', 'send_anonymous_usage_stats': 'True', 'partial_parse': 'True', 'use_colors': 'True', 'printer_width': '80', 'log_format': 'default', 'static_parser': 'True', 'empty': 'False', 'write_json': 'True', 'maximum_seed_size_mib': '1', 'debug': 'False', 'cache_selected_only': 'False', 'indirect_selection': 'eager', 'profiles_dir': '.', 'version_check': 'True', 'target_path': 'None', 'quiet': 'False', 'log_path': '/home/runner/work/Multilingual-News-Sentiment-Entity-Analysis-Pipeline/Multilingual-News-Sentiment-Entity-Analysis-Pipeline/dbt_project/logs', 'fail_fast': 'False', 'no_print': 'None', 'warn_error_options': 'WarnErrorOptionsV2(error=[], warn=[], silence=[])'}
[0m14:35:51.936685 [debug] [MainThread]: Sending event: {'category': 'dbt', 'action': 'project_id', 'label': 'f16b136b-8e0a-4018-8463-fe6c50b14d1e', 'context': [<snowplow_tracker.self_describing_json.SelfDescribingJson object at 0x7f57cda7f550>]}
[0m14:35:52.091867 [debug] [MainThread]: Sending event: {'category': 'dbt', 'action': 'adapter_info', 'label': 'f16b136b-8e0a-4018-8463-fe6c50b14d1e', 'context': [<snowplow_tracker.self_describing_json.SelfDescribingJson object at 0x7f57cee44640>]}
[0m14:35:52.094494 [info ] [MainThread]: Registered adapter: duckdb=1.11.0
[0m14:35:52.205659 [debug] [MainThread]: checksum: b861a166531065e3c88725a98b0b572675172303180a874f2753e38be84b4181, vars: {}, profile: news_warehouse, target: dev, version: 1.12.5
[0m14:35:52.402031 [debug] [MainThread]: Partial parsing enabled: 0 files deleted, 0 files added, 0 files changed.
[0m14:35:52.402709 [debug] [MainThread]: Nothing changed, skipping partial parsing.
[0m14:35:52.403225 [debug] [MainThread]: Partial parsing enabled, no changes found, skipping parsing
[0m14:35:52.417951 [debug] [MainThread]: Sending event: {'category': 'dbt', 'action': 'load_project', 'label': 'f16b136b-8e0a-4018-8463-fe6c50b14d1e', 'context': [<snowplow_tracker.self_describing_json.SelfDescribingJson object at 0x7f57c57580a0>]}
[0m14:35:52.640731 [debug] [MainThread]: Wrote artifact WritableManifest to /home/runner/work/Multilingual-News-Sentiment-Entity-Analysis-Pipeline/Multilingual-News-Sentiment-Entity-Analysis-Pipeline/dbt_project/target/manifest.json
[0m14:35:52.644535 [debug] [MainThread]: Wrote artifact SemanticManifest to /home/runner/work/Multilingual-News-Sentiment-Entity-Analysis-Pipeline/Multilingual-News-Sentiment-Entity-Analysis-Pipeline/dbt_project/target/semantic_manifest.json
[0m14:35:52.659338 [debug] [MainThread]: Wrote artifact OsiDocument to /home/runner/work/Multilingual-News-Sentiment-Entity-Analysis-Pipeline/Multilingual-News-Sentiment-Entity-Analysis-Pipeline/dbt_project/target/osi_document.json
[0m14:35:52.680180 [debug] [MainThread]: Sending event: {'category': 'dbt', 'action': 'resource_counts', 'label': 'f16b136b-8e0a-4018-8463-fe6c50b14d1e', 'context': [<snowplow_tracker.self_describing_json.SelfDescribingJson object at 0x7f57c571a620>]}
[0m14:35:52.681098 [info ] [MainThread]: Found 7 models, 8 data tests, 5 sources, 500 macros
[0m14:35:52.681663 [debug] [MainThread]: Sending event: {'category': 'dbt', 'action': 'runnable_timing', 'label': 'f16b136b-8e0a-4018-8463-fe6c50b14d1e', 'context': [<snowplow_tracker.self_describing_json.SelfDescribingJson object at 0x7f57c571a530>]}
[0m14:35:52.683998 [info ] [MainThread]: 
[0m14:35:52.684569 [info ] [MainThread]: Concurrency: 4 threads (target='dev')
[0m14:35:52.685140 [info ] [MainThread]: 
[0m14:35:52.685915 [debug] [MainThread]: Acquiring new duckdb connection 'master'
[0m14:35:52.693389 [debug] [ThreadPool]: Acquiring new duckdb connection 'list_warehouse'
[0m14:35:52.734408 [debug] [ThreadPool]: Using duckdb connection "list_warehouse"
[0m14:35:52.735154 [debug] [ThreadPool]: On list_warehouse: /* {"app": "dbt", "dbt_version": "1.12.5", "profile_name": "news_warehouse", "target_name": "dev", "connection_name": "list_warehouse"} */

    
    select schema_name
    from system.information_schema.schemata
    
    where lower(catalog_name) = '"warehouse"'
    
  
  
[0m14:35:52.735667 [debug] [ThreadPool]: Opening a new connection, currently in state init
[0m14:35:52.750974 [debug] [ThreadPool]: SQL status: OK in 0.015 seconds
[0m14:35:52.752740 [debug] [ThreadPool]: On list_warehouse: Close
[0m14:35:52.753862 [debug] [ThreadPool]: Re-using an available connection from the pool (formerly list_warehouse, now create_warehouse_main)
[0m14:35:52.754614 [debug] [ThreadPool]: Creating schema "database: "warehouse"
schema: "main"
"
[0m14:35:52.764153 [debug] [ThreadPool]: Using duckdb connection "create_warehouse_main"
[0m14:35:52.764725 [debug] [ThreadPool]: On create_warehouse_main: /* {"app": "dbt", "dbt_version": "1.12.5", "profile_name": "news_warehouse", "target_name": "dev", "connection_name": "create_warehouse_main"} */

    
        select type from duckdb_databases()
        where lower(database_name)='warehouse'
        and type != 'duckdb'
    
  
[0m14:35:52.765264 [debug] [ThreadPool]: Opening a new connection, currently in state closed
[0m14:35:52.766592 [debug] [ThreadPool]: SQL status: OK in 0.001 seconds
[0m14:35:52.768087 [debug] [ThreadPool]: Using duckdb connection "create_warehouse_main"
[0m14:35:52.768603 [debug] [ThreadPool]: On create_warehouse_main: BEGIN
[0m14:35:52.769414 [debug] [ThreadPool]: SQL status: OK in 0.000 seconds
[0m14:35:52.769971 [debug] [ThreadPool]: Using duckdb connection "create_warehouse_main"
[0m14:35:52.770485 [debug] [ThreadPool]: On create_warehouse_main: /* {"app": "dbt", "dbt_version": "1.12.5", "profile_name": "news_warehouse", "target_name": "dev", "connection_name": "create_warehouse_main"} */

    
    
        create schema if not exists "warehouse"."main"
    
[0m14:35:52.771304 [debug] [ThreadPool]: SQL status: OK in 0.000 seconds
[0m14:35:52.772349 [debug] [ThreadPool]: On create_warehouse_main: COMMIT
[0m14:35:52.772874 [debug] [ThreadPool]: Using duckdb connection "create_warehouse_main"
[0m14:35:52.773407 [debug] [ThreadPool]: On create_warehouse_main: COMMIT
[0m14:35:52.774216 [debug] [ThreadPool]: SQL status: OK in 0.000 seconds
[0m14:35:52.774747 [debug] [ThreadPool]: On create_warehouse_main: Close
[0m14:35:52.777152 [debug] [ThreadPool]: Re-using an available connection from the pool (formerly create_warehouse_main, now list_warehouse_main)
[0m14:35:52.783059 [debug] [ThreadPool]: Using duckdb connection "list_warehouse_main"
[0m14:35:52.783588 [debug] [ThreadPool]: On list_warehouse_main: BEGIN
[0m14:35:52.784111 [debug] [ThreadPool]: Opening a new connection, currently in state closed
[0m14:35:52.784959 [debug] [ThreadPool]: SQL status: OK in 0.001 seconds
[0m14:35:52.785620 [debug] [ThreadPool]: Using duckdb connection "list_warehouse_main"
[0m14:35:52.786169 [debug] [ThreadPool]: On list_warehouse_main: /* {"app": "dbt", "dbt_version": "1.12.5", "profile_name": "news_warehouse", "target_name": "dev", "connection_name": "list_warehouse_main"} */
select
      'warehouse' as database,
      table_name as name,
      table_schema as schema,
      CASE table_type
        WHEN 'BASE TABLE' THEN 'table'
        WHEN 'VIEW' THEN 'view'
        WHEN 'LOCAL TEMPORARY' THEN 'table'
        END as type
    from system.information_schema.tables
    where lower(table_schema) = 'main'
    and lower(table_catalog) = 'warehouse'
  
[0m14:35:52.789992 [debug] [ThreadPool]: SQL status: OK in 0.003 seconds
[0m14:35:52.791822 [debug] [ThreadPool]: On list_warehouse_main: ROLLBACK
[0m14:35:52.792598 [debug] [ThreadPool]: On list_warehouse_main: Close
[0m14:35:52.796062 [debug] [MainThread]: Sending event: {'category': 'dbt', 'action': 'runnable_timing', 'label': 'f16b136b-8e0a-4018-8463-fe6c50b14d1e', 'context': [<snowplow_tracker.self_describing_json.SelfDescribingJson object at 0x7f57cdac81c0>]}
[0m14:35:52.796807 [debug] [MainThread]: Using duckdb connection "master"
[0m14:35:52.797372 [debug] [MainThread]: On master: BEGIN
[0m14:35:52.797863 [debug] [MainThread]: Opening a new connection, currently in state init
[0m14:35:52.798802 [debug] [MainThread]: SQL status: OK in 0.001 seconds
[0m14:35:52.799442 [debug] [MainThread]: On master: COMMIT
[0m14:35:52.800030 [debug] [MainThread]: Using duckdb connection "master"
[0m14:35:52.800530 [debug] [MainThread]: On master: COMMIT
[0m14:35:52.801420 [debug] [MainThread]: SQL status: OK in 0.000 seconds
[0m14:35:52.802010 [debug] [MainThread]: On master: Close
[0m14:35:52.809017 [debug] [Thread-1 (]: Began running node model.news_warehouse.dim_entity_summary
[0m14:35:52.809805 [debug] [Thread-2 (]: Began running node model.news_warehouse.stg_articles
[0m14:35:52.810904 [info ] [Thread-1 (]: 1 of 7 START sql table model main.dim_entity_summary ........................... [RUN]
[0m14:35:52.811762 [debug] [Thread-3 (]: Began running node model.news_warehouse.stg_entities
[0m14:35:52.812539 [info ] [Thread-2 (]: 2 of 7 START sql view model main.stg_articles .................................. [RUN]
[0m14:35:52.813759 [debug] [Thread-1 (]: Re-using an available connection from the pool (formerly list_warehouse_main, now model.news_warehouse.dim_entity_summary)
[0m14:35:52.814447 [debug] [Thread-4 (]: Began running node model.news_warehouse.stg_headlines
[0m14:35:52.815219 [info ] [Thread-3 (]: 3 of 7 START sql view model main.stg_entities .................................. [RUN]
[0m14:35:52.816128 [debug] [Thread-2 (]: Acquiring new duckdb connection 'model.news_warehouse.stg_articles'
[0m14:35:52.816819 [debug] [Thread-1 (]: Began compiling node model.news_warehouse.dim_entity_summary
[0m14:35:52.817603 [info ] [Thread-4 (]: 4 of 7 START sql view model main.stg_headlines ................................. [RUN]
[0m14:35:52.818518 [debug] [Thread-3 (]: Acquiring new duckdb connection 'model.news_warehouse.stg_entities'
[0m14:35:52.819219 [debug] [Thread-2 (]: Began compiling node model.news_warehouse.stg_articles
[0m14:35:52.827763 [debug] [Thread-1 (]: Writing injected SQL for node "model.news_warehouse.dim_entity_summary"
[0m14:35:52.828774 [debug] [Thread-4 (]: Acquiring new duckdb connection 'model.news_warehouse.stg_headlines'
[0m14:35:52.829611 [debug] [Thread-3 (]: Began compiling node model.news_warehouse.stg_entities
[0m14:35:52.832264 [debug] [Thread-2 (]: Writing injected SQL for node "model.news_warehouse.stg_articles"
[0m14:35:52.833102 [debug] [Thread-4 (]: Began compiling node model.news_warehouse.stg_headlines
[0m14:35:52.836254 [debug] [Thread-3 (]: Writing injected SQL for node "model.news_warehouse.stg_entities"
[0m14:35:52.837148 [debug] [Thread-1 (]: Began executing node model.news_warehouse.dim_entity_summary
[0m14:35:52.840456 [debug] [Thread-4 (]: Writing injected SQL for node "model.news_warehouse.stg_headlines"
[0m14:35:52.852250 [debug] [Thread-2 (]: Began executing node model.news_warehouse.stg_articles
[0m14:35:52.872844 [debug] [Thread-3 (]: Began executing node model.news_warehouse.stg_entities
[0m14:35:52.928285 [debug] [Thread-2 (]: Writing runtime sql for node "model.news_warehouse.stg_articles"
[0m14:35:52.931470 [debug] [Thread-1 (]: Writing runtime sql for node "model.news_warehouse.dim_entity_summary"
[0m14:35:52.937168 [debug] [Thread-3 (]: Writing runtime sql for node "model.news_warehouse.stg_entities"
[0m14:35:52.938490 [debug] [Thread-4 (]: Began executing node model.news_warehouse.stg_headlines
[0m14:35:52.943976 [debug] [Thread-4 (]: Writing runtime sql for node "model.news_warehouse.stg_headlines"
[0m14:35:52.944806 [debug] [Thread-1 (]: Using duckdb connection "model.news_warehouse.dim_entity_summary"
[0m14:35:52.945748 [debug] [Thread-2 (]: Using duckdb connection "model.news_warehouse.stg_articles"
[0m14:35:52.946583 [debug] [Thread-1 (]: On model.news_warehouse.dim_entity_summary: BEGIN
[0m14:35:52.947375 [debug] [Thread-3 (]: Using duckdb connection "model.news_warehouse.stg_entities"
[0m14:35:52.948047 [debug] [Thread-2 (]: On model.news_warehouse.stg_articles: BEGIN
[0m14:35:52.948719 [debug] [Thread-4 (]: Using duckdb connection "model.news_warehouse.stg_headlines"
[0m14:35:52.949422 [debug] [Thread-1 (]: Opening a new connection, currently in state closed
[0m14:35:52.950077 [debug] [Thread-3 (]: On model.news_warehouse.stg_entities: BEGIN
[0m14:35:52.950698 [debug] [Thread-2 (]: Opening a new connection, currently in state init
[0m14:35:52.951377 [debug] [Thread-4 (]: On model.news_warehouse.stg_headlines: BEGIN
[0m14:35:52.952345 [debug] [Thread-3 (]: Opening a new connection, currently in state init
[0m14:35:52.953424 [debug] [Thread-1 (]: SQL status: OK in 0.004 seconds
[0m14:35:52.954106 [debug] [Thread-4 (]: Opening a new connection, currently in state init
[0m14:35:52.954705 [debug] [Thread-2 (]: SQL status: OK in 0.004 seconds
[0m14:35:52.955775 [debug] [Thread-1 (]: Using duckdb connection "model.news_warehouse.dim_entity_summary"
[0m14:35:52.956718 [debug] [Thread-3 (]: SQL status: OK in 0.004 seconds
[0m14:35:52.957420 [debug] [Thread-2 (]: Using duckdb connection "model.news_warehouse.stg_articles"
[0m14:35:52.958061 [debug] [Thread-4 (]: SQL status: OK in 0.004 seconds
[0m14:35:52.958778 [debug] [Thread-1 (]: On model.news_warehouse.dim_entity_summary: /* {"app": "dbt", "dbt_version": "1.12.5", "profile_name": "news_warehouse", "target_name": "dev", "node_id": "model.news_warehouse.dim_entity_summary"} */

    

    create  table
      "warehouse"."main"."dim_entity_summary__dbt_tmp"
  
    
    as (
      -- dim_entity_summary.sql
-- Mart model: entity frequency analysis with sentiment correlation.
-- Shows which entities appear most and their average sentiment context.



WITH entity_articles AS (
    SELECT
        de.entity_key,
        de.entity_text,
        de.entity_label,
        fa.article_key,
        fa.polarity,
        fa.sentiment_label,
        ds.source_name,
        dd.full_date AS scrape_date
    FROM bridge_article_entity bae
    JOIN dim_entity de       ON bae.entity_key = de.entity_key
    JOIN fact_articles fa     ON bae.article_key = fa.article_key
    LEFT JOIN dim_source ds   ON fa.source_key = ds.source_key
    LEFT JOIN dim_date dd     ON fa.date_key = dd.date_key
)

SELECT
    entity_text,
    entity_label,

    -- Frequency
    COUNT(DISTINCT article_key)                  AS article_count,
    COUNT(DISTINCT source_name)                  AS source_count,
    COUNT(DISTINCT scrape_date)                  AS days_active,

    -- Sentiment correlation
    ROUND(AVG(polarity), 4)                      AS avg_polarity,
    ROUND(STDDEV(polarity), 4)                   AS stddev_polarity,

    -- Sentiment distribution
    COUNT(CASE WHEN polarity > 0.05  THEN 1 END) AS positive_mentions,
    COUNT(CASE WHEN polarity < -0.05 THEN 1 END) AS negative_mentions,
    COUNT(CASE WHEN polarity BETWEEN -0.05 AND 0.05 THEN 1 END) AS neutral_mentions,

    -- Source spread
    LISTAGG(DISTINCT source_name, ', ')           AS mentioned_in_sources,

    -- Recency
    MAX(scrape_date)                              AS last_seen,
    MIN(scrape_date)                              AS first_seen

FROM entity_articles
GROUP BY entity_text, entity_label
HAVING COUNT(DISTINCT article_key) >= 2
ORDER BY article_count DESC
    );
    
  
[0m14:35:52.959526 [debug] [Thread-3 (]: Using duckdb connection "model.news_warehouse.stg_entities"
[0m14:35:52.960212 [debug] [Thread-2 (]: On model.news_warehouse.stg_articles: /* {"app": "dbt", "dbt_version": "1.12.5", "profile_name": "news_warehouse", "target_name": "dev", "node_id": "model.news_warehouse.stg_articles"} */

  
  create view "warehouse"."main"."stg_articles__dbt_tmp" as (
    -- stg_articles.sql
-- Staging model: joins fact_articles with dimension tables to produce
-- a clean, denormalized view of all articles for downstream analytics.



SELECT
    fa.article_key,
    fa.original_headline,
    fa.translated_headline,
    fa.polarity,
    fa.sentiment_label,

    -- Source dimension
    ds.source_name,
    ds.language_code,
    ds.region,
    ds.base_url,

    -- Date dimension
    dd.full_date       AS scrape_date,
    dd.day,
    dd.month,
    dd.year,
    dd.day_of_week,
    dd.week_of_year,
    dd.quarter,
    dd.is_weekend,

    -- Computed fields
    LENGTH(fa.translated_headline) AS headline_length,
    CASE
        WHEN fa.polarity > 0.05  THEN 'positive'
        WHEN fa.polarity < -0.05 THEN 'negative'
        ELSE 'neutral'
    END AS polarity_bucket

FROM fact_articles fa
LEFT JOIN dim_source ds ON fa.source_key = ds.source_key
LEFT JOIN dim_date dd   ON fa.date_key = dd.date_key
  );

[0m14:35:52.960882 [debug] [Thread-4 (]: Using duckdb connection "model.news_warehouse.stg_headlines"
[0m14:35:52.961715 [debug] [Thread-3 (]: On model.news_warehouse.stg_entities: /* {"app": "dbt", "dbt_version": "1.12.5", "profile_name": "news_warehouse", "target_name": "dev", "node_id": "model.news_warehouse.stg_entities"} */

  
  create view "warehouse"."main"."stg_entities__dbt_tmp" as (
    -- stg_entities.sql
-- Mapping dim_entity and bridge_article_entity back to the 'stg_entities' expected by entity_trend.sql



SELECT
    de.entity_text as Entity_Name,
    de.entity_label as Entity_Label,
    bae.article_key as Headline_ID
FROM "warehouse"."main"."dim_entity" de
JOIN "warehouse"."main"."bridge_article_entity" bae ON de.entity_key = bae.entity_key
  );

[0m14:35:52.963047 [debug] [Thread-4 (]: On model.news_warehouse.stg_headlines: /* {"app": "dbt", "dbt_version": "1.12.5", "profile_name": "news_warehouse", "target_name": "dev", "node_id": "model.news_warehouse.stg_headlines"} */

  
  create view "warehouse"."main"."stg_headlines__dbt_tmp" as (
    -- stg_headlines.sql
-- Mapping fact_articles to the 'stg_headlines' expected by marks/entity_trend.sql



SELECT
    fa.article_key as Headline_ID,
    ds.source_name as Source_Name,
    fa.translated_headline,
    fa.polarity,
    fa.sentiment_label,
    dd.full_date as Date_Extracted
FROM "warehouse"."main"."fact_articles" fa
JOIN "warehouse"."main"."dim_date" dd ON fa.date_key = dd.date_key
JOIN "warehouse"."main"."dim_source" ds ON fa.source_key = ds.source_key
  );

[0m14:35:52.964379 [debug] [Thread-2 (]: SQL status: OK in 0.002 seconds
[0m14:35:52.971120 [debug] [Thread-3 (]: SQL status: OK in 0.007 seconds
[0m14:35:52.975080 [debug] [Thread-2 (]: Using duckdb connection "model.news_warehouse.stg_articles"
[0m14:35:52.975948 [debug] [Thread-4 (]: SQL status: OK in 0.010 seconds
[0m14:35:52.979616 [debug] [Thread-3 (]: Using duckdb connection "model.news_warehouse.stg_entities"
[0m14:35:52.980500 [debug] [Thread-2 (]: On model.news_warehouse.stg_articles: /* {"app": "dbt", "dbt_version": "1.12.5", "profile_name": "news_warehouse", "target_name": "dev", "node_id": "model.news_warehouse.stg_articles"} */
alter view "warehouse"."main"."stg_articles" rename to "stg_articles__dbt_backup"
[0m14:35:52.983994 [debug] [Thread-4 (]: Using duckdb connection "model.news_warehouse.stg_headlines"
[0m14:35:52.986292 [debug] [Thread-4 (]: On model.news_warehouse.stg_headlines: /* {"app": "dbt", "dbt_version": "1.12.5", "profile_name": "news_warehouse", "target_name": "dev", "node_id": "model.news_warehouse.stg_headlines"} */
alter view "warehouse"."main"."stg_headlines" rename to "stg_headlines__dbt_backup"
[0m14:35:52.984808 [debug] [Thread-3 (]: On model.news_warehouse.stg_entities: /* {"app": "dbt", "dbt_version": "1.12.5", "profile_name": "news_warehouse", "target_name": "dev", "node_id": "model.news_warehouse.stg_entities"} */
alter view "warehouse"."main"."stg_entities" rename to "stg_entities__dbt_backup"
[0m14:35:52.987501 [debug] [Thread-2 (]: SQL status: OK in 0.002 seconds
[0m14:35:52.988298 [debug] [Thread-3 (]: SQL status: OK in 0.001 seconds
[0m14:35:52.991864 [debug] [Thread-2 (]: Using duckdb connection "model.news_warehouse.stg_articles"
[0m14:35:52.995752 [debug] [Thread-3 (]: Using duckdb connection "model.news_warehouse.stg_entities"
[0m14:35:52.998463 [debug] [Thread-3 (]: On model.news_warehouse.stg_entities: /* {"app": "dbt", "dbt_version": "1.12.5", "profile_name": "news_warehouse", "target_name": "dev", "node_id": "model.news_warehouse.stg_entities"} */
alter view "warehouse"."main"."stg_entities__dbt_tmp" rename to "stg_entities"
[0m14:35:52.997508 [debug] [Thread-2 (]: On model.news_warehouse.stg_articles: /* {"app": "dbt", "dbt_version": "1.12.5", "profile_name": "news_warehouse", "target_name": "dev", "node_id": "model.news_warehouse.stg_articles"} */
alter view "warehouse"."main"."stg_articles__dbt_tmp" rename to "stg_articles"
[0m14:35:52.996594 [debug] [Thread-4 (]: SQL status: OK in 0.010 seconds
[0m14:35:53.004396 [debug] [Thread-4 (]: Using duckdb connection "model.news_warehouse.stg_headlines"
[0m14:35:53.006159 [debug] [Thread-4 (]: On model.news_warehouse.stg_headlines: /* {"app": "dbt", "dbt_version": "1.12.5", "profile_name": "news_warehouse", "target_name": "dev", "node_id": "model.news_warehouse.stg_headlines"} */
alter view "warehouse"."main"."stg_headlines__dbt_tmp" rename to "stg_headlines"
[0m14:35:53.007578 [debug] [Thread-4 (]: SQL status: OK in 0.001 seconds
[0m14:35:53.005373 [debug] [Thread-2 (]: SQL status: OK in 0.006 seconds
[0m14:35:53.008291 [debug] [Thread-3 (]: SQL status: OK in 0.009 seconds
[0m14:35:53.039143 [debug] [Thread-2 (]: On model.news_warehouse.stg_articles: COMMIT
[0m14:35:53.042508 [debug] [Thread-4 (]: On model.news_warehouse.stg_headlines: COMMIT
[0m14:35:53.047485 [debug] [Thread-4 (]: Using duckdb connection "model.news_warehouse.stg_headlines"
[0m14:35:53.048203 [debug] [Thread-4 (]: On model.news_warehouse.stg_headlines: COMMIT
[0m14:35:53.045734 [debug] [Thread-3 (]: On model.news_warehouse.stg_entities: COMMIT
[0m14:35:53.049726 [debug] [Thread-3 (]: Using duckdb connection "model.news_warehouse.stg_entities"
[0m14:35:53.050439 [debug] [Thread-3 (]: On model.news_warehouse.stg_entities: COMMIT
[0m14:35:53.046648 [debug] [Thread-2 (]: Using duckdb connection "model.news_warehouse.stg_articles"
[0m14:35:53.051272 [debug] [Thread-2 (]: On model.news_warehouse.stg_articles: COMMIT
[0m14:35:53.052316 [debug] [Thread-4 (]: SQL status: OK in 0.003 seconds
[0m14:35:53.053310 [debug] [Thread-3 (]: SQL status: OK in 0.002 seconds
[0m14:35:53.061526 [debug] [Thread-2 (]: SQL status: OK in 0.007 seconds
[0m14:35:53.074374 [debug] [Thread-4 (]: Using duckdb connection "model.news_warehouse.stg_headlines"
[0m14:35:53.080809 [debug] [Thread-3 (]: Using duckdb connection "model.news_warehouse.stg_entities"
[0m14:35:53.081690 [debug] [Thread-4 (]: On model.news_warehouse.stg_headlines: /* {"app": "dbt", "dbt_version": "1.12.5", "profile_name": "news_warehouse", "target_name": "dev", "node_id": "model.news_warehouse.stg_headlines"} */

      drop view if exists "warehouse"."main"."stg_headlines__dbt_backup" cascade
    
[0m14:35:53.080051 [debug] [Thread-2 (]: Using duckdb connection "model.news_warehouse.stg_articles"
[0m14:35:53.082801 [debug] [Thread-3 (]: On model.news_warehouse.stg_entities: /* {"app": "dbt", "dbt_version": "1.12.5", "profile_name": "news_warehouse", "target_name": "dev", "node_id": "model.news_warehouse.stg_entities"} */

      drop view if exists "warehouse"."main"."stg_entities__dbt_backup" cascade
    
[0m14:35:53.085196 [debug] [Thread-1 (]: SQL status: OK in 0.124 seconds
[0m14:35:53.084061 [debug] [Thread-2 (]: On model.news_warehouse.stg_articles: /* {"app": "dbt", "dbt_version": "1.12.5", "profile_name": "news_warehouse", "target_name": "dev", "node_id": "model.news_warehouse.stg_articles"} */

      drop view if exists "warehouse"."main"."stg_articles__dbt_backup" cascade
    
[0m14:35:53.085804 [debug] [Thread-4 (]: SQL status: OK in 0.002 seconds
[0m14:35:53.092060 [debug] [Thread-3 (]: SQL status: OK in 0.007 seconds
[0m14:35:53.093236 [debug] [Thread-1 (]: Using duckdb connection "model.news_warehouse.dim_entity_summary"
[0m14:35:53.096966 [debug] [Thread-4 (]: On model.news_warehouse.stg_headlines: Close
[0m14:35:53.099094 [debug] [Thread-3 (]: On model.news_warehouse.stg_entities: Close
[0m14:35:53.099789 [debug] [Thread-2 (]: SQL status: OK in 0.007 seconds
[0m14:35:53.100530 [debug] [Thread-1 (]: On model.news_warehouse.dim_entity_summary: /* {"app": "dbt", "dbt_version": "1.12.5", "profile_name": "news_warehouse", "target_name": "dev", "node_id": "model.news_warehouse.dim_entity_summary"} */

    SELECT index_name
    FROM duckdb_indexes()
    WHERE database_name = 'warehouse'
      AND schema_name = 'main'
      AND table_name = 'dim_entity_summary'
  
[0m14:35:53.105066 [debug] [Thread-2 (]: On model.news_warehouse.stg_articles: Close
[0m14:35:53.105758 [debug] [Thread-4 (]: Sending event: {'category': 'dbt', 'action': 'run_model', 'label': 'f16b136b-8e0a-4018-8463-fe6c50b14d1e', 'context': [<snowplow_tracker.self_describing_json.SelfDescribingJson object at 0x7f57cdac81c0>]}
[0m14:35:53.106865 [debug] [Thread-3 (]: Sending event: {'category': 'dbt', 'action': 'run_model', 'label': 'f16b136b-8e0a-4018-8463-fe6c50b14d1e', 'context': [<snowplow_tracker.self_describing_json.SelfDescribingJson object at 0x7f57c58a6d70>]}
[0m14:35:53.108190 [info ] [Thread-4 (]: 4 of 7 OK created sql view model main.stg_headlines ............................ [[32mOK[0m in 0.27s]
[0m14:35:53.109294 [debug] [Thread-2 (]: Sending event: {'category': 'dbt', 'action': 'run_model', 'label': 'f16b136b-8e0a-4018-8463-fe6c50b14d1e', 'context': [<snowplow_tracker.self_describing_json.SelfDescribingJson object at 0x7f57c575b7f0>]}
[0m14:35:53.110284 [info ] [Thread-3 (]: 3 of 7 OK created sql view model main.stg_entities ............................. [[32mOK[0m in 0.29s]
[0m14:35:53.111001 [debug] [Thread-1 (]: SQL status: OK in 0.004 seconds
[0m14:35:53.111904 [debug] [Thread-4 (]: Finished running node model.news_warehouse.stg_headlines
[0m14:35:53.112884 [info ] [Thread-2 (]: 2 of 7 OK created sql view model main.stg_articles ............................. [[32mOK[0m in 0.29s]
[0m14:35:53.113843 [debug] [Thread-3 (]: Finished running node model.news_warehouse.stg_entities
[0m14:35:53.115142 [debug] [Thread-2 (]: Finished running node model.news_warehouse.stg_articles
[0m14:35:53.118420 [debug] [Thread-1 (]: Using duckdb connection "model.news_warehouse.dim_entity_summary"
[0m14:35:53.119263 [debug] [Thread-4 (]: Began running node model.news_warehouse.weekly_source_comparison
[0m14:35:53.120391 [debug] [Thread-2 (]: Began running node model.news_warehouse.entity_trend
[0m14:35:53.121235 [debug] [Thread-3 (]: Began running node model.news_warehouse.fct_daily_sentiment
[0m14:35:53.121889 [debug] [Thread-1 (]: On model.news_warehouse.dim_entity_summary: /* {"app": "dbt", "dbt_version": "1.12.5", "profile_name": "news_warehouse", "target_name": "dev", "node_id": "model.news_warehouse.dim_entity_summary"} */
alter table "warehouse"."main"."dim_entity_summary" rename to "dim_entity_summary__dbt_backup"
[0m14:35:53.122736 [info ] [Thread-4 (]: 5 of 7 START sql table model main.weekly_source_comparison ..................... [RUN]
[0m14:35:53.123600 [info ] [Thread-2 (]: 6 of 7 START sql table model main.entity_trend ................................. [RUN]
[0m14:35:53.124540 [info ] [Thread-3 (]: 7 of 7 START sql table model main.fct_daily_sentiment .......................... [RUN]
[0m14:35:53.125737 [debug] [Thread-4 (]: Re-using an available connection from the pool (formerly model.news_warehouse.stg_headlines, now model.news_warehouse.weekly_source_comparison)
[0m14:35:53.126600 [debug] [Thread-2 (]: Re-using an available connection from the pool (formerly model.news_warehouse.stg_articles, now model.news_warehouse.entity_trend)
[0m14:35:53.127277 [debug] [Thread-1 (]: SQL status: OK in 0.002 seconds
[0m14:35:53.128007 [debug] [Thread-3 (]: Re-using an available connection from the pool (formerly model.news_warehouse.stg_entities, now model.news_warehouse.fct_daily_sentiment)
[0m14:35:53.128664 [debug] [Thread-4 (]: Began compiling node model.news_warehouse.weekly_source_comparison
[0m14:35:53.129337 [debug] [Thread-2 (]: Began compiling node model.news_warehouse.entity_trend
[0m14:35:53.132510 [debug] [Thread-1 (]: Using duckdb connection "model.news_warehouse.dim_entity_summary"
[0m14:35:53.133199 [debug] [Thread-3 (]: Began compiling node model.news_warehouse.fct_daily_sentiment
[0m14:35:53.136348 [debug] [Thread-4 (]: Writing injected SQL for node "model.news_warehouse.weekly_source_comparison"
[0m14:35:53.139367 [debug] [Thread-2 (]: Writing injected SQL for node "model.news_warehouse.entity_trend"
[0m14:35:53.140112 [debug] [Thread-1 (]: On model.news_warehouse.dim_entity_summary: /* {"app": "dbt", "dbt_version": "1.12.5", "profile_name": "news_warehouse", "target_name": "dev", "node_id": "model.news_warehouse.dim_entity_summary"} */
alter table "warehouse"."main"."dim_entity_summary__dbt_tmp" rename to "dim_entity_summary"
[0m14:35:53.142897 [debug] [Thread-3 (]: Writing injected SQL for node "model.news_warehouse.fct_daily_sentiment"
[0m14:35:53.144558 [debug] [Thread-4 (]: Began executing node model.news_warehouse.weekly_source_comparison
[0m14:35:53.145379 [debug] [Thread-2 (]: Began executing node model.news_warehouse.entity_trend
[0m14:35:53.150082 [debug] [Thread-4 (]: Writing runtime sql for node "model.news_warehouse.weekly_source_comparison"
[0m14:35:53.154902 [debug] [Thread-2 (]: Writing runtime sql for node "model.news_warehouse.entity_trend"
[0m14:35:53.155613 [debug] [Thread-3 (]: Began executing node model.news_warehouse.fct_daily_sentiment
[0m14:35:53.156321 [debug] [Thread-1 (]: SQL status: OK in 0.012 seconds
[0m14:35:53.161395 [debug] [Thread-3 (]: Writing runtime sql for node "model.news_warehouse.fct_daily_sentiment"
[0m14:35:53.167568 [debug] [Thread-4 (]: Using duckdb connection "model.news_warehouse.weekly_source_comparison"
[0m14:35:53.169748 [debug] [Thread-1 (]: On model.news_warehouse.dim_entity_summary: COMMIT
[0m14:35:53.170756 [debug] [Thread-2 (]: Using duckdb connection "model.news_warehouse.entity_trend"
[0m14:35:53.171534 [debug] [Thread-4 (]: On model.news_warehouse.weekly_source_comparison: BEGIN
[0m14:35:53.172244 [debug] [Thread-1 (]: Using duckdb connection "model.news_warehouse.dim_entity_summary"
[0m14:35:53.172941 [debug] [Thread-2 (]: On model.news_warehouse.entity_trend: BEGIN
[0m14:35:53.173681 [debug] [Thread-3 (]: Using duckdb connection "model.news_warehouse.fct_daily_sentiment"
[0m14:35:53.174440 [debug] [Thread-4 (]: Opening a new connection, currently in state closed
[0m14:35:53.175116 [debug] [Thread-1 (]: On model.news_warehouse.dim_entity_summary: COMMIT
[0m14:35:53.175730 [debug] [Thread-2 (]: Opening a new connection, currently in state closed
[0m14:35:53.176383 [debug] [Thread-3 (]: On model.news_warehouse.fct_daily_sentiment: BEGIN
[0m14:35:53.177727 [debug] [Thread-3 (]: Opening a new connection, currently in state closed
[0m14:35:53.178749 [debug] [Thread-2 (]: SQL status: OK in 0.003 seconds
[0m14:35:53.179610 [debug] [Thread-4 (]: SQL status: OK in 0.005 seconds
[0m14:35:53.180558 [debug] [Thread-3 (]: SQL status: OK in 0.003 seconds
[0m14:35:53.181251 [debug] [Thread-2 (]: Using duckdb connection "model.news_warehouse.entity_trend"
[0m14:35:53.181979 [debug] [Thread-1 (]: SQL status: OK in 0.005 seconds
[0m14:35:53.182571 [debug] [Thread-4 (]: Using duckdb connection "model.news_warehouse.weekly_source_comparison"
[0m14:35:53.183247 [debug] [Thread-3 (]: Using duckdb connection "model.news_warehouse.fct_daily_sentiment"
[0m14:35:53.183941 [debug] [Thread-2 (]: On model.news_warehouse.entity_trend: /* {"app": "dbt", "dbt_version": "1.12.5", "profile_name": "news_warehouse", "target_name": "dev", "node_id": "model.news_warehouse.entity_trend"} */

    

    create  table
      "warehouse"."main"."entity_trend__dbt_tmp"
  
    
    as (
      

WITH entity_weekly AS (
    SELECT
        e.Entity_Name,
        e.Entity_Label,
        DATE_TRUNC('week', CAST(h.Date_Extracted AS DATE)) AS week_start,
        COUNT(*) as mention_count
    FROM "warehouse"."main"."stg_entities" e
    JOIN "warehouse"."main"."stg_headlines" h ON e.Headline_ID = h.Headline_ID
    GROUP BY e.Entity_Name, e.Entity_Label, DATE_TRUNC('week', CAST(h.Date_Extracted AS DATE))
)

SELECT
    curr.Entity_Name,
    curr.Entity_Label,
    curr.week_start,
    curr.mention_count as current_mentions,
    COALESCE(prev.mention_count, 0) as previous_mentions,
    (curr.mention_count - COALESCE(prev.mention_count, 0)) as mention_diff
FROM entity_weekly curr
LEFT JOIN entity_weekly prev 
    ON curr.Entity_Name = prev.Entity_Name
    AND curr.week_start = prev.week_start + INTERVAL 7 DAY
ORDER BY curr.week_start DESC, curr.mention_count DESC
    );
    
  
[0m14:35:53.186729 [debug] [Thread-1 (]: Using duckdb connection "model.news_warehouse.dim_entity_summary"
[0m14:35:53.187695 [debug] [Thread-4 (]: On model.news_warehouse.weekly_source_comparison: /* {"app": "dbt", "dbt_version": "1.12.5", "profile_name": "news_warehouse", "target_name": "dev", "node_id": "model.news_warehouse.weekly_source_comparison"} */

    

    create  table
      "warehouse"."main"."weekly_source_comparison__dbt_tmp"
  
    
    as (
      

WITH weekly_stats AS (
    SELECT
        Source_Name,
        DATE_TRUNC('week', CAST(Date_Extracted AS DATE)) AS week_start,
        COUNT(*) as headline_count,
        AVG(Polarity) as avg_sentiment
    FROM "warehouse"."main"."stg_headlines"
    GROUP BY Source_Name, DATE_TRUNC('week', CAST(Date_Extracted AS DATE))
)

SELECT
    curr.Source_Name,
    curr.week_start,
    curr.headline_count,
    curr.avg_sentiment as current_sentiment,
    prev.avg_sentiment as previous_sentiment,
    (curr.avg_sentiment - prev.avg_sentiment) as sentiment_shift
FROM weekly_stats curr
LEFT JOIN weekly_stats prev 
    ON curr.Source_Name = prev.Source_Name
    AND curr.week_start = prev.week_start + INTERVAL 7 DAY
ORDER BY curr.week_start DESC, curr.Source_Name
    );
    
  
[0m14:35:53.188622 [debug] [Thread-3 (]: On model.news_warehouse.fct_daily_sentiment: /* {"app": "dbt", "dbt_version": "1.12.5", "profile_name": "news_warehouse", "target_name": "dev", "node_id": "model.news_warehouse.fct_daily_sentiment"} */

    

    create  table
      "warehouse"."main"."fct_daily_sentiment__dbt_tmp"
  
    
    as (
      -- fct_daily_sentiment.sql
-- Mart model: daily sentiment aggregation by source.
-- Powers the dashboard trend charts and weekly/monthly reports.



SELECT
    sa.scrape_date,
    sa.source_name,
    sa.region,
    sa.language_code,

    -- Measures
    COUNT(*)                                    AS headline_count,
    ROUND(AVG(sa.polarity), 4)                  AS avg_polarity,
    ROUND(STDDEV(sa.polarity), 4)               AS stddev_polarity,
    ROUND(MEDIAN(sa.polarity), 4)               AS median_polarity,
    MIN(sa.polarity)                            AS min_polarity,
    MAX(sa.polarity)                            AS max_polarity,

    -- Sentiment distribution
    COUNT(CASE WHEN sa.polarity_bucket = 'positive' THEN 1 END) AS positive_count,
    COUNT(CASE WHEN sa.polarity_bucket = 'neutral'  THEN 1 END) AS neutral_count,
    COUNT(CASE WHEN sa.polarity_bucket = 'negative' THEN 1 END) AS negative_count,

    -- Percentages
    ROUND(COUNT(CASE WHEN sa.polarity_bucket = 'positive' THEN 1 END) * 100.0 / COUNT(*), 1) AS positive_pct,
    ROUND(COUNT(CASE WHEN sa.polarity_bucket = 'negative' THEN 1 END) * 100.0 / COUNT(*), 1) AS negative_pct,

    -- Date dimensions
    sa.day_of_week,
    sa.week_of_year,
    sa.month,
    sa.year,
    sa.quarter,
    sa.is_weekend

FROM "warehouse"."main"."stg_articles" sa
WHERE sa.scrape_date IS NOT NULL
GROUP BY
    sa.scrape_date, sa.source_name, sa.region, sa.language_code,
    sa.day_of_week, sa.week_of_year, sa.month, sa.year, sa.quarter, sa.is_weekend
ORDER BY sa.scrape_date DESC, sa.source_name
    );
    
  
[0m14:35:53.189863 [debug] [Thread-1 (]: On model.news_warehouse.dim_entity_summary: /* {"app": "dbt", "dbt_version": "1.12.5", "profile_name": "news_warehouse", "target_name": "dev", "node_id": "model.news_warehouse.dim_entity_summary"} */

      drop table if exists "warehouse"."main"."dim_entity_summary__dbt_backup" cascade
    
[0m14:35:53.194793 [debug] [Thread-1 (]: SQL status: OK in 0.003 seconds
[0m14:35:53.201351 [debug] [Thread-1 (]: On model.news_warehouse.dim_entity_summary: Close
[0m14:35:53.204790 [debug] [Thread-1 (]: Sending event: {'category': 'dbt', 'action': 'run_model', 'label': 'f16b136b-8e0a-4018-8463-fe6c50b14d1e', 'context': [<snowplow_tracker.self_describing_json.SelfDescribingJson object at 0x7f57c58a7d30>]}
[0m14:35:53.207260 [debug] [Thread-4 (]: SQL status: OK in 0.016 seconds
[0m14:35:53.206406 [info ] [Thread-1 (]: 1 of 7 OK created sql table model main.dim_entity_summary ...................... [[32mOK[0m in 0.39s]
[0m14:35:53.211617 [debug] [Thread-4 (]: Using duckdb connection "model.news_warehouse.weekly_source_comparison"
[0m14:35:53.212688 [debug] [Thread-1 (]: Finished running node model.news_warehouse.dim_entity_summary
[0m14:35:53.213562 [debug] [Thread-3 (]: SQL status: OK in 0.022 seconds
[0m14:35:53.214518 [debug] [Thread-4 (]: On model.news_warehouse.weekly_source_comparison: /* {"app": "dbt", "dbt_version": "1.12.5", "profile_name": "news_warehouse", "target_name": "dev", "node_id": "model.news_warehouse.weekly_source_comparison"} */

    SELECT index_name
    FROM duckdb_indexes()
    WHERE database_name = 'warehouse'
      AND schema_name = 'main'
      AND table_name = 'weekly_source_comparison'
  
[0m14:35:53.217118 [debug] [Thread-3 (]: Using duckdb connection "model.news_warehouse.fct_daily_sentiment"
[0m14:35:53.218563 [debug] [Thread-3 (]: On model.news_warehouse.fct_daily_sentiment: /* {"app": "dbt", "dbt_version": "1.12.5", "profile_name": "news_warehouse", "target_name": "dev", "node_id": "model.news_warehouse.fct_daily_sentiment"} */

    SELECT index_name
    FROM duckdb_indexes()
    WHERE database_name = 'warehouse'
      AND schema_name = 'main'
      AND table_name = 'fct_daily_sentiment'
  
[0m14:35:53.220794 [debug] [Thread-4 (]: SQL status: OK in 0.003 seconds
[0m14:35:53.225465 [debug] [Thread-4 (]: Using duckdb connection "model.news_warehouse.weekly_source_comparison"
[0m14:35:53.226269 [debug] [Thread-4 (]: On model.news_warehouse.weekly_source_comparison: /* {"app": "dbt", "dbt_version": "1.12.5", "profile_name": "news_warehouse", "target_name": "dev", "node_id": "model.news_warehouse.weekly_source_comparison"} */
alter table "warehouse"."main"."weekly_source_comparison" rename to "weekly_source_comparison__dbt_backup"
[0m14:35:53.226946 [debug] [Thread-3 (]: SQL status: OK in 0.007 seconds
[0m14:35:53.227611 [debug] [Thread-2 (]: SQL status: OK in 0.038 seconds
[0m14:35:53.229508 [debug] [Thread-2 (]: Using duckdb connection "model.news_warehouse.entity_trend"
[0m14:35:53.232849 [debug] [Thread-3 (]: Using duckdb connection "model.news_warehouse.fct_daily_sentiment"
[0m14:35:53.233555 [debug] [Thread-2 (]: On model.news_warehouse.entity_trend: /* {"app": "dbt", "dbt_version": "1.12.5", "profile_name": "news_warehouse", "target_name": "dev", "node_id": "model.news_warehouse.entity_trend"} */

    SELECT index_name
    FROM duckdb_indexes()
    WHERE database_name = 'warehouse'
      AND schema_name = 'main'
      AND table_name = 'entity_trend'
  
[0m14:35:53.234390 [debug] [Thread-4 (]: SQL status: OK in 0.006 seconds
[0m14:35:53.235045 [debug] [Thread-3 (]: On model.news_warehouse.fct_daily_sentiment: /* {"app": "dbt", "dbt_version": "1.12.5", "profile_name": "news_warehouse", "target_name": "dev", "node_id": "model.news_warehouse.fct_daily_sentiment"} */
alter table "warehouse"."main"."fct_daily_sentiment" rename to "fct_daily_sentiment__dbt_backup"
[0m14:35:53.238315 [debug] [Thread-4 (]: Using duckdb connection "model.news_warehouse.weekly_source_comparison"
[0m14:35:53.239054 [debug] [Thread-2 (]: SQL status: OK in 0.003 seconds
[0m14:35:53.240023 [debug] [Thread-4 (]: On model.news_warehouse.weekly_source_comparison: /* {"app": "dbt", "dbt_version": "1.12.5", "profile_name": "news_warehouse", "target_name": "dev", "node_id": "model.news_warehouse.weekly_source_comparison"} */
alter table "warehouse"."main"."weekly_source_comparison__dbt_tmp" rename to "weekly_source_comparison"
[0m14:35:53.241137 [debug] [Thread-3 (]: SQL status: OK in 0.001 seconds
[0m14:35:53.244228 [debug] [Thread-3 (]: Using duckdb connection "model.news_warehouse.fct_daily_sentiment"
[0m14:35:53.247830 [debug] [Thread-2 (]: Using duckdb connection "model.news_warehouse.entity_trend"
[0m14:35:53.248603 [debug] [Thread-3 (]: On model.news_warehouse.fct_daily_sentiment: /* {"app": "dbt", "dbt_version": "1.12.5", "profile_name": "news_warehouse", "target_name": "dev", "node_id": "model.news_warehouse.fct_daily_sentiment"} */
alter table "warehouse"."main"."fct_daily_sentiment__dbt_tmp" rename to "fct_daily_sentiment"
[0m14:35:53.249367 [debug] [Thread-2 (]: On model.news_warehouse.entity_trend: /* {"app": "dbt", "dbt_version": "1.12.5", "profile_name": "news_warehouse", "target_name": "dev", "node_id": "model.news_warehouse.entity_trend"} */
alter table "warehouse"."main"."entity_trend" rename to "entity_trend__dbt_backup"
[0m14:35:53.249996 [debug] [Thread-4 (]: SQL status: OK in 0.009 seconds
[0m14:35:53.253607 [debug] [Thread-4 (]: On model.news_warehouse.weekly_source_comparison: COMMIT
[0m14:35:53.254354 [debug] [Thread-4 (]: Using duckdb connection "model.news_warehouse.weekly_source_comparison"
[0m14:35:53.255057 [debug] [Thread-3 (]: SQL status: OK in 0.004 seconds
[0m14:35:53.255697 [debug] [Thread-2 (]: SQL status: OK in 0.005 seconds
[0m14:35:53.256381 [debug] [Thread-4 (]: On model.news_warehouse.weekly_source_comparison: COMMIT
[0m14:35:53.259484 [debug] [Thread-3 (]: On model.news_warehouse.fct_daily_sentiment: COMMIT
[0m14:35:53.262884 [debug] [Thread-2 (]: Using duckdb connection "model.news_warehouse.entity_trend"
[0m14:35:53.263896 [debug] [Thread-3 (]: Using duckdb connection "model.news_warehouse.fct_daily_sentiment"
[0m14:35:53.264912 [debug] [Thread-2 (]: On model.news_warehouse.entity_trend: /* {"app": "dbt", "dbt_version": "1.12.5", "profile_name": "news_warehouse", "target_name": "dev", "node_id": "model.news_warehouse.entity_trend"} */
alter table "warehouse"."main"."entity_trend__dbt_tmp" rename to "entity_trend"
[0m14:35:53.265589 [debug] [Thread-3 (]: On model.news_warehouse.fct_daily_sentiment: COMMIT
[0m14:35:53.266210 [debug] [Thread-4 (]: SQL status: OK in 0.003 seconds
[0m14:35:53.269473 [debug] [Thread-4 (]: Using duckdb connection "model.news_warehouse.weekly_source_comparison"
[0m14:35:53.270160 [debug] [Thread-4 (]: On model.news_warehouse.weekly_source_comparison: /* {"app": "dbt", "dbt_version": "1.12.5", "profile_name": "news_warehouse", "target_name": "dev", "node_id": "model.news_warehouse.weekly_source_comparison"} */

      drop table if exists "warehouse"."main"."weekly_source_comparison__dbt_backup" cascade
    
[0m14:35:53.270794 [debug] [Thread-2 (]: SQL status: OK in 0.004 seconds
[0m14:35:53.271624 [debug] [Thread-3 (]: SQL status: OK in 0.005 seconds
[0m14:35:53.275029 [debug] [Thread-2 (]: On model.news_warehouse.entity_trend: COMMIT
[0m14:35:53.277534 [debug] [Thread-3 (]: Using duckdb connection "model.news_warehouse.fct_daily_sentiment"
[0m14:35:53.278203 [debug] [Thread-4 (]: SQL status: OK in 0.007 seconds
[0m14:35:53.278896 [debug] [Thread-2 (]: Using duckdb connection "model.news_warehouse.entity_trend"
[0m14:35:53.279568 [debug] [Thread-3 (]: On model.news_warehouse.fct_daily_sentiment: /* {"app": "dbt", "dbt_version": "1.12.5", "profile_name": "news_warehouse", "target_name": "dev", "node_id": "model.news_warehouse.fct_daily_sentiment"} */

      drop table if exists "warehouse"."main"."fct_daily_sentiment__dbt_backup" cascade
    
[0m14:35:53.281504 [debug] [Thread-4 (]: On model.news_warehouse.weekly_source_comparison: Close
[0m14:35:53.282211 [debug] [Thread-2 (]: On model.news_warehouse.entity_trend: COMMIT
[0m14:35:53.283566 [debug] [Thread-4 (]: Sending event: {'category': 'dbt', 'action': 'run_model', 'label': 'f16b136b-8e0a-4018-8463-fe6c50b14d1e', 'context': [<snowplow_tracker.self_describing_json.SelfDescribingJson object at 0x7f57c41a2f80>]}
[0m14:35:53.285000 [info ] [Thread-4 (]: 5 of 7 OK created sql table model main.weekly_source_comparison ................ [[32mOK[0m in 0.16s]
[0m14:35:53.286177 [debug] [Thread-3 (]: SQL status: OK in 0.003 seconds
[0m14:35:53.287357 [debug] [Thread-4 (]: Finished running node model.news_warehouse.weekly_source_comparison
[0m14:35:53.289833 [debug] [Thread-3 (]: On model.news_warehouse.fct_daily_sentiment: Close
[0m14:35:53.290580 [debug] [Thread-2 (]: SQL status: OK in 0.006 seconds
[0m14:35:53.291862 [debug] [Thread-3 (]: Sending event: {'category': 'dbt', 'action': 'run_model', 'label': 'f16b136b-8e0a-4018-8463-fe6c50b14d1e', 'context': [<snowplow_tracker.self_describing_json.SelfDescribingJson object at 0x7f57c57593c0>]}
[0m14:35:53.294506 [debug] [Thread-2 (]: Using duckdb connection "model.news_warehouse.entity_trend"
[0m14:35:53.295605 [info ] [Thread-3 (]: 7 of 7 OK created sql table model main.fct_daily_sentiment ..................... [[32mOK[0m in 0.16s]
[0m14:35:53.296372 [debug] [Thread-2 (]: On model.news_warehouse.entity_trend: /* {"app": "dbt", "dbt_version": "1.12.5", "profile_name": "news_warehouse", "target_name": "dev", "node_id": "model.news_warehouse.entity_trend"} */

      drop table if exists "warehouse"."main"."entity_trend__dbt_backup" cascade
    
[0m14:35:53.297263 [debug] [Thread-3 (]: Finished running node model.news_warehouse.fct_daily_sentiment
[0m14:35:53.299048 [debug] [Thread-2 (]: SQL status: OK in 0.001 seconds
[0m14:35:53.300936 [debug] [Thread-2 (]: On model.news_warehouse.entity_trend: Close
[0m14:35:53.301898 [debug] [Thread-2 (]: Sending event: {'category': 'dbt', 'action': 'run_model', 'label': 'f16b136b-8e0a-4018-8463-fe6c50b14d1e', 'context': [<snowplow_tracker.self_describing_json.SelfDescribingJson object at 0x7f57c4192f50>]}
[0m14:35:53.302852 [info ] [Thread-2 (]: 6 of 7 OK created sql table model main.entity_trend ............................ [[32mOK[0m in 0.18s]
[0m14:35:53.303729 [debug] [Thread-2 (]: Finished running node model.news_warehouse.entity_trend
[0m14:35:53.306029 [debug] [MainThread]: Using duckdb connection "master"
[0m14:35:53.306651 [debug] [MainThread]: On master: BEGIN
[0m14:35:53.307260 [debug] [MainThread]: Opening a new connection, currently in state closed
[0m14:35:53.308301 [debug] [MainThread]: SQL status: OK in 0.001 seconds
[0m14:35:53.308846 [debug] [MainThread]: On master: COMMIT
[0m14:35:53.309414 [debug] [MainThread]: Using duckdb connection "master"
[0m14:35:53.309910 [debug] [MainThread]: On master: COMMIT
[0m14:35:53.310729 [debug] [MainThread]: SQL status: OK in 0.000 seconds
[0m14:35:53.311329 [debug] [MainThread]: On master: Close
[0m14:35:53.312071 [debug] [MainThread]: Connection 'master' was properly closed.
[0m14:35:53.312567 [debug] [MainThread]: Connection 'model.news_warehouse.dim_entity_summary' was properly closed.
[0m14:35:53.313082 [debug] [MainThread]: Connection 'model.news_warehouse.entity_trend' was properly closed.
[0m14:35:53.313549 [debug] [MainThread]: Connection 'model.news_warehouse.fct_daily_sentiment' was properly closed.
[0m14:35:53.314047 [debug] [MainThread]: Connection 'model.news_warehouse.weekly_source_comparison' was properly closed.
[0m14:35:53.314670 [info ] [MainThread]: 
[0m14:35:53.315257 [info ] [MainThread]: Finished running 4 table models, 3 view models in 0 hours 0 minutes and 0.63 seconds (0.63s).
[0m14:35:53.317330 [debug] [MainThread]: Command end result
[0m14:35:53.365685 [debug] [MainThread]: Wrote artifact WritableManifest to /home/runner/work/Multilingual-News-Sentiment-Entity-Analysis-Pipeline/Multilingual-News-Sentiment-Entity-Analysis-Pipeline/dbt_project/target/manifest.json
[0m14:35:53.369575 [debug] [MainThread]: Wrote artifact SemanticManifest to /home/runner/work/Multilingual-News-Sentiment-Entity-Analysis-Pipeline/Multilingual-News-Sentiment-Entity-Analysis-Pipeline/dbt_project/target/semantic_manifest.json
[0m14:35:53.373106 [debug] [MainThread]: Wrote artifact OsiDocument to /home/runner/work/Multilingual-News-Sentiment-Entity-Analysis-Pipeline/Multilingual-News-Sentiment-Entity-Analysis-Pipeline/dbt_project/target/osi_document.json
[0m14:35:53.383485 [debug] [MainThread]: Wrote artifact RunExecutionResult to /home/runner/work/Multilingual-News-Sentiment-Entity-Analysis-Pipeline/Multilingual-News-Sentiment-Entity-Analysis-Pipeline/dbt_project/target/run_results.json
[0m14:35:53.384203 [info ] [MainThread]: 
[0m14:35:53.384870 [info ] [MainThread]: [32mCompleted successfully[0m
[0m14:35:53.385452 [info ] [MainThread]: 
[0m14:35:53.386035 [info ] [MainThread]: Done. PASS=7 WARN=0 ERROR=0 SKIP=0 NO-OP=0 REUSED=0 TOTAL=7
[0m14:35:53.415100 [debug] [MainThread]: Resource report: {"command_name": "run", "command_success": true, "command_wall_clock_time": 1.9155617, "process_in_blocks": "2000", "process_kernel_time": 0.231887, "process_mem_max_rss": "305976", "process_out_blocks": "7384", "process_user_time": 3.675925}
[0m14:35:53.416224 [debug] [MainThread]: Command `dbt run` succeeded at 14:35:53.416068 after 1.92 seconds
[0m14:35:53.417058 [debug] [MainThread]: Sending event: {'category': 'dbt', 'action': 'invocation', 'label': 'end', 'context': [<snowplow_tracker.self_describing_json.SelfDescribingJson object at 0x7f57cefb1300>, <snowplow_tracker.self_describing_json.SelfDescribingJson object at 0x7f57ceec49a0>, <snowplow_tracker.self_describing_json.SelfDescribingJson object at 0x7f57ceeb02b0>]}
[0m14:35:53.417772 [debug] [MainThread]: Flushing usage events
[0m14:35:53.833869 [debug] [MainThread]: An error was encountered while trying to flush usage events
[0m14:35:55.950488 [debug] [MainThread]: Sending event: {'category': 'dbt', 'action': 'invocation', 'label': 'start', 'context': [<snowplow_tracker.self_describing_json.SelfDescribingJson object at 0x7f21db3ad1b0>, <snowplow_tracker.self_describing_json.SelfDescribingJson object at 0x7f21d9e6f6d0>, <snowplow_tracker.self_describing_json.SelfDescribingJson object at 0x7f21d9e6f670>]}


============================== 14:35:55.954117 | f31ad427-aeb8-49ea-aea9-cecd34781b46 ==============================
[0m14:35:55.954117 [info ] [MainThread]: Running with dbt=1.12.5
[0m14:35:55.955015 [debug] [MainThread]: running dbt with arguments {'hints_enabled': 'True', 'target_path': 'None', 'use_experimental_parser': 'False', 'warn_error_options': 'WarnErrorOptionsV2(error=[], warn=[], silence=[])', 'maximum_seed_size_mib': '1', 'write_json': 'True', 'send_anonymous_usage_stats': 'True', 'printer_width': '80', 'partial_parse': 'True', 'empty': 'None', 'fail_fast': 'False', 'introspect': 'True', 'debug': 'False', 'no_print': 'None', 'use_colors': 'True', 'cache_selected_only': 'False', 'static_parser': 'True', 'log_cache_events': 'False', 'invocation_command': 'dbt test --profiles-dir .', 'log_path': '/home/runner/work/Multilingual-News-Sentiment-Entity-Analysis-Pipeline/Multilingual-News-Sentiment-Entity-Analysis-Pipeline/dbt_project/logs', 'warn_error': 'None', 'profiles_dir': '.', 'indirect_selection': 'eager', 'quiet': 'False', 'log_format': 'default', 'version_check': 'True'}
[0m14:35:56.243856 [debug] [MainThread]: Sending event: {'category': 'dbt', 'action': 'project_id', 'label': 'f31ad427-aeb8-49ea-aea9-cecd34781b46', 'context': [<snowplow_tracker.self_describing_json.SelfDescribingJson object at 0x7f21d9fa6860>]}
[0m14:35:56.392377 [debug] [MainThread]: Sending event: {'category': 'dbt', 'action': 'adapter_info', 'label': 'f31ad427-aeb8-49ea-aea9-cecd34781b46', 'context': [<snowplow_tracker.self_describing_json.SelfDescribingJson object at 0x7f21d5926530>]}
[0m14:35:56.394801 [info ] [MainThread]: Registered adapter: duckdb=1.11.0
[0m14:35:56.502871 [debug] [MainThread]: checksum: b861a166531065e3c88725a98b0b572675172303180a874f2753e38be84b4181, vars: {}, profile: news_warehouse, target: dev, version: 1.12.5
[0m14:35:56.697403 [debug] [MainThread]: Partial parsing enabled: 0 files deleted, 0 files added, 0 files changed.
[0m14:35:56.698116 [debug] [MainThread]: Nothing changed, skipping partial parsing.
[0m14:35:56.698647 [debug] [MainThread]: Partial parsing enabled, no changes found, skipping parsing
[0m14:35:56.713326 [debug] [MainThread]: Sending event: {'category': 'dbt', 'action': 'load_project', 'label': 'f31ad427-aeb8-49ea-aea9-cecd34781b46', 'context': [<snowplow_tracker.self_describing_json.SelfDescribingJson object at 0x7f21d1cbbac0>]}
[0m14:35:56.935675 [debug] [MainThread]: Wrote artifact WritableManifest to /home/runner/work/Multilingual-News-Sentiment-Entity-Analysis-Pipeline/Multilingual-News-Sentiment-Entity-Analysis-Pipeline/dbt_project/target/manifest.json
[0m14:35:56.939293 [debug] [MainThread]: Wrote artifact SemanticManifest to /home/runner/work/Multilingual-News-Sentiment-Entity-Analysis-Pipeline/Multilingual-News-Sentiment-Entity-Analysis-Pipeline/dbt_project/target/semantic_manifest.json
[0m14:35:56.953752 [debug] [MainThread]: Wrote artifact OsiDocument to /home/runner/work/Multilingual-News-Sentiment-Entity-Analysis-Pipeline/Multilingual-News-Sentiment-Entity-Analysis-Pipeline/dbt_project/target/osi_document.json
[0m14:35:56.972088 [debug] [MainThread]: Sending event: {'category': 'dbt', 'action': 'resource_counts', 'label': 'f31ad427-aeb8-49ea-aea9-cecd34781b46', 'context': [<snowplow_tracker.self_describing_json.SelfDescribingJson object at 0x7f21d1b2a020>]}
[0m14:35:56.972915 [info ] [MainThread]: Found 7 models, 8 data tests, 5 sources, 500 macros
[0m14:35:56.973509 [debug] [MainThread]: Sending event: {'category': 'dbt', 'action': 'runnable_timing', 'label': 'f31ad427-aeb8-49ea-aea9-cecd34781b46', 'context': [<snowplow_tracker.self_describing_json.SelfDescribingJson object at 0x7f21d1b2a5c0>]}
[0m14:35:56.975986 [info ] [MainThread]: 
[0m14:35:56.976561 [info ] [MainThread]: Concurrency: 4 threads (target='dev')
[0m14:35:56.977087 [info ] [MainThread]: 
[0m14:35:56.977841 [debug] [MainThread]: Acquiring new duckdb connection 'master'
[0m14:35:56.985309 [debug] [ThreadPool]: Acquiring new duckdb connection 'list_warehouse_main'
[0m14:35:57.023469 [debug] [ThreadPool]: Using duckdb connection "list_warehouse_main"
[0m14:35:57.024180 [debug] [ThreadPool]: On list_warehouse_main: BEGIN
[0m14:35:57.024690 [debug] [ThreadPool]: Opening a new connection, currently in state init
[0m14:35:57.038703 [debug] [ThreadPool]: SQL status: OK in 0.014 seconds
[0m14:35:57.039422 [debug] [ThreadPool]: Using duckdb connection "list_warehouse_main"
[0m14:35:57.039991 [debug] [ThreadPool]: On list_warehouse_main: /* {"app": "dbt", "dbt_version": "1.12.5", "profile_name": "news_warehouse", "target_name": "dev", "connection_name": "list_warehouse_main"} */
select
      'warehouse' as database,
      table_name as name,
      table_schema as schema,
      CASE table_type
        WHEN 'BASE TABLE' THEN 'table'
        WHEN 'VIEW' THEN 'view'
        WHEN 'LOCAL TEMPORARY' THEN 'table'
        END as type
    from system.information_schema.tables
    where lower(table_schema) = 'main'
    and lower(table_catalog) = 'warehouse'
  
[0m14:35:57.043899 [debug] [ThreadPool]: SQL status: OK in 0.003 seconds
[0m14:35:57.045817 [debug] [ThreadPool]: On list_warehouse_main: ROLLBACK
[0m14:35:57.046692 [debug] [ThreadPool]: On list_warehouse_main: Close
[0m14:35:57.049964 [debug] [MainThread]: Sending event: {'category': 'dbt', 'action': 'runnable_timing', 'label': 'f31ad427-aeb8-49ea-aea9-cecd34781b46', 'context': [<snowplow_tracker.self_describing_json.SelfDescribingJson object at 0x7f21d1b2a8c0>]}
[0m14:35:57.050695 [debug] [MainThread]: Using duckdb connection "master"
[0m14:35:57.051254 [debug] [MainThread]: On master: BEGIN
[0m14:35:57.051748 [debug] [MainThread]: Opening a new connection, currently in state init
[0m14:35:57.052631 [debug] [MainThread]: SQL status: OK in 0.001 seconds
[0m14:35:57.053189 [debug] [MainThread]: On master: COMMIT
[0m14:35:57.053702 [debug] [MainThread]: Using duckdb connection "master"
[0m14:35:57.054234 [debug] [MainThread]: On master: COMMIT
[0m14:35:57.054984 [debug] [MainThread]: SQL status: OK in 0.000 seconds
[0m14:35:57.055526 [debug] [MainThread]: On master: Close
[0m14:35:57.059211 [debug] [Thread-1 (]: Began running node test.news_warehouse.not_null_dim_entity_summary_article_count.e113c5cc88
[0m14:35:57.059950 [debug] [Thread-2 (]: Began running node test.news_warehouse.not_null_dim_entity_summary_entity_text.e9b5760dbb
[0m14:35:57.060732 [info ] [Thread-1 (]: 1 of 8 START test not_null_dim_entity_summary_article_count .................... [RUN]
[0m14:35:57.061452 [debug] [Thread-3 (]: Began running node test.news_warehouse.not_null_fct_daily_sentiment_headline_count.8aa7f0a6da
[0m14:35:57.062280 [debug] [Thread-4 (]: Began running node test.news_warehouse.not_null_fct_daily_sentiment_scrape_date.b09ab12093
[0m14:35:57.062910 [info ] [Thread-2 (]: 2 of 8 START test not_null_dim_entity_summary_entity_text ...................... [RUN]
[0m14:35:57.063791 [debug] [Thread-1 (]: Re-using an available connection from the pool (formerly list_warehouse_main, now test.news_warehouse.not_null_dim_entity_summary_article_count.e113c5cc88)
[0m14:35:57.064548 [info ] [Thread-3 (]: 3 of 8 START test not_null_fct_daily_sentiment_headline_count .................. [RUN]
[0m14:35:57.065351 [info ] [Thread-4 (]: 4 of 8 START test not_null_fct_daily_sentiment_scrape_date ..................... [RUN]
[0m14:35:57.066254 [debug] [Thread-2 (]: Acquiring new duckdb connection 'test.news_warehouse.not_null_dim_entity_summary_entity_text.e9b5760dbb'
[0m14:35:57.066955 [debug] [Thread-1 (]: Began compiling node test.news_warehouse.not_null_dim_entity_summary_article_count.e113c5cc88
[0m14:35:57.067762 [debug] [Thread-3 (]: Acquiring new duckdb connection 'test.news_warehouse.not_null_fct_daily_sentiment_headline_count.8aa7f0a6da'
[0m14:35:57.068671 [debug] [Thread-4 (]: Acquiring new duckdb connection 'test.news_warehouse.not_null_fct_daily_sentiment_scrape_date.b09ab12093'
[0m14:35:57.069392 [debug] [Thread-2 (]: Began compiling node test.news_warehouse.not_null_dim_entity_summary_entity_text.e9b5760dbb
[0m14:35:57.080348 [debug] [Thread-3 (]: Began compiling node test.news_warehouse.not_null_fct_daily_sentiment_headline_count.8aa7f0a6da
[0m14:35:57.093383 [debug] [Thread-1 (]: Writing injected SQL for node "test.news_warehouse.not_null_dim_entity_summary_article_count.e113c5cc88"
[0m14:35:57.094158 [debug] [Thread-4 (]: Began compiling node test.news_warehouse.not_null_fct_daily_sentiment_scrape_date.b09ab12093
[0m14:35:57.102749 [debug] [Thread-2 (]: Writing injected SQL for node "test.news_warehouse.not_null_dim_entity_summary_entity_text.e9b5760dbb"
[0m14:35:57.111841 [debug] [Thread-3 (]: Writing injected SQL for node "test.news_warehouse.not_null_fct_daily_sentiment_headline_count.8aa7f0a6da"
[0m14:35:57.120768 [debug] [Thread-4 (]: Writing injected SQL for node "test.news_warehouse.not_null_fct_daily_sentiment_scrape_date.b09ab12093"
[0m14:35:57.121771 [debug] [Thread-1 (]: Began executing node test.news_warehouse.not_null_dim_entity_summary_article_count.e113c5cc88
[0m14:35:57.128376 [debug] [Thread-3 (]: Began executing node test.news_warehouse.not_null_fct_daily_sentiment_headline_count.8aa7f0a6da
[0m14:35:57.163095 [debug] [Thread-3 (]: Writing runtime sql for node "test.news_warehouse.not_null_fct_daily_sentiment_headline_count.8aa7f0a6da"
[0m14:35:57.165393 [debug] [Thread-1 (]: Writing runtime sql for node "test.news_warehouse.not_null_dim_entity_summary_article_count.e113c5cc88"
[0m14:35:57.166480 [debug] [Thread-2 (]: Began executing node test.news_warehouse.not_null_dim_entity_summary_entity_text.e9b5760dbb
[0m14:35:57.167592 [debug] [Thread-3 (]: Using duckdb connection "test.news_warehouse.not_null_fct_daily_sentiment_headline_count.8aa7f0a6da"
[0m14:35:57.170826 [debug] [Thread-2 (]: Writing runtime sql for node "test.news_warehouse.not_null_dim_entity_summary_entity_text.e9b5760dbb"
[0m14:35:57.171513 [debug] [Thread-4 (]: Began executing node test.news_warehouse.not_null_fct_daily_sentiment_scrape_date.b09ab12093
[0m14:35:57.172306 [debug] [Thread-3 (]: On test.news_warehouse.not_null_fct_daily_sentiment_headline_count.8aa7f0a6da: BEGIN
[0m14:35:57.173041 [debug] [Thread-1 (]: Using duckdb connection "test.news_warehouse.not_null_dim_entity_summary_article_count.e113c5cc88"
[0m14:35:57.175841 [debug] [Thread-4 (]: Writing runtime sql for node "test.news_warehouse.not_null_fct_daily_sentiment_scrape_date.b09ab12093"
[0m14:35:57.176543 [debug] [Thread-3 (]: Opening a new connection, currently in state init
[0m14:35:57.177318 [debug] [Thread-1 (]: On test.news_warehouse.not_null_dim_entity_summary_article_count.e113c5cc88: BEGIN
[0m14:35:57.178042 [debug] [Thread-2 (]: Using duckdb connection "test.news_warehouse.not_null_dim_entity_summary_entity_text.e9b5760dbb"
[0m14:35:57.179330 [debug] [Thread-1 (]: Opening a new connection, currently in state closed
[0m14:35:57.180118 [debug] [Thread-4 (]: Using duckdb connection "test.news_warehouse.not_null_fct_daily_sentiment_scrape_date.b09ab12093"
[0m14:35:57.180725 [debug] [Thread-2 (]: On test.news_warehouse.not_null_dim_entity_summary_entity_text.e9b5760dbb: BEGIN
[0m14:35:57.181727 [debug] [Thread-3 (]: SQL status: OK in 0.005 seconds
[0m14:35:57.182430 [debug] [Thread-4 (]: On test.news_warehouse.not_null_fct_daily_sentiment_scrape_date.b09ab12093: BEGIN
[0m14:35:57.183071 [debug] [Thread-1 (]: SQL status: OK in 0.004 seconds
[0m14:35:57.183708 [debug] [Thread-2 (]: Opening a new connection, currently in state init
[0m14:35:57.184384 [debug] [Thread-3 (]: Using duckdb connection "test.news_warehouse.not_null_fct_daily_sentiment_headline_count.8aa7f0a6da"
[0m14:35:57.185023 [debug] [Thread-4 (]: Opening a new connection, currently in state init
[0m14:35:57.185638 [debug] [Thread-1 (]: Using duckdb connection "test.news_warehouse.not_null_dim_entity_summary_article_count.e113c5cc88"
[0m14:35:57.186529 [debug] [Thread-3 (]: On test.news_warehouse.not_null_fct_daily_sentiment_headline_count.8aa7f0a6da: /* {"app": "dbt", "dbt_version": "1.12.5", "profile_name": "news_warehouse", "target_name": "dev", "node_id": "test.news_warehouse.not_null_fct_daily_sentiment_headline_count.8aa7f0a6da"} */

    
    select
      count(*) as failures,
      count(*) != 0 as should_warn,
      count(*) != 0 as should_error
    from (
      
    
  
    
    



select headline_count
from "warehouse"."main"."fct_daily_sentiment"
where headline_count is null



  
  
      
    ) dbt_internal_test
[0m14:35:57.187550 [debug] [Thread-1 (]: On test.news_warehouse.not_null_dim_entity_summary_article_count.e113c5cc88: /* {"app": "dbt", "dbt_version": "1.12.5", "profile_name": "news_warehouse", "target_name": "dev", "node_id": "test.news_warehouse.not_null_dim_entity_summary_article_count.e113c5cc88"} */

    
    select
      count(*) as failures,
      count(*) != 0 as should_warn,
      count(*) != 0 as should_error
    from (
      
    
  
    
    



select article_count
from "warehouse"."main"."dim_entity_summary"
where article_count is null



  
  
      
    ) dbt_internal_test
[0m14:35:57.188193 [debug] [Thread-2 (]: SQL status: OK in 0.004 seconds
[0m14:35:57.188860 [debug] [Thread-4 (]: SQL status: OK in 0.004 seconds
[0m14:35:57.189993 [debug] [Thread-2 (]: Using duckdb connection "test.news_warehouse.not_null_dim_entity_summary_entity_text.e9b5760dbb"
[0m14:35:57.190807 [debug] [Thread-4 (]: Using duckdb connection "test.news_warehouse.not_null_fct_daily_sentiment_scrape_date.b09ab12093"
[0m14:35:57.191440 [debug] [Thread-1 (]: SQL status: OK in 0.002 seconds
[0m14:35:57.192087 [debug] [Thread-3 (]: SQL status: OK in 0.003 seconds
[0m14:35:57.192744 [debug] [Thread-2 (]: On test.news_warehouse.not_null_dim_entity_summary_entity_text.e9b5760dbb: /* {"app": "dbt", "dbt_version": "1.12.5", "profile_name": "news_warehouse", "target_name": "dev", "node_id": "test.news_warehouse.not_null_dim_entity_summary_entity_text.e9b5760dbb"} */

    
    select
      count(*) as failures,
      count(*) != 0 as should_warn,
      count(*) != 0 as should_error
    from (
      
    
  
    
    



select entity_text
from "warehouse"."main"."dim_entity_summary"
where entity_text is null



  
  
      
    ) dbt_internal_test
[0m14:35:57.193433 [debug] [Thread-4 (]: On test.news_warehouse.not_null_fct_daily_sentiment_scrape_date.b09ab12093: /* {"app": "dbt", "dbt_version": "1.12.5", "profile_name": "news_warehouse", "target_name": "dev", "node_id": "test.news_warehouse.not_null_fct_daily_sentiment_scrape_date.b09ab12093"} */

    
    select
      count(*) as failures,
      count(*) != 0 as should_warn,
      count(*) != 0 as should_error
    from (
      
    
  
    
    



select scrape_date
from "warehouse"."main"."fct_daily_sentiment"
where scrape_date is null



  
  
      
    ) dbt_internal_test
[0m14:35:57.199324 [debug] [Thread-1 (]: On test.news_warehouse.not_null_dim_entity_summary_article_count.e113c5cc88: ROLLBACK
[0m14:35:57.201995 [debug] [Thread-3 (]: On test.news_warehouse.not_null_fct_daily_sentiment_headline_count.8aa7f0a6da: ROLLBACK
[0m14:35:57.202945 [debug] [Thread-2 (]: SQL status: OK in 0.003 seconds
[0m14:35:57.203831 [debug] [Thread-4 (]: SQL status: OK in 0.001 seconds
[0m14:35:57.206003 [debug] [Thread-2 (]: On test.news_warehouse.not_null_dim_entity_summary_entity_text.e9b5760dbb: ROLLBACK
[0m14:35:57.206602 [debug] [Thread-1 (]: On test.news_warehouse.not_null_dim_entity_summary_article_count.e113c5cc88: Close
[0m14:35:57.208643 [debug] [Thread-4 (]: On test.news_warehouse.not_null_fct_daily_sentiment_scrape_date.b09ab12093: ROLLBACK
[0m14:35:57.209416 [debug] [Thread-3 (]: On test.news_warehouse.not_null_fct_daily_sentiment_headline_count.8aa7f0a6da: Close
[0m14:35:57.210400 [info ] [Thread-1 (]: 1 of 8 PASS not_null_dim_entity_summary_article_count .......................... [[32mPASS[0m in 0.15s]
[0m14:35:57.211125 [debug] [Thread-2 (]: On test.news_warehouse.not_null_dim_entity_summary_entity_text.e9b5760dbb: Close
[0m14:35:57.212200 [info ] [Thread-3 (]: 3 of 8 PASS not_null_fct_daily_sentiment_headline_count ........................ [[32mPASS[0m in 0.14s]
[0m14:35:57.213216 [debug] [Thread-1 (]: Finished running node test.news_warehouse.not_null_dim_entity_summary_article_count.e113c5cc88
[0m14:35:57.214179 [info ] [Thread-2 (]: 2 of 8 PASS not_null_dim_entity_summary_entity_text ............................ [[32mPASS[0m in 0.15s]
[0m14:35:57.214834 [debug] [Thread-4 (]: On test.news_warehouse.not_null_fct_daily_sentiment_scrape_date.b09ab12093: Close
[0m14:35:57.215703 [debug] [Thread-3 (]: Finished running node test.news_warehouse.not_null_fct_daily_sentiment_headline_count.8aa7f0a6da
[0m14:35:57.216433 [debug] [Thread-1 (]: Began running node test.news_warehouse.not_null_fct_daily_sentiment_source_name.3bd2b89b77
[0m14:35:57.217348 [debug] [Thread-2 (]: Finished running node test.news_warehouse.not_null_dim_entity_summary_entity_text.e9b5760dbb
[0m14:35:57.218251 [info ] [Thread-4 (]: 4 of 8 PASS not_null_fct_daily_sentiment_scrape_date ........................... [[32mPASS[0m in 0.15s]
[0m14:35:57.219042 [debug] [Thread-3 (]: Began running node test.news_warehouse.not_null_stg_articles_article_key.db8c6d35da
[0m14:35:57.219798 [info ] [Thread-1 (]: 5 of 8 START test not_null_fct_daily_sentiment_source_name ..................... [RUN]
[0m14:35:57.220586 [debug] [Thread-2 (]: Began running node test.news_warehouse.not_null_stg_articles_translated_headline.e4edbf669c
[0m14:35:57.221467 [debug] [Thread-4 (]: Finished running node test.news_warehouse.not_null_fct_daily_sentiment_scrape_date.b09ab12093
[0m14:35:57.222181 [info ] [Thread-3 (]: 6 of 8 START test not_null_stg_articles_article_key ............................ [RUN]
[0m14:35:57.223033 [debug] [Thread-1 (]: Re-using an available connection from the pool (formerly test.news_warehouse.not_null_dim_entity_summary_article_count.e113c5cc88, now test.news_warehouse.not_null_fct_daily_sentiment_source_name.3bd2b89b77)
[0m14:35:57.223692 [info ] [Thread-2 (]: 7 of 8 START test not_null_stg_articles_translated_headline .................... [RUN]
[0m14:35:57.224481 [debug] [Thread-4 (]: Began running node test.news_warehouse.unique_stg_articles_article_key.691d01e603
[0m14:35:57.225232 [debug] [Thread-3 (]: Re-using an available connection from the pool (formerly test.news_warehouse.not_null_fct_daily_sentiment_headline_count.8aa7f0a6da, now test.news_warehouse.not_null_stg_articles_article_key.db8c6d35da)
[0m14:35:57.225878 [debug] [Thread-1 (]: Began compiling node test.news_warehouse.not_null_fct_daily_sentiment_source_name.3bd2b89b77
[0m14:35:57.226625 [debug] [Thread-2 (]: Re-using an available connection from the pool (formerly test.news_warehouse.not_null_dim_entity_summary_entity_text.e9b5760dbb, now test.news_warehouse.not_null_stg_articles_translated_headline.e4edbf669c)
[0m14:35:57.227322 [info ] [Thread-4 (]: 8 of 8 START test unique_stg_articles_article_key .............................. [RUN]
[0m14:35:57.228049 [debug] [Thread-3 (]: Began compiling node test.news_warehouse.not_null_stg_articles_article_key.db8c6d35da
[0m14:35:57.237179 [debug] [Thread-1 (]: Writing injected SQL for node "test.news_warehouse.not_null_fct_daily_sentiment_source_name.3bd2b89b77"
[0m14:35:57.237859 [debug] [Thread-2 (]: Began compiling node test.news_warehouse.not_null_stg_articles_translated_headline.e4edbf669c
[0m14:35:57.238730 [debug] [Thread-4 (]: Re-using an available connection from the pool (formerly test.news_warehouse.not_null_fct_daily_sentiment_scrape_date.b09ab12093, now test.news_warehouse.unique_stg_articles_article_key.691d01e603)
[0m14:35:57.248133 [debug] [Thread-3 (]: Writing injected SQL for node "test.news_warehouse.not_null_stg_articles_article_key.db8c6d35da"
[0m14:35:57.257511 [debug] [Thread-2 (]: Writing injected SQL for node "test.news_warehouse.not_null_stg_articles_translated_headline.e4edbf669c"
[0m14:35:57.258428 [debug] [Thread-4 (]: Began compiling node test.news_warehouse.unique_stg_articles_article_key.691d01e603
[0m14:35:57.259190 [debug] [Thread-1 (]: Began executing node test.news_warehouse.not_null_fct_daily_sentiment_source_name.3bd2b89b77
[0m14:35:57.270472 [debug] [Thread-4 (]: Writing injected SQL for node "test.news_warehouse.unique_stg_articles_article_key.691d01e603"
[0m14:35:57.273662 [debug] [Thread-1 (]: Writing runtime sql for node "test.news_warehouse.not_null_fct_daily_sentiment_source_name.3bd2b89b77"
[0m14:35:57.274325 [debug] [Thread-3 (]: Began executing node test.news_warehouse.not_null_stg_articles_article_key.db8c6d35da
[0m14:35:57.275340 [debug] [Thread-2 (]: Began executing node test.news_warehouse.not_null_stg_articles_translated_headline.e4edbf669c
[0m14:35:57.278183 [debug] [Thread-3 (]: Writing runtime sql for node "test.news_warehouse.not_null_stg_articles_article_key.db8c6d35da"
[0m14:35:57.278868 [debug] [Thread-4 (]: Began executing node test.news_warehouse.unique_stg_articles_article_key.691d01e603
[0m14:35:57.281483 [debug] [Thread-2 (]: Writing runtime sql for node "test.news_warehouse.not_null_stg_articles_translated_headline.e4edbf669c"
[0m14:35:57.282242 [debug] [Thread-1 (]: Using duckdb connection "test.news_warehouse.not_null_fct_daily_sentiment_source_name.3bd2b89b77"
[0m14:35:57.285050 [debug] [Thread-4 (]: Writing runtime sql for node "test.news_warehouse.unique_stg_articles_article_key.691d01e603"
[0m14:35:57.286029 [debug] [Thread-1 (]: On test.news_warehouse.not_null_fct_daily_sentiment_source_name.3bd2b89b77: BEGIN
[0m14:35:57.286854 [debug] [Thread-3 (]: Using duckdb connection "test.news_warehouse.not_null_stg_articles_article_key.db8c6d35da"
[0m14:35:57.287726 [debug] [Thread-2 (]: Using duckdb connection "test.news_warehouse.not_null_stg_articles_translated_headline.e4edbf669c"
[0m14:35:57.288378 [debug] [Thread-1 (]: Opening a new connection, currently in state closed
[0m14:35:57.289128 [debug] [Thread-4 (]: Using duckdb connection "test.news_warehouse.unique_stg_articles_article_key.691d01e603"
[0m14:35:57.289708 [debug] [Thread-3 (]: On test.news_warehouse.not_null_stg_articles_article_key.db8c6d35da: BEGIN
[0m14:35:57.290371 [debug] [Thread-2 (]: On test.news_warehouse.not_null_stg_articles_translated_headline.e4edbf669c: BEGIN
[0m14:35:57.291352 [debug] [Thread-4 (]: On test.news_warehouse.unique_stg_articles_article_key.691d01e603: BEGIN
[0m14:35:57.292014 [debug] [Thread-3 (]: Opening a new connection, currently in state closed
[0m14:35:57.292625 [debug] [Thread-1 (]: SQL status: OK in 0.004 seconds
[0m14:35:57.293251 [debug] [Thread-2 (]: Opening a new connection, currently in state closed
[0m14:35:57.293844 [debug] [Thread-4 (]: Opening a new connection, currently in state closed
[0m14:35:57.294721 [debug] [Thread-1 (]: Using duckdb connection "test.news_warehouse.not_null_fct_daily_sentiment_source_name.3bd2b89b77"
[0m14:35:57.295772 [debug] [Thread-3 (]: SQL status: OK in 0.004 seconds
[0m14:35:57.296450 [debug] [Thread-2 (]: SQL status: OK in 0.003 seconds
[0m14:35:57.297192 [debug] [Thread-1 (]: On test.news_warehouse.not_null_fct_daily_sentiment_source_name.3bd2b89b77: /* {"app": "dbt", "dbt_version": "1.12.5", "profile_name": "news_warehouse", "target_name": "dev", "node_id": "test.news_warehouse.not_null_fct_daily_sentiment_source_name.3bd2b89b77"} */

    
    select
      count(*) as failures,
      count(*) != 0 as should_warn,
      count(*) != 0 as should_error
    from (
      
    
  
    
    



select source_name
from "warehouse"."main"."fct_daily_sentiment"
where source_name is null



  
  
      
    ) dbt_internal_test
[0m14:35:57.297896 [debug] [Thread-4 (]: SQL status: OK in 0.004 seconds
[0m14:35:57.298741 [debug] [Thread-3 (]: Using duckdb connection "test.news_warehouse.not_null_stg_articles_article_key.db8c6d35da"
[0m14:35:57.299457 [debug] [Thread-2 (]: Using duckdb connection "test.news_warehouse.not_null_stg_articles_translated_headline.e4edbf669c"
[0m14:35:57.300395 [debug] [Thread-4 (]: Using duckdb connection "test.news_warehouse.unique_stg_articles_article_key.691d01e603"
[0m14:35:57.301134 [debug] [Thread-3 (]: On test.news_warehouse.not_null_stg_articles_article_key.db8c6d35da: /* {"app": "dbt", "dbt_version": "1.12.5", "profile_name": "news_warehouse", "target_name": "dev", "node_id": "test.news_warehouse.not_null_stg_articles_article_key.db8c6d35da"} */

    
    select
      count(*) as failures,
      count(*) != 0 as should_warn,
      count(*) != 0 as should_error
    from (
      
    
  
    
    



select article_key
from "warehouse"."main"."stg_articles"
where article_key is null



  
  
      
    ) dbt_internal_test
[0m14:35:57.301808 [debug] [Thread-1 (]: SQL status: OK in 0.002 seconds
[0m14:35:57.302477 [debug] [Thread-2 (]: On test.news_warehouse.not_null_stg_articles_translated_headline.e4edbf669c: /* {"app": "dbt", "dbt_version": "1.12.5", "profile_name": "news_warehouse", "target_name": "dev", "node_id": "test.news_warehouse.not_null_stg_articles_translated_headline.e4edbf669c"} */

    
    select
      count(*) as failures,
      count(*) != 0 as should_warn,
      count(*) != 0 as should_error
    from (
      
    
  
    
    



select translated_headline
from "warehouse"."main"."stg_articles"
where translated_headline is null



  
  
      
    ) dbt_internal_test
[0m14:35:57.303163 [debug] [Thread-4 (]: On test.news_warehouse.unique_stg_articles_article_key.691d01e603: /* {"app": "dbt", "dbt_version": "1.12.5", "profile_name": "news_warehouse", "target_name": "dev", "node_id": "test.news_warehouse.unique_stg_articles_article_key.691d01e603"} */

    
    select
      count(*) as failures,
      count(*) != 0 as should_warn,
      count(*) != 0 as should_error
    from (
      
    
  
    
    

select
    article_key as unique_field,
    count(*) as n_records

from "warehouse"."main"."stg_articles"
where article_key is not null
group by article_key
having count(*) > 1



  
  
      
    ) dbt_internal_test
[0m14:35:57.306027 [debug] [Thread-1 (]: On test.news_warehouse.not_null_fct_daily_sentiment_source_name.3bd2b89b77: ROLLBACK
[0m14:35:57.307159 [debug] [Thread-3 (]: SQL status: OK in 0.003 seconds
[0m14:35:57.307808 [debug] [Thread-2 (]: SQL status: OK in 0.004 seconds
[0m14:35:57.308995 [debug] [Thread-1 (]: On test.news_warehouse.not_null_fct_daily_sentiment_source_name.3bd2b89b77: Close
[0m14:35:57.311355 [debug] [Thread-3 (]: On test.news_warehouse.not_null_stg_articles_article_key.db8c6d35da: ROLLBACK
[0m14:35:57.313053 [debug] [Thread-2 (]: On test.news_warehouse.not_null_stg_articles_translated_headline.e4edbf669c: ROLLBACK
[0m14:35:57.313741 [debug] [Thread-4 (]: SQL status: OK in 0.007 seconds
[0m14:35:57.314686 [info ] [Thread-1 (]: 5 of 8 PASS not_null_fct_daily_sentiment_source_name ........................... [[32mPASS[0m in 0.09s]
[0m14:35:57.316037 [debug] [Thread-3 (]: On test.news_warehouse.not_null_stg_articles_article_key.db8c6d35da: Close
[0m14:35:57.316871 [debug] [Thread-1 (]: Finished running node test.news_warehouse.not_null_fct_daily_sentiment_source_name.3bd2b89b77
[0m14:35:57.317496 [debug] [Thread-2 (]: On test.news_warehouse.not_null_stg_articles_translated_headline.e4edbf669c: Close
[0m14:35:57.319174 [debug] [Thread-4 (]: On test.news_warehouse.unique_stg_articles_article_key.691d01e603: ROLLBACK
[0m14:35:57.320191 [info ] [Thread-3 (]: 6 of 8 PASS not_null_stg_articles_article_key .................................. [[32mPASS[0m in 0.09s]
[0m14:35:57.321425 [info ] [Thread-2 (]: 7 of 8 PASS not_null_stg_articles_translated_headline .......................... [[32mPASS[0m in 0.09s]
[0m14:35:57.322535 [debug] [Thread-3 (]: Finished running node test.news_warehouse.not_null_stg_articles_article_key.db8c6d35da
[0m14:35:57.323216 [debug] [Thread-4 (]: On test.news_warehouse.unique_stg_articles_article_key.691d01e603: Close
[0m14:35:57.324054 [debug] [Thread-2 (]: Finished running node test.news_warehouse.not_null_stg_articles_translated_headline.e4edbf669c
[0m14:35:57.325268 [info ] [Thread-4 (]: 8 of 8 PASS unique_stg_articles_article_key .................................... [[32mPASS[0m in 0.09s]
[0m14:35:57.326186 [debug] [Thread-4 (]: Finished running node test.news_warehouse.unique_stg_articles_article_key.691d01e603
[0m14:35:57.328055 [debug] [MainThread]: Using duckdb connection "master"
[0m14:35:57.328657 [debug] [MainThread]: On master: BEGIN
[0m14:35:57.329249 [debug] [MainThread]: Opening a new connection, currently in state closed
[0m14:35:57.330133 [debug] [MainThread]: SQL status: OK in 0.001 seconds
[0m14:35:57.330668 [debug] [MainThread]: On master: COMMIT
[0m14:35:57.331234 [debug] [MainThread]: Using duckdb connection "master"
[0m14:35:57.331737 [debug] [MainThread]: On master: COMMIT
[0m14:35:57.332523 [debug] [MainThread]: SQL status: OK in 0.000 seconds
[0m14:35:57.333098 [debug] [MainThread]: On master: Close
[0m14:35:57.333754 [debug] [MainThread]: Connection 'master' was properly closed.
[0m14:35:57.334293 [debug] [MainThread]: Connection 'test.news_warehouse.not_null_fct_daily_sentiment_source_name.3bd2b89b77' was properly closed.
[0m14:35:57.334769 [debug] [MainThread]: Connection 'test.news_warehouse.not_null_stg_articles_translated_headline.e4edbf669c' was properly closed.
[0m14:35:57.335277 [debug] [MainThread]: Connection 'test.news_warehouse.not_null_stg_articles_article_key.db8c6d35da' was properly closed.
[0m14:35:57.335738 [debug] [MainThread]: Connection 'test.news_warehouse.unique_stg_articles_article_key.691d01e603' was properly closed.
[0m14:35:57.336322 [info ] [MainThread]: 
[0m14:35:57.336900 [info ] [MainThread]: Finished running 8 data tests in 0 hours 0 minutes and 0.36 seconds (0.36s).
[0m14:35:57.339040 [debug] [MainThread]: Command end result
[0m14:35:57.384035 [debug] [MainThread]: Wrote artifact WritableManifest to /home/runner/work/Multilingual-News-Sentiment-Entity-Analysis-Pipeline/Multilingual-News-Sentiment-Entity-Analysis-Pipeline/dbt_project/target/manifest.json
[0m14:35:57.387505 [debug] [MainThread]: Wrote artifact SemanticManifest to /home/runner/work/Multilingual-News-Sentiment-Entity-Analysis-Pipeline/Multilingual-News-Sentiment-Entity-Analysis-Pipeline/dbt_project/target/semantic_manifest.json
[0m14:35:57.390684 [debug] [MainThread]: Wrote artifact OsiDocument to /home/runner/work/Multilingual-News-Sentiment-Entity-Analysis-Pipeline/Multilingual-News-Sentiment-Entity-Analysis-Pipeline/dbt_project/target/osi_document.json
[0m14:35:57.401370 [debug] [MainThread]: Wrote artifact RunExecutionResult to /home/runner/work/Multilingual-News-Sentiment-Entity-Analysis-Pipeline/Multilingual-News-Sentiment-Entity-Analysis-Pipeline/dbt_project/target/run_results.json
[0m14:35:57.401976 [info ] [MainThread]: 
[0m14:35:57.402654 [info ] [MainThread]: [32mCompleted successfully[0m
[0m14:35:57.403257 [info ] [MainThread]: 
[0m14:35:57.403859 [info ] [MainThread]: Done. PASS=8 WARN=0 ERROR=0 SKIP=0 NO-OP=0 REUSED=0 TOTAL=8
[0m14:35:57.405140 [debug] [MainThread]: Resource report: {"command_name": "test", "command_success": true, "command_wall_clock_time": 1.5584923, "process_in_blocks": "0", "process_kernel_time": 0.180261, "process_mem_max_rss": "193720", "process_out_blocks": "2864", "process_user_time": 3.031219}
[0m14:35:57.405830 [debug] [MainThread]: Command `dbt test` succeeded at 14:35:57.405720 after 1.56 seconds
[0m14:35:57.406435 [debug] [MainThread]: Sending event: {'category': 'dbt', 'action': 'invocation', 'label': 'end', 'context': [<snowplow_tracker.self_describing_json.SelfDescribingJson object at 0x7f21db3ad1b0>, <snowplow_tracker.self_describing_json.SelfDescribingJson object at 0x7f21dc198c70>, <snowplow_tracker.self_describing_json.SelfDescribingJson object at 0x7f21d59a08b0>]}
[0m14:35:57.407056 [debug] [MainThread]: Flushing usage events
[0m14:35:57.698216 [debug] [MainThread]: An error was encountered while trying to flush usage events
[0m14:34:21.039812 [debug] [MainThread]: Sending event: {'category': 'dbt', 'action': 'invocation', 'label': 'start', 'context': [<snowplow_tracker.self_describing_json.SelfDescribingJson object at 0x7f30082452a0>, <snowplow_tracker.self_describing_json.SelfDescribingJson object at 0x7f3006cef730>, <snowplow_tracker.self_describing_json.SelfDescribingJson object at 0x7f3006cef6d0>]}


============================== 14:34:21.042615 | e642189f-3746-41e6-bb11-dbbc0191967d ==============================
[0m14:34:21.042615 [info ] [MainThread]: Running with dbt=1.12.5
[0m14:34:21.043428 [debug] [MainThread]: running dbt with arguments {'warn_error': 'None', 'hints_enabled': 'True', 'printer_width': '80', 'debug': 'False', 'target_path': 'None', 'indirect_selection': 'eager', 'partial_parse': 'True', 'write_json': 'True', 'introspect': 'True', 'profiles_dir': '.', 'version_check': 'True', 'log_path': '/home/runner/work/Multilingual-News-Sentiment-Entity-Analysis-Pipeline/Multilingual-News-Sentiment-Entity-Analysis-Pipeline/dbt_project/logs', 'quiet': 'False', 'fail_fast': 'False', 'log_format': 'default', 'warn_error_options': 'WarnErrorOptionsV2(error=[], warn=[], silence=[])', 'no_print': 'None', 'send_anonymous_usage_stats': 'True', 'cache_selected_only': 'False', 'log_cache_events': 'False', 'maximum_seed_size_mib': '1', 'invocation_command': 'dbt run --profiles-dir .', 'use_colors': 'True', 'static_parser': 'True', 'empty': 'False', 'use_experimental_parser': 'False'}
[0m14:34:21.357675 [debug] [MainThread]: Sending event: {'category': 'dbt', 'action': 'project_id', 'label': 'e642189f-3746-41e6-bb11-dbbc0191967d', 'context': [<snowplow_tracker.self_describing_json.SelfDescribingJson object at 0x7f3006ceffa0>]}
[0m14:34:21.489562 [debug] [MainThread]: Sending event: {'category': 'dbt', 'action': 'adapter_info', 'label': 'e642189f-3746-41e6-bb11-dbbc0191967d', 'context': [<snowplow_tracker.self_describing_json.SelfDescribingJson object at 0x7f3008118730>]}
[0m14:34:21.491887 [info ] [MainThread]: Registered adapter: duckdb=1.11.0
[0m14:34:21.600739 [debug] [MainThread]: checksum: b861a166531065e3c88725a98b0b572675172303180a874f2753e38be84b4181, vars: {}, profile: news_warehouse, target: dev, version: 1.12.5
[0m14:34:21.788845 [debug] [MainThread]: Partial parsing enabled: 0 files deleted, 0 files added, 0 files changed.
[0m14:34:21.789399 [debug] [MainThread]: Nothing changed, skipping partial parsing.
[0m14:34:21.789876 [debug] [MainThread]: Partial parsing enabled, no changes found, skipping parsing
[0m14:34:21.803332 [debug] [MainThread]: Sending event: {'category': 'dbt', 'action': 'load_project', 'label': 'e642189f-3746-41e6-bb11-dbbc0191967d', 'context': [<snowplow_tracker.self_describing_json.SelfDescribingJson object at 0x7f2ffe9280d0>]}
[0m14:34:22.017086 [debug] [MainThread]: Wrote artifact WritableManifest to /home/runner/work/Multilingual-News-Sentiment-Entity-Analysis-Pipeline/Multilingual-News-Sentiment-Entity-Analysis-Pipeline/dbt_project/target/manifest.json
[0m14:34:22.020283 [debug] [MainThread]: Wrote artifact SemanticManifest to /home/runner/work/Multilingual-News-Sentiment-Entity-Analysis-Pipeline/Multilingual-News-Sentiment-Entity-Analysis-Pipeline/dbt_project/target/semantic_manifest.json
[0m14:34:22.033739 [debug] [MainThread]: Wrote artifact OsiDocument to /home/runner/work/Multilingual-News-Sentiment-Entity-Analysis-Pipeline/Multilingual-News-Sentiment-Entity-Analysis-Pipeline/dbt_project/target/osi_document.json
[0m14:34:22.052740 [debug] [MainThread]: Sending event: {'category': 'dbt', 'action': 'resource_counts', 'label': 'e642189f-3746-41e6-bb11-dbbc0191967d', 'context': [<snowplow_tracker.self_describing_json.SelfDescribingJson object at 0x7f2ffe92beb0>]}
[0m14:34:22.053481 [info ] [MainThread]: Found 7 models, 8 data tests, 5 sources, 500 macros
[0m14:34:22.054028 [debug] [MainThread]: Sending event: {'category': 'dbt', 'action': 'runnable_timing', 'label': 'e642189f-3746-41e6-bb11-dbbc0191967d', 'context': [<snowplow_tracker.self_describing_json.SelfDescribingJson object at 0x7f2ffe92aec0>]}
[0m14:34:22.056251 [info ] [MainThread]: 
[0m14:34:22.056826 [info ] [MainThread]: Concurrency: 4 threads (target='dev')
[0m14:34:22.057335 [info ] [MainThread]: 
[0m14:34:22.058059 [debug] [MainThread]: Acquiring new duckdb connection 'master'
[0m14:34:22.064926 [debug] [ThreadPool]: Acquiring new duckdb connection 'list_warehouse'
[0m14:34:22.103016 [debug] [ThreadPool]: Using duckdb connection "list_warehouse"
[0m14:34:22.103595 [debug] [ThreadPool]: On list_warehouse: /* {"app": "dbt", "dbt_version": "1.12.5", "profile_name": "news_warehouse", "target_name": "dev", "connection_name": "list_warehouse"} */

    
    select schema_name
    from system.information_schema.schemata
    
    where lower(catalog_name) = '"warehouse"'
    
  
  
[0m14:34:22.104102 [debug] [ThreadPool]: Opening a new connection, currently in state init
[0m14:34:22.118954 [debug] [ThreadPool]: SQL status: OK in 0.015 seconds
[0m14:34:22.120424 [debug] [ThreadPool]: On list_warehouse: Close
[0m14:34:22.121387 [debug] [ThreadPool]: Re-using an available connection from the pool (formerly list_warehouse, now create_warehouse_main)
[0m14:34:22.122063 [debug] [ThreadPool]: Creating schema "database: "warehouse"
schema: "main"
"
[0m14:34:22.130873 [debug] [ThreadPool]: Using duckdb connection "create_warehouse_main"
[0m14:34:22.131455 [debug] [ThreadPool]: On create_warehouse_main: /* {"app": "dbt", "dbt_version": "1.12.5", "profile_name": "news_warehouse", "target_name": "dev", "connection_name": "create_warehouse_main"} */

    
        select type from duckdb_databases()
        where lower(database_name)='warehouse'
        and type != 'duckdb'
    
  
[0m14:34:22.131951 [debug] [ThreadPool]: Opening a new connection, currently in state closed
[0m14:34:22.133172 [debug] [ThreadPool]: SQL status: OK in 0.001 seconds
[0m14:34:22.134576 [debug] [ThreadPool]: Using duckdb connection "create_warehouse_main"
[0m14:34:22.135074 [debug] [ThreadPool]: On create_warehouse_main: BEGIN
[0m14:34:22.135854 [debug] [ThreadPool]: SQL status: OK in 0.000 seconds
[0m14:34:22.136485 [debug] [ThreadPool]: Using duckdb connection "create_warehouse_main"
[0m14:34:22.136986 [debug] [ThreadPool]: On create_warehouse_main: /* {"app": "dbt", "dbt_version": "1.12.5", "profile_name": "news_warehouse", "target_name": "dev", "connection_name": "create_warehouse_main"} */

    
    
        create schema if not exists "warehouse"."main"
    
[0m14:34:22.137785 [debug] [ThreadPool]: SQL status: OK in 0.000 seconds
[0m14:34:22.138798 [debug] [ThreadPool]: On create_warehouse_main: COMMIT
[0m14:34:22.139317 [debug] [ThreadPool]: Using duckdb connection "create_warehouse_main"
[0m14:34:22.139856 [debug] [ThreadPool]: On create_warehouse_main: COMMIT
[0m14:34:22.140633 [debug] [ThreadPool]: SQL status: OK in 0.000 seconds
[0m14:34:22.141154 [debug] [ThreadPool]: On create_warehouse_main: Close
[0m14:34:22.143033 [debug] [ThreadPool]: Re-using an available connection from the pool (formerly create_warehouse_main, now list_warehouse_main)
[0m14:34:22.148560 [debug] [ThreadPool]: Using duckdb connection "list_warehouse_main"
[0m14:34:22.149082 [debug] [ThreadPool]: On list_warehouse_main: BEGIN
[0m14:34:22.149580 [debug] [ThreadPool]: Opening a new connection, currently in state closed
[0m14:34:22.150303 [debug] [ThreadPool]: SQL status: OK in 0.001 seconds
[0m14:34:22.150976 [debug] [ThreadPool]: Using duckdb connection "list_warehouse_main"
[0m14:34:22.151510 [debug] [ThreadPool]: On list_warehouse_main: /* {"app": "dbt", "dbt_version": "1.12.5", "profile_name": "news_warehouse", "target_name": "dev", "connection_name": "list_warehouse_main"} */
select
      'warehouse' as database,
      table_name as name,
      table_schema as schema,
      CASE table_type
        WHEN 'BASE TABLE' THEN 'table'
        WHEN 'VIEW' THEN 'view'
        WHEN 'LOCAL TEMPORARY' THEN 'table'
        END as type
    from system.information_schema.tables
    where lower(table_schema) = 'main'
    and lower(table_catalog) = 'warehouse'
  
[0m14:34:22.154848 [debug] [ThreadPool]: SQL status: OK in 0.003 seconds
[0m14:34:22.156448 [debug] [ThreadPool]: On list_warehouse_main: ROLLBACK
[0m14:34:22.157143 [debug] [ThreadPool]: On list_warehouse_main: Close
[0m14:34:22.159973 [debug] [MainThread]: Sending event: {'category': 'dbt', 'action': 'runnable_timing', 'label': 'e642189f-3746-41e6-bb11-dbbc0191967d', 'context': [<snowplow_tracker.self_describing_json.SelfDescribingJson object at 0x7f3009dc6f50>]}
[0m14:34:22.160641 [debug] [MainThread]: Using duckdb connection "master"
[0m14:34:22.161140 [debug] [MainThread]: On master: BEGIN
[0m14:34:22.161647 [debug] [MainThread]: Opening a new connection, currently in state init
[0m14:34:22.162439 [debug] [MainThread]: SQL status: OK in 0.001 seconds
[0m14:34:22.162959 [debug] [MainThread]: On master: COMMIT
[0m14:34:22.163476 [debug] [MainThread]: Using duckdb connection "master"
[0m14:34:22.163966 [debug] [MainThread]: On master: COMMIT
[0m14:34:22.164666 [debug] [MainThread]: SQL status: OK in 0.000 seconds
[0m14:34:22.165291 [debug] [MainThread]: On master: Close
[0m14:34:22.171252 [debug] [Thread-1 (]: Began running node model.news_warehouse.dim_entity_summary
[0m14:34:22.171919 [debug] [Thread-2 (]: Began running node model.news_warehouse.stg_articles
[0m14:34:22.172669 [info ] [Thread-1 (]: 1 of 7 START sql table model main.dim_entity_summary ........................... [RUN]
[0m14:34:22.173485 [info ] [Thread-2 (]: 2 of 7 START sql view model main.stg_articles .................................. [RUN]
[0m14:34:22.174156 [debug] [Thread-3 (]: Began running node model.news_warehouse.stg_entities
[0m14:34:22.174934 [debug] [Thread-4 (]: Began running node model.news_warehouse.stg_headlines
[0m14:34:22.175629 [debug] [Thread-1 (]: Re-using an available connection from the pool (formerly list_warehouse_main, now model.news_warehouse.dim_entity_summary)
[0m14:34:22.176406 [debug] [Thread-2 (]: Acquiring new duckdb connection 'model.news_warehouse.stg_articles'
[0m14:34:22.177134 [info ] [Thread-3 (]: 3 of 7 START sql view model main.stg_entities .................................. [RUN]
[0m14:34:22.177962 [info ] [Thread-4 (]: 4 of 7 START sql view model main.stg_headlines ................................. [RUN]
[0m14:34:22.178728 [debug] [Thread-1 (]: Began compiling node model.news_warehouse.dim_entity_summary
[0m14:34:22.179456 [debug] [Thread-2 (]: Began compiling node model.news_warehouse.stg_articles
[0m14:34:22.180199 [debug] [Thread-3 (]: Acquiring new duckdb connection 'model.news_warehouse.stg_entities'
[0m14:34:22.180985 [debug] [Thread-4 (]: Acquiring new duckdb connection 'model.news_warehouse.stg_headlines'
[0m14:34:22.188754 [debug] [Thread-1 (]: Writing injected SQL for node "model.news_warehouse.dim_entity_summary"
[0m14:34:22.190956 [debug] [Thread-2 (]: Writing injected SQL for node "model.news_warehouse.stg_articles"
[0m14:34:22.191638 [debug] [Thread-3 (]: Began compiling node model.news_warehouse.stg_entities
[0m14:34:22.192325 [debug] [Thread-4 (]: Began compiling node model.news_warehouse.stg_headlines
[0m14:34:22.195438 [debug] [Thread-3 (]: Writing injected SQL for node "model.news_warehouse.stg_entities"
[0m14:34:22.198898 [debug] [Thread-4 (]: Writing injected SQL for node "model.news_warehouse.stg_headlines"
[0m14:34:22.199576 [debug] [Thread-1 (]: Began executing node model.news_warehouse.dim_entity_summary
[0m14:34:22.200486 [debug] [Thread-2 (]: Began executing node model.news_warehouse.stg_articles
[0m14:34:22.211516 [debug] [Thread-3 (]: Began executing node model.news_warehouse.stg_entities
[0m14:34:22.223665 [debug] [Thread-4 (]: Began executing node model.news_warehouse.stg_headlines
[0m14:34:22.291160 [debug] [Thread-2 (]: Writing runtime sql for node "model.news_warehouse.stg_articles"
[0m14:34:22.293529 [debug] [Thread-3 (]: Writing runtime sql for node "model.news_warehouse.stg_entities"
[0m14:34:22.303163 [debug] [Thread-1 (]: Writing runtime sql for node "model.news_warehouse.dim_entity_summary"
[0m14:34:22.307514 [debug] [Thread-4 (]: Writing runtime sql for node "model.news_warehouse.stg_headlines"
[0m14:34:22.308933 [debug] [Thread-3 (]: Using duckdb connection "model.news_warehouse.stg_entities"
[0m14:34:22.309851 [debug] [Thread-2 (]: Using duckdb connection "model.news_warehouse.stg_articles"
[0m14:34:22.310576 [debug] [Thread-1 (]: Using duckdb connection "model.news_warehouse.dim_entity_summary"
[0m14:34:22.311196 [debug] [Thread-3 (]: On model.news_warehouse.stg_entities: BEGIN
[0m14:34:22.311858 [debug] [Thread-2 (]: On model.news_warehouse.stg_articles: BEGIN
[0m14:34:22.312492 [debug] [Thread-4 (]: Using duckdb connection "model.news_warehouse.stg_headlines"
[0m14:34:22.313118 [debug] [Thread-1 (]: On model.news_warehouse.dim_entity_summary: BEGIN
[0m14:34:22.313759 [debug] [Thread-3 (]: Opening a new connection, currently in state init
[0m14:34:22.314355 [debug] [Thread-2 (]: Opening a new connection, currently in state init
[0m14:34:22.314989 [debug] [Thread-4 (]: On model.news_warehouse.stg_headlines: BEGIN
[0m14:34:22.315618 [debug] [Thread-1 (]: Opening a new connection, currently in state closed
[0m14:34:22.316706 [debug] [Thread-3 (]: SQL status: OK in 0.003 seconds
[0m14:34:22.317277 [debug] [Thread-4 (]: Opening a new connection, currently in state init
[0m14:34:22.317938 [debug] [Thread-2 (]: SQL status: OK in 0.004 seconds
[0m14:34:22.318790 [debug] [Thread-3 (]: Using duckdb connection "model.news_warehouse.stg_entities"
[0m14:34:22.319773 [debug] [Thread-2 (]: Using duckdb connection "model.news_warehouse.stg_articles"
[0m14:34:22.320388 [debug] [Thread-1 (]: SQL status: OK in 0.005 seconds
[0m14:34:22.321039 [debug] [Thread-3 (]: On model.news_warehouse.stg_entities: /* {"app": "dbt", "dbt_version": "1.12.5", "profile_name": "news_warehouse", "target_name": "dev", "node_id": "model.news_warehouse.stg_entities"} */

  
  create view "warehouse"."main"."stg_entities__dbt_tmp" as (
    -- stg_entities.sql
-- Mapping dim_entity and bridge_article_entity back to the 'stg_entities' expected by entity_trend.sql



SELECT
    de.entity_text as Entity_Name,
    de.entity_label as Entity_Label,
    bae.article_key as Headline_ID
FROM "warehouse"."main"."dim_entity" de
JOIN "warehouse"."main"."bridge_article_entity" bae ON de.entity_key = bae.entity_key
  );

[0m14:34:22.321687 [debug] [Thread-4 (]: SQL status: OK in 0.004 seconds
[0m14:34:22.322336 [debug] [Thread-2 (]: On model.news_warehouse.stg_articles: /* {"app": "dbt", "dbt_version": "1.12.5", "profile_name": "news_warehouse", "target_name": "dev", "node_id": "model.news_warehouse.stg_articles"} */

  
  create view "warehouse"."main"."stg_articles__dbt_tmp" as (
    -- stg_articles.sql
-- Staging model: joins fact_articles with dimension tables to produce
-- a clean, denormalized view of all articles for downstream analytics.



SELECT
    fa.article_key,
    fa.original_headline,
    fa.translated_headline,
    fa.polarity,
    fa.sentiment_label,

    -- Source dimension
    ds.source_name,
    ds.language_code,
    ds.region,
    ds.base_url,

    -- Date dimension
    dd.full_date       AS scrape_date,
    dd.day,
    dd.month,
    dd.year,
    dd.day_of_week,
    dd.week_of_year,
    dd.quarter,
    dd.is_weekend,

    -- Computed fields
    LENGTH(fa.translated_headline) AS headline_length,
    CASE
        WHEN fa.polarity > 0.05  THEN 'positive'
        WHEN fa.polarity < -0.05 THEN 'negative'
        ELSE 'neutral'
    END AS polarity_bucket

FROM fact_articles fa
LEFT JOIN dim_source ds ON fa.source_key = ds.source_key
LEFT JOIN dim_date dd   ON fa.date_key = dd.date_key
  );

[0m14:34:22.323017 [debug] [Thread-1 (]: Using duckdb connection "model.news_warehouse.dim_entity_summary"
[0m14:34:22.323832 [debug] [Thread-4 (]: Using duckdb connection "model.news_warehouse.stg_headlines"
[0m14:34:22.324556 [debug] [Thread-3 (]: SQL status: OK in 0.001 seconds
[0m14:34:22.325429 [debug] [Thread-1 (]: On model.news_warehouse.dim_entity_summary: /* {"app": "dbt", "dbt_version": "1.12.5", "profile_name": "news_warehouse", "target_name": "dev", "node_id": "model.news_warehouse.dim_entity_summary"} */

    

    create  table
      "warehouse"."main"."dim_entity_summary__dbt_tmp"
  
    
    as (
      -- dim_entity_summary.sql
-- Mart model: entity frequency analysis with sentiment correlation.
-- Shows which entities appear most and their average sentiment context.



WITH entity_articles AS (
    SELECT
        de.entity_key,
        de.entity_text,
        de.entity_label,
        fa.article_key,
        fa.polarity,
        fa.sentiment_label,
        ds.source_name,
        dd.full_date AS scrape_date
    FROM bridge_article_entity bae
    JOIN dim_entity de       ON bae.entity_key = de.entity_key
    JOIN fact_articles fa     ON bae.article_key = fa.article_key
    LEFT JOIN dim_source ds   ON fa.source_key = ds.source_key
    LEFT JOIN dim_date dd     ON fa.date_key = dd.date_key
)

SELECT
    entity_text,
    entity_label,

    -- Frequency
    COUNT(DISTINCT article_key)                  AS article_count,
    COUNT(DISTINCT source_name)                  AS source_count,
    COUNT(DISTINCT scrape_date)                  AS days_active,

    -- Sentiment correlation
    ROUND(AVG(polarity), 4)                      AS avg_polarity,
    ROUND(STDDEV(polarity), 4)                   AS stddev_polarity,

    -- Sentiment distribution
    COUNT(CASE WHEN polarity > 0.05  THEN 1 END) AS positive_mentions,
    COUNT(CASE WHEN polarity < -0.05 THEN 1 END) AS negative_mentions,
    COUNT(CASE WHEN polarity BETWEEN -0.05 AND 0.05 THEN 1 END) AS neutral_mentions,

    -- Source spread
    LISTAGG(DISTINCT source_name, ', ')           AS mentioned_in_sources,

    -- Recency
    MAX(scrape_date)                              AS last_seen,
    MIN(scrape_date)                              AS first_seen

FROM entity_articles
GROUP BY entity_text, entity_label
HAVING COUNT(DISTINCT article_key) >= 2
ORDER BY article_count DESC
    );
    
  
[0m14:34:22.326208 [debug] [Thread-2 (]: SQL status: OK in 0.001 seconds
[0m14:34:22.326875 [debug] [Thread-4 (]: On model.news_warehouse.stg_headlines: /* {"app": "dbt", "dbt_version": "1.12.5", "profile_name": "news_warehouse", "target_name": "dev", "node_id": "model.news_warehouse.stg_headlines"} */

  
  create view "warehouse"."main"."stg_headlines__dbt_tmp" as (
    -- stg_headlines.sql
-- Mapping fact_articles to the 'stg_headlines' expected by marks/entity_trend.sql



SELECT
    fa.article_key as Headline_ID,
    ds.source_name as Source_Name,
    fa.translated_headline,
    fa.polarity,
    fa.sentiment_label,
    dd.full_date as Date_Extracted
FROM "warehouse"."main"."fact_articles" fa
JOIN "warehouse"."main"."dim_date" dd ON fa.date_key = dd.date_key
JOIN "warehouse"."main"."dim_source" ds ON fa.source_key = ds.source_key
  );

[0m14:34:22.333090 [debug] [Thread-3 (]: Using duckdb connection "model.news_warehouse.stg_entities"
[0m14:34:22.336989 [debug] [Thread-2 (]: Using duckdb connection "model.news_warehouse.stg_articles"
[0m14:34:22.338153 [debug] [Thread-3 (]: On model.news_warehouse.stg_entities: /* {"app": "dbt", "dbt_version": "1.12.5", "profile_name": "news_warehouse", "target_name": "dev", "node_id": "model.news_warehouse.stg_entities"} */
alter view "warehouse"."main"."stg_entities" rename to "stg_entities__dbt_backup"
[0m14:34:22.339700 [debug] [Thread-2 (]: On model.news_warehouse.stg_articles: /* {"app": "dbt", "dbt_version": "1.12.5", "profile_name": "news_warehouse", "target_name": "dev", "node_id": "model.news_warehouse.stg_articles"} */
alter view "warehouse"."main"."stg_articles" rename to "stg_articles__dbt_backup"
[0m14:34:22.340708 [debug] [Thread-4 (]: SQL status: OK in 0.003 seconds
[0m14:34:22.342262 [debug] [Thread-2 (]: SQL status: OK in 0.000 seconds
[0m14:34:22.346488 [debug] [Thread-4 (]: Using duckdb connection "model.news_warehouse.stg_headlines"
[0m14:34:22.347343 [debug] [Thread-3 (]: SQL status: OK in 0.006 seconds
[0m14:34:22.351402 [debug] [Thread-2 (]: Using duckdb connection "model.news_warehouse.stg_articles"
[0m14:34:22.352461 [debug] [Thread-4 (]: On model.news_warehouse.stg_headlines: /* {"app": "dbt", "dbt_version": "1.12.5", "profile_name": "news_warehouse", "target_name": "dev", "node_id": "model.news_warehouse.stg_headlines"} */
alter view "warehouse"."main"."stg_headlines" rename to "stg_headlines__dbt_backup"
[0m14:34:22.356331 [debug] [Thread-3 (]: Using duckdb connection "model.news_warehouse.stg_entities"
[0m14:34:22.357282 [debug] [Thread-2 (]: On model.news_warehouse.stg_articles: /* {"app": "dbt", "dbt_version": "1.12.5", "profile_name": "news_warehouse", "target_name": "dev", "node_id": "model.news_warehouse.stg_articles"} */
alter view "warehouse"."main"."stg_articles__dbt_tmp" rename to "stg_articles"
[0m14:34:22.358587 [debug] [Thread-3 (]: On model.news_warehouse.stg_entities: /* {"app": "dbt", "dbt_version": "1.12.5", "profile_name": "news_warehouse", "target_name": "dev", "node_id": "model.news_warehouse.stg_entities"} */
alter view "warehouse"."main"."stg_entities__dbt_tmp" rename to "stg_entities"
[0m14:34:22.360216 [debug] [Thread-2 (]: SQL status: OK in 0.001 seconds
[0m14:34:22.366231 [debug] [Thread-4 (]: SQL status: OK in 0.008 seconds
[0m14:34:22.377291 [debug] [Thread-3 (]: SQL status: OK in 0.017 seconds
[0m14:34:22.386561 [debug] [Thread-4 (]: Using duckdb connection "model.news_warehouse.stg_headlines"
[0m14:34:22.392967 [debug] [Thread-2 (]: On model.news_warehouse.stg_articles: COMMIT
[0m14:34:22.396986 [debug] [Thread-3 (]: On model.news_warehouse.stg_entities: COMMIT
[0m14:34:22.397970 [debug] [Thread-4 (]: On model.news_warehouse.stg_headlines: /* {"app": "dbt", "dbt_version": "1.12.5", "profile_name": "news_warehouse", "target_name": "dev", "node_id": "model.news_warehouse.stg_headlines"} */
alter view "warehouse"."main"."stg_headlines__dbt_tmp" rename to "stg_headlines"
[0m14:34:22.398940 [debug] [Thread-2 (]: Using duckdb connection "model.news_warehouse.stg_articles"
[0m14:34:22.399904 [debug] [Thread-3 (]: Using duckdb connection "model.news_warehouse.stg_entities"
[0m14:34:22.400985 [debug] [Thread-2 (]: On model.news_warehouse.stg_articles: COMMIT
[0m14:34:22.401882 [debug] [Thread-4 (]: SQL status: OK in 0.001 seconds
[0m14:34:22.402486 [debug] [Thread-3 (]: On model.news_warehouse.stg_entities: COMMIT
[0m14:34:22.405877 [debug] [Thread-4 (]: On model.news_warehouse.stg_headlines: COMMIT
[0m14:34:22.408421 [debug] [Thread-4 (]: Using duckdb connection "model.news_warehouse.stg_headlines"
[0m14:34:22.409422 [debug] [Thread-4 (]: On model.news_warehouse.stg_headlines: COMMIT
[0m14:34:22.407049 [debug] [Thread-2 (]: SQL status: OK in 0.004 seconds
[0m14:34:22.420686 [debug] [Thread-3 (]: SQL status: OK in 0.013 seconds
[0m14:34:22.428946 [debug] [Thread-2 (]: Using duckdb connection "model.news_warehouse.stg_articles"
[0m14:34:22.429608 [debug] [Thread-4 (]: SQL status: OK in 0.019 seconds
[0m14:34:22.428210 [debug] [Thread-3 (]: Using duckdb connection "model.news_warehouse.stg_entities"
[0m14:34:22.433579 [debug] [Thread-3 (]: On model.news_warehouse.stg_entities: /* {"app": "dbt", "dbt_version": "1.12.5", "profile_name": "news_warehouse", "target_name": "dev", "node_id": "model.news_warehouse.stg_entities"} */

      drop view if exists "warehouse"."main"."stg_entities__dbt_backup" cascade
    
[0m14:34:22.432925 [debug] [Thread-4 (]: Using duckdb connection "model.news_warehouse.stg_headlines"
[0m14:34:22.430546 [debug] [Thread-2 (]: On model.news_warehouse.stg_articles: /* {"app": "dbt", "dbt_version": "1.12.5", "profile_name": "news_warehouse", "target_name": "dev", "node_id": "model.news_warehouse.stg_articles"} */

      drop view if exists "warehouse"."main"."stg_articles__dbt_backup" cascade
    
[0m14:34:22.434389 [debug] [Thread-1 (]: SQL status: OK in 0.101 seconds
[0m14:34:22.435141 [debug] [Thread-4 (]: On model.news_warehouse.stg_headlines: /* {"app": "dbt", "dbt_version": "1.12.5", "profile_name": "news_warehouse", "target_name": "dev", "node_id": "model.news_warehouse.stg_headlines"} */

      drop view if exists "warehouse"."main"."stg_headlines__dbt_backup" cascade
    
[0m14:34:22.435832 [debug] [Thread-3 (]: SQL status: OK in 0.002 seconds
[0m14:34:22.441778 [debug] [Thread-1 (]: Using duckdb connection "model.news_warehouse.dim_entity_summary"
[0m14:34:22.442665 [debug] [Thread-2 (]: SQL status: OK in 0.006 seconds
[0m14:34:22.445782 [debug] [Thread-3 (]: On model.news_warehouse.stg_entities: Close
[0m14:34:22.446508 [debug] [Thread-1 (]: On model.news_warehouse.dim_entity_summary: /* {"app": "dbt", "dbt_version": "1.12.5", "profile_name": "news_warehouse", "target_name": "dev", "node_id": "model.news_warehouse.dim_entity_summary"} */

    SELECT index_name
    FROM duckdb_indexes()
    WHERE database_name = 'warehouse'
      AND schema_name = 'main'
      AND table_name = 'dim_entity_summary'
  
[0m14:34:22.447190 [debug] [Thread-4 (]: SQL status: OK in 0.005 seconds
[0m14:34:22.448825 [debug] [Thread-2 (]: On model.news_warehouse.stg_articles: Close
[0m14:34:22.452788 [debug] [Thread-4 (]: On model.news_warehouse.stg_headlines: Close
[0m14:34:22.453608 [debug] [Thread-1 (]: SQL status: OK in 0.002 seconds
[0m14:34:22.454654 [debug] [Thread-3 (]: Sending event: {'category': 'dbt', 'action': 'run_model', 'label': 'e642189f-3746-41e6-bb11-dbbc0191967d', 'context': [<snowplow_tracker.self_describing_json.SelfDescribingJson object at 0x7f3009c51d50>]}
[0m14:34:22.455551 [debug] [Thread-4 (]: Sending event: {'category': 'dbt', 'action': 'run_model', 'label': 'e642189f-3746-41e6-bb11-dbbc0191967d', 'context': [<snowplow_tracker.self_describing_json.SelfDescribingJson object at 0x7f2fff722020>]}
[0m14:34:22.456095 [debug] [Thread-2 (]: Sending event: {'category': 'dbt', 'action': 'run_model', 'label': 'e642189f-3746-41e6-bb11-dbbc0191967d', 'context': [<snowplow_tracker.self_describing_json.SelfDescribingJson object at 0x7f2fff79e0b0>]}
[0m14:34:22.458935 [debug] [Thread-1 (]: Using duckdb connection "model.news_warehouse.dim_entity_summary"
[0m14:34:22.459842 [info ] [Thread-3 (]: 3 of 7 OK created sql view model main.stg_entities ............................. [[32mOK[0m in 0.27s]
[0m14:34:22.460834 [info ] [Thread-4 (]: 4 of 7 OK created sql view model main.stg_headlines ............................ [[32mOK[0m in 0.27s]
[0m14:34:22.461770 [info ] [Thread-2 (]: 2 of 7 OK created sql view model main.stg_articles ............................. [[32mOK[0m in 0.28s]
[0m14:34:22.462517 [debug] [Thread-1 (]: On model.news_warehouse.dim_entity_summary: /* {"app": "dbt", "dbt_version": "1.12.5", "profile_name": "news_warehouse", "target_name": "dev", "node_id": "model.news_warehouse.dim_entity_summary"} */
alter table "warehouse"."main"."dim_entity_summary" rename to "dim_entity_summary__dbt_backup"
[0m14:34:22.463351 [debug] [Thread-3 (]: Finished running node model.news_warehouse.stg_entities
[0m14:34:22.464194 [debug] [Thread-4 (]: Finished running node model.news_warehouse.stg_headlines
[0m14:34:22.465016 [debug] [Thread-2 (]: Finished running node model.news_warehouse.stg_articles
[0m14:34:22.466218 [debug] [Thread-1 (]: SQL status: OK in 0.001 seconds
[0m14:34:22.468818 [debug] [Thread-1 (]: Using duckdb connection "model.news_warehouse.dim_entity_summary"
[0m14:34:22.469439 [debug] [Thread-1 (]: On model.news_warehouse.dim_entity_summary: /* {"app": "dbt", "dbt_version": "1.12.5", "profile_name": "news_warehouse", "target_name": "dev", "node_id": "model.news_warehouse.dim_entity_summary"} */
alter table "warehouse"."main"."dim_entity_summary__dbt_tmp" rename to "dim_entity_summary"
[0m14:34:22.470418 [debug] [Thread-3 (]: Began running node model.news_warehouse.entity_trend
[0m14:34:22.471192 [info ] [Thread-3 (]: 5 of 7 START sql table model main.entity_trend ................................. [RUN]
[0m14:34:22.471897 [debug] [Thread-4 (]: Began running node model.news_warehouse.fct_daily_sentiment
[0m14:34:22.472557 [debug] [Thread-2 (]: Began running node model.news_warehouse.weekly_source_comparison
[0m14:34:22.473215 [debug] [Thread-3 (]: Re-using an available connection from the pool (formerly model.news_warehouse.stg_entities, now model.news_warehouse.entity_trend)
[0m14:34:22.473913 [debug] [Thread-1 (]: SQL status: OK in 0.004 seconds
[0m14:34:22.474855 [info ] [Thread-4 (]: 6 of 7 START sql table model main.fct_daily_sentiment .......................... [RUN]
[0m14:34:22.475673 [info ] [Thread-2 (]: 7 of 7 START sql table model main.weekly_source_comparison ..................... [RUN]
[0m14:34:22.476411 [debug] [Thread-3 (]: Began compiling node model.news_warehouse.entity_trend
[0m14:34:22.483070 [debug] [Thread-1 (]: On model.news_warehouse.dim_entity_summary: COMMIT
[0m14:34:22.483762 [debug] [Thread-4 (]: Re-using an available connection from the pool (formerly model.news_warehouse.stg_headlines, now model.news_warehouse.fct_daily_sentiment)
[0m14:34:22.484473 [debug] [Thread-2 (]: Re-using an available connection from the pool (formerly model.news_warehouse.stg_articles, now model.news_warehouse.weekly_source_comparison)
[0m14:34:22.487149 [debug] [Thread-3 (]: Writing injected SQL for node "model.news_warehouse.entity_trend"
[0m14:34:22.487836 [debug] [Thread-1 (]: Using duckdb connection "model.news_warehouse.dim_entity_summary"
[0m14:34:22.488535 [debug] [Thread-4 (]: Began compiling node model.news_warehouse.fct_daily_sentiment
[0m14:34:22.489153 [debug] [Thread-2 (]: Began compiling node model.news_warehouse.weekly_source_comparison
[0m14:34:22.489964 [debug] [Thread-1 (]: On model.news_warehouse.dim_entity_summary: COMMIT
[0m14:34:22.492647 [debug] [Thread-4 (]: Writing injected SQL for node "model.news_warehouse.fct_daily_sentiment"
[0m14:34:22.493383 [debug] [Thread-3 (]: Began executing node model.news_warehouse.entity_trend
[0m14:34:22.495629 [debug] [Thread-2 (]: Writing injected SQL for node "model.news_warehouse.weekly_source_comparison"
[0m14:34:22.501886 [debug] [Thread-3 (]: Writing runtime sql for node "model.news_warehouse.entity_trend"
[0m14:34:22.502813 [debug] [Thread-1 (]: SQL status: OK in 0.006 seconds
[0m14:34:22.504947 [debug] [Thread-1 (]: Using duckdb connection "model.news_warehouse.dim_entity_summary"
[0m14:34:22.505652 [debug] [Thread-1 (]: On model.news_warehouse.dim_entity_summary: /* {"app": "dbt", "dbt_version": "1.12.5", "profile_name": "news_warehouse", "target_name": "dev", "node_id": "model.news_warehouse.dim_entity_summary"} */

      drop table if exists "warehouse"."main"."dim_entity_summary__dbt_backup" cascade
    
[0m14:34:22.506512 [debug] [Thread-4 (]: Began executing node model.news_warehouse.fct_daily_sentiment
[0m14:34:22.507118 [debug] [Thread-2 (]: Began executing node model.news_warehouse.weekly_source_comparison
[0m14:34:22.507960 [debug] [Thread-3 (]: Using duckdb connection "model.news_warehouse.entity_trend"
[0m14:34:22.512423 [debug] [Thread-4 (]: Writing runtime sql for node "model.news_warehouse.fct_daily_sentiment"
[0m14:34:22.513044 [debug] [Thread-1 (]: SQL status: OK in 0.005 seconds
[0m14:34:22.517230 [debug] [Thread-2 (]: Writing runtime sql for node "model.news_warehouse.weekly_source_comparison"
[0m14:34:22.517923 [debug] [Thread-3 (]: On model.news_warehouse.entity_trend: BEGIN
[0m14:34:22.519757 [debug] [Thread-1 (]: On model.news_warehouse.dim_entity_summary: Close
[0m14:34:22.520566 [debug] [Thread-3 (]: Opening a new connection, currently in state closed
[0m14:34:22.521472 [debug] [Thread-4 (]: Using duckdb connection "model.news_warehouse.fct_daily_sentiment"
[0m14:34:22.522489 [debug] [Thread-4 (]: On model.news_warehouse.fct_daily_sentiment: BEGIN
[0m14:34:22.523128 [debug] [Thread-4 (]: Opening a new connection, currently in state closed
[0m14:34:22.523842 [debug] [Thread-2 (]: Using duckdb connection "model.news_warehouse.weekly_source_comparison"
[0m14:34:22.524639 [debug] [Thread-1 (]: Sending event: {'category': 'dbt', 'action': 'run_model', 'label': 'e642189f-3746-41e6-bb11-dbbc0191967d', 'context': [<snowplow_tracker.self_describing_json.SelfDescribingJson object at 0x7f2ffc080b80>]}
[0m14:34:22.525448 [debug] [Thread-2 (]: On model.news_warehouse.weekly_source_comparison: BEGIN
[0m14:34:22.526025 [debug] [Thread-3 (]: SQL status: OK in 0.005 seconds
[0m14:34:22.526930 [info ] [Thread-1 (]: 1 of 7 OK created sql table model main.dim_entity_summary ...................... [[32mOK[0m in 0.35s]
[0m14:34:22.527600 [debug] [Thread-4 (]: SQL status: OK in 0.004 seconds
[0m14:34:22.528211 [debug] [Thread-2 (]: Opening a new connection, currently in state closed
[0m14:34:22.528850 [debug] [Thread-3 (]: Using duckdb connection "model.news_warehouse.entity_trend"
[0m14:34:22.529657 [debug] [Thread-1 (]: Finished running node model.news_warehouse.dim_entity_summary
[0m14:34:22.530254 [debug] [Thread-4 (]: Using duckdb connection "model.news_warehouse.fct_daily_sentiment"
[0m14:34:22.531097 [debug] [Thread-3 (]: On model.news_warehouse.entity_trend: /* {"app": "dbt", "dbt_version": "1.12.5", "profile_name": "news_warehouse", "target_name": "dev", "node_id": "model.news_warehouse.entity_trend"} */

    

    create  table
      "warehouse"."main"."entity_trend__dbt_tmp"
  
    
    as (
      

WITH entity_weekly AS (
    SELECT
        e.Entity_Name,
        e.Entity_Label,
        DATE_TRUNC('week', CAST(h.Date_Extracted AS DATE)) AS week_start,
        COUNT(*) as mention_count
    FROM "warehouse"."main"."stg_entities" e
    JOIN "warehouse"."main"."stg_headlines" h ON e.Headline_ID = h.Headline_ID
    GROUP BY e.Entity_Name, e.Entity_Label, DATE_TRUNC('week', CAST(h.Date_Extracted AS DATE))
)

SELECT
    curr.Entity_Name,
    curr.Entity_Label,
    curr.week_start,
    curr.mention_count as current_mentions,
    COALESCE(prev.mention_count, 0) as previous_mentions,
    (curr.mention_count - COALESCE(prev.mention_count, 0)) as mention_diff
FROM entity_weekly curr
LEFT JOIN entity_weekly prev 
    ON curr.Entity_Name = prev.Entity_Name
    AND curr.week_start = prev.week_start + INTERVAL 7 DAY
ORDER BY curr.week_start DESC, curr.mention_count DESC
    );
    
  
[0m14:34:22.531758 [debug] [Thread-2 (]: SQL status: OK in 0.004 seconds
[0m14:34:22.532608 [debug] [Thread-4 (]: On model.news_warehouse.fct_daily_sentiment: /* {"app": "dbt", "dbt_version": "1.12.5", "profile_name": "news_warehouse", "target_name": "dev", "node_id": "model.news_warehouse.fct_daily_sentiment"} */

    

    create  table
      "warehouse"."main"."fct_daily_sentiment__dbt_tmp"
  
    
    as (
      -- fct_daily_sentiment.sql
-- Mart model: daily sentiment aggregation by source.
-- Powers the dashboard trend charts and weekly/monthly reports.



SELECT
    sa.scrape_date,
    sa.source_name,
    sa.region,
    sa.language_code,

    -- Measures
    COUNT(*)                                    AS headline_count,
    ROUND(AVG(sa.polarity), 4)                  AS avg_polarity,
    ROUND(STDDEV(sa.polarity), 4)               AS stddev_polarity,
    ROUND(MEDIAN(sa.polarity), 4)               AS median_polarity,
    MIN(sa.polarity)                            AS min_polarity,
    MAX(sa.polarity)                            AS max_polarity,

    -- Sentiment distribution
    COUNT(CASE WHEN sa.polarity_bucket = 'positive' THEN 1 END) AS positive_count,
    COUNT(CASE WHEN sa.polarity_bucket = 'neutral'  THEN 1 END) AS neutral_count,
    COUNT(CASE WHEN sa.polarity_bucket = 'negative' THEN 1 END) AS negative_count,

    -- Percentages
    ROUND(COUNT(CASE WHEN sa.polarity_bucket = 'positive' THEN 1 END) * 100.0 / COUNT(*), 1) AS positive_pct,
    ROUND(COUNT(CASE WHEN sa.polarity_bucket = 'negative' THEN 1 END) * 100.0 / COUNT(*), 1) AS negative_pct,

    -- Date dimensions
    sa.day_of_week,
    sa.week_of_year,
    sa.month,
    sa.year,
    sa.quarter,
    sa.is_weekend

FROM "warehouse"."main"."stg_articles" sa
WHERE sa.scrape_date IS NOT NULL
GROUP BY
    sa.scrape_date, sa.source_name, sa.region, sa.language_code,
    sa.day_of_week, sa.week_of_year, sa.month, sa.year, sa.quarter, sa.is_weekend
ORDER BY sa.scrape_date DESC, sa.source_name
    );
    
  
[0m14:34:22.533644 [debug] [Thread-2 (]: Using duckdb connection "model.news_warehouse.weekly_source_comparison"
[0m14:34:22.535028 [debug] [Thread-2 (]: On model.news_warehouse.weekly_source_comparison: /* {"app": "dbt", "dbt_version": "1.12.5", "profile_name": "news_warehouse", "target_name": "dev", "node_id": "model.news_warehouse.weekly_source_comparison"} */

    

    create  table
      "warehouse"."main"."weekly_source_comparison__dbt_tmp"
  
    
    as (
      

WITH weekly_stats AS (
    SELECT
        Source_Name,
        DATE_TRUNC('week', CAST(Date_Extracted AS DATE)) AS week_start,
        COUNT(*) as headline_count,
        AVG(Polarity) as avg_sentiment
    FROM "warehouse"."main"."stg_headlines"
    GROUP BY Source_Name, DATE_TRUNC('week', CAST(Date_Extracted AS DATE))
)

SELECT
    curr.Source_Name,
    curr.week_start,
    curr.headline_count,
    curr.avg_sentiment as current_sentiment,
    prev.avg_sentiment as previous_sentiment,
    (curr.avg_sentiment - prev.avg_sentiment) as sentiment_shift
FROM weekly_stats curr
LEFT JOIN weekly_stats prev 
    ON curr.Source_Name = prev.Source_Name
    AND curr.week_start = prev.week_start + INTERVAL 7 DAY
ORDER BY curr.week_start DESC, curr.Source_Name
    );
    
  
[0m14:34:22.548574 [debug] [Thread-2 (]: SQL status: OK in 0.013 seconds
[0m14:34:22.550434 [debug] [Thread-2 (]: Using duckdb connection "model.news_warehouse.weekly_source_comparison"
[0m14:34:22.551776 [debug] [Thread-2 (]: On model.news_warehouse.weekly_source_comparison: /* {"app": "dbt", "dbt_version": "1.12.5", "profile_name": "news_warehouse", "target_name": "dev", "node_id": "model.news_warehouse.weekly_source_comparison"} */

    SELECT index_name
    FROM duckdb_indexes()
    WHERE database_name = 'warehouse'
      AND schema_name = 'main'
      AND table_name = 'weekly_source_comparison'
  
[0m14:34:22.552710 [debug] [Thread-4 (]: SQL status: OK in 0.018 seconds
[0m14:34:22.554345 [debug] [Thread-4 (]: Using duckdb connection "model.news_warehouse.fct_daily_sentiment"
[0m14:34:22.555010 [debug] [Thread-4 (]: On model.news_warehouse.fct_daily_sentiment: /* {"app": "dbt", "dbt_version": "1.12.5", "profile_name": "news_warehouse", "target_name": "dev", "node_id": "model.news_warehouse.fct_daily_sentiment"} */

    SELECT index_name
    FROM duckdb_indexes()
    WHERE database_name = 'warehouse'
      AND schema_name = 'main'
      AND table_name = 'fct_daily_sentiment'
  
[0m14:34:22.556326 [debug] [Thread-2 (]: SQL status: OK in 0.003 seconds
[0m14:34:22.560230 [debug] [Thread-2 (]: Using duckdb connection "model.news_warehouse.weekly_source_comparison"
[0m14:34:22.560935 [debug] [Thread-2 (]: On model.news_warehouse.weekly_source_comparison: /* {"app": "dbt", "dbt_version": "1.12.5", "profile_name": "news_warehouse", "target_name": "dev", "node_id": "model.news_warehouse.weekly_source_comparison"} */
alter table "warehouse"."main"."weekly_source_comparison" rename to "weekly_source_comparison__dbt_backup"
[0m14:34:22.562002 [debug] [Thread-4 (]: SQL status: OK in 0.006 seconds
[0m14:34:22.565157 [debug] [Thread-4 (]: Using duckdb connection "model.news_warehouse.fct_daily_sentiment"
[0m14:34:22.565830 [debug] [Thread-4 (]: On model.news_warehouse.fct_daily_sentiment: /* {"app": "dbt", "dbt_version": "1.12.5", "profile_name": "news_warehouse", "target_name": "dev", "node_id": "model.news_warehouse.fct_daily_sentiment"} */
alter table "warehouse"."main"."fct_daily_sentiment" rename to "fct_daily_sentiment__dbt_backup"
[0m14:34:22.566555 [debug] [Thread-2 (]: SQL status: OK in 0.005 seconds
[0m14:34:22.569344 [debug] [Thread-2 (]: Using duckdb connection "model.news_warehouse.weekly_source_comparison"
[0m14:34:22.570012 [debug] [Thread-2 (]: On model.news_warehouse.weekly_source_comparison: /* {"app": "dbt", "dbt_version": "1.12.5", "profile_name": "news_warehouse", "target_name": "dev", "node_id": "model.news_warehouse.weekly_source_comparison"} */
alter table "warehouse"."main"."weekly_source_comparison__dbt_tmp" rename to "weekly_source_comparison"
[0m14:34:22.570717 [debug] [Thread-3 (]: SQL status: OK in 0.037 seconds
[0m14:34:22.571297 [debug] [Thread-4 (]: SQL status: OK in 0.004 seconds
[0m14:34:22.572770 [debug] [Thread-3 (]: Using duckdb connection "model.news_warehouse.entity_trend"
[0m14:34:22.573435 [debug] [Thread-2 (]: SQL status: OK in 0.002 seconds
[0m14:34:22.576079 [debug] [Thread-4 (]: Using duckdb connection "model.news_warehouse.fct_daily_sentiment"
[0m14:34:22.576735 [debug] [Thread-3 (]: On model.news_warehouse.entity_trend: /* {"app": "dbt", "dbt_version": "1.12.5", "profile_name": "news_warehouse", "target_name": "dev", "node_id": "model.news_warehouse.entity_trend"} */

    SELECT index_name
    FROM duckdb_indexes()
    WHERE database_name = 'warehouse'
      AND schema_name = 'main'
      AND table_name = 'entity_trend'
  
[0m14:34:22.579762 [debug] [Thread-2 (]: On model.news_warehouse.weekly_source_comparison: COMMIT
[0m14:34:22.580462 [debug] [Thread-4 (]: On model.news_warehouse.fct_daily_sentiment: /* {"app": "dbt", "dbt_version": "1.12.5", "profile_name": "news_warehouse", "target_name": "dev", "node_id": "model.news_warehouse.fct_daily_sentiment"} */
alter table "warehouse"."main"."fct_daily_sentiment__dbt_tmp" rename to "fct_daily_sentiment"
[0m14:34:22.581251 [debug] [Thread-2 (]: Using duckdb connection "model.news_warehouse.weekly_source_comparison"
[0m14:34:22.582152 [debug] [Thread-3 (]: SQL status: OK in 0.001 seconds
[0m14:34:22.582863 [debug] [Thread-2 (]: On model.news_warehouse.weekly_source_comparison: COMMIT
[0m14:34:22.583549 [debug] [Thread-4 (]: SQL status: OK in 0.002 seconds
[0m14:34:22.586438 [debug] [Thread-3 (]: Using duckdb connection "model.news_warehouse.entity_trend"
[0m14:34:22.587129 [debug] [Thread-2 (]: SQL status: OK in 0.003 seconds
[0m14:34:22.590303 [debug] [Thread-4 (]: On model.news_warehouse.fct_daily_sentiment: COMMIT
[0m14:34:22.590992 [debug] [Thread-3 (]: On model.news_warehouse.entity_trend: /* {"app": "dbt", "dbt_version": "1.12.5", "profile_name": "news_warehouse", "target_name": "dev", "node_id": "model.news_warehouse.entity_trend"} */
alter table "warehouse"."main"."entity_trend" rename to "entity_trend__dbt_backup"
[0m14:34:22.593246 [debug] [Thread-2 (]: Using duckdb connection "model.news_warehouse.weekly_source_comparison"
[0m14:34:22.593894 [debug] [Thread-4 (]: Using duckdb connection "model.news_warehouse.fct_daily_sentiment"
[0m14:34:22.594712 [debug] [Thread-2 (]: On model.news_warehouse.weekly_source_comparison: /* {"app": "dbt", "dbt_version": "1.12.5", "profile_name": "news_warehouse", "target_name": "dev", "node_id": "model.news_warehouse.weekly_source_comparison"} */

      drop table if exists "warehouse"."main"."weekly_source_comparison__dbt_backup" cascade
    
[0m14:34:22.595346 [debug] [Thread-3 (]: SQL status: OK in 0.001 seconds
[0m14:34:22.595963 [debug] [Thread-4 (]: On model.news_warehouse.fct_daily_sentiment: COMMIT
[0m14:34:22.598700 [debug] [Thread-3 (]: Using duckdb connection "model.news_warehouse.entity_trend"
[0m14:34:22.599549 [debug] [Thread-3 (]: On model.news_warehouse.entity_trend: /* {"app": "dbt", "dbt_version": "1.12.5", "profile_name": "news_warehouse", "target_name": "dev", "node_id": "model.news_warehouse.entity_trend"} */
alter table "warehouse"."main"."entity_trend__dbt_tmp" rename to "entity_trend"
[0m14:34:22.600204 [debug] [Thread-2 (]: SQL status: OK in 0.004 seconds
[0m14:34:22.602080 [debug] [Thread-2 (]: On model.news_warehouse.weekly_source_comparison: Close
[0m14:34:22.602840 [debug] [Thread-4 (]: SQL status: OK in 0.003 seconds
[0m14:34:22.603689 [debug] [Thread-2 (]: Sending event: {'category': 'dbt', 'action': 'run_model', 'label': 'e642189f-3746-41e6-bb11-dbbc0191967d', 'context': [<snowplow_tracker.self_describing_json.SelfDescribingJson object at 0x7f2ffd4f8dc0>]}
[0m14:34:22.604301 [debug] [Thread-3 (]: SQL status: OK in 0.003 seconds
[0m14:34:22.606533 [debug] [Thread-4 (]: Using duckdb connection "model.news_warehouse.fct_daily_sentiment"
[0m14:34:22.607474 [info ] [Thread-2 (]: 7 of 7 OK created sql table model main.weekly_source_comparison ................ [[32mOK[0m in 0.12s]
[0m14:34:22.610477 [debug] [Thread-3 (]: On model.news_warehouse.entity_trend: COMMIT
[0m14:34:22.611093 [debug] [Thread-4 (]: On model.news_warehouse.fct_daily_sentiment: /* {"app": "dbt", "dbt_version": "1.12.5", "profile_name": "news_warehouse", "target_name": "dev", "node_id": "model.news_warehouse.fct_daily_sentiment"} */

      drop table if exists "warehouse"."main"."fct_daily_sentiment__dbt_backup" cascade
    
[0m14:34:22.611949 [debug] [Thread-2 (]: Finished running node model.news_warehouse.weekly_source_comparison
[0m14:34:22.612568 [debug] [Thread-3 (]: Using duckdb connection "model.news_warehouse.entity_trend"
[0m14:34:22.613583 [debug] [Thread-3 (]: On model.news_warehouse.entity_trend: COMMIT
[0m14:34:22.614957 [debug] [Thread-4 (]: SQL status: OK in 0.002 seconds
[0m14:34:22.616541 [debug] [Thread-4 (]: On model.news_warehouse.fct_daily_sentiment: Close
[0m14:34:22.617453 [debug] [Thread-4 (]: Sending event: {'category': 'dbt', 'action': 'run_model', 'label': 'e642189f-3746-41e6-bb11-dbbc0191967d', 'context': [<snowplow_tracker.self_describing_json.SelfDescribingJson object at 0x7f2ffe800100>]}
[0m14:34:22.618337 [info ] [Thread-4 (]: 6 of 7 OK created sql table model main.fct_daily_sentiment ..................... [[32mOK[0m in 0.13s]
[0m14:34:22.619256 [debug] [Thread-4 (]: Finished running node model.news_warehouse.fct_daily_sentiment
[0m14:34:22.620005 [debug] [Thread-3 (]: SQL status: OK in 0.006 seconds
[0m14:34:22.622037 [debug] [Thread-3 (]: Using duckdb connection "model.news_warehouse.entity_trend"
[0m14:34:22.622629 [debug] [Thread-3 (]: On model.news_warehouse.entity_trend: /* {"app": "dbt", "dbt_version": "1.12.5", "profile_name": "news_warehouse", "target_name": "dev", "node_id": "model.news_warehouse.entity_trend"} */

      drop table if exists "warehouse"."main"."entity_trend__dbt_backup" cascade
    
[0m14:34:22.623856 [debug] [Thread-3 (]: SQL status: OK in 0.001 seconds
[0m14:34:22.625356 [debug] [Thread-3 (]: On model.news_warehouse.entity_trend: Close
[0m14:34:22.626160 [debug] [Thread-3 (]: Sending event: {'category': 'dbt', 'action': 'run_model', 'label': 'e642189f-3746-41e6-bb11-dbbc0191967d', 'context': [<snowplow_tracker.self_describing_json.SelfDescribingJson object at 0x7f2ffd55b8b0>]}
[0m14:34:22.626981 [info ] [Thread-3 (]: 5 of 7 OK created sql table model main.entity_trend ............................ [[32mOK[0m in 0.15s]
[0m14:34:22.627843 [debug] [Thread-3 (]: Finished running node model.news_warehouse.entity_trend
[0m14:34:22.630672 [debug] [MainThread]: Using duckdb connection "master"
[0m14:34:22.631295 [debug] [MainThread]: On master: BEGIN
[0m14:34:22.631838 [debug] [MainThread]: Opening a new connection, currently in state closed
[0m14:34:22.632651 [debug] [MainThread]: SQL status: OK in 0.001 seconds
[0m14:34:22.633172 [debug] [MainThread]: On master: COMMIT
[0m14:34:22.633727 [debug] [MainThread]: Using duckdb connection "master"
[0m14:34:22.634223 [debug] [MainThread]: On master: COMMIT
[0m14:34:22.634973 [debug] [MainThread]: SQL status: OK in 0.000 seconds
[0m14:34:22.635540 [debug] [MainThread]: On master: Close
[0m14:34:22.636163 [debug] [MainThread]: Connection 'master' was properly closed.
[0m14:34:22.636693 [debug] [MainThread]: Connection 'model.news_warehouse.dim_entity_summary' was properly closed.
[0m14:34:22.637161 [debug] [MainThread]: Connection 'model.news_warehouse.weekly_source_comparison' was properly closed.
[0m14:34:22.637677 [debug] [MainThread]: Connection 'model.news_warehouse.entity_trend' was properly closed.
[0m14:34:22.638138 [debug] [MainThread]: Connection 'model.news_warehouse.fct_daily_sentiment' was properly closed.
[0m14:34:22.638763 [info ] [MainThread]: 
[0m14:34:22.639339 [info ] [MainThread]: Finished running 4 table models, 3 view models in 0 hours 0 minutes and 0.58 seconds (0.58s).
[0m14:34:22.641234 [debug] [MainThread]: Command end result
[0m14:34:22.686292 [debug] [MainThread]: Wrote artifact WritableManifest to /home/runner/work/Multilingual-News-Sentiment-Entity-Analysis-Pipeline/Multilingual-News-Sentiment-Entity-Analysis-Pipeline/dbt_project/target/manifest.json
[0m14:34:22.689539 [debug] [MainThread]: Wrote artifact SemanticManifest to /home/runner/work/Multilingual-News-Sentiment-Entity-Analysis-Pipeline/Multilingual-News-Sentiment-Entity-Analysis-Pipeline/dbt_project/target/semantic_manifest.json
[0m14:34:22.692689 [debug] [MainThread]: Wrote artifact OsiDocument to /home/runner/work/Multilingual-News-Sentiment-Entity-Analysis-Pipeline/Multilingual-News-Sentiment-Entity-Analysis-Pipeline/dbt_project/target/osi_document.json
[0m14:34:22.701998 [debug] [MainThread]: Wrote artifact RunExecutionResult to /home/runner/work/Multilingual-News-Sentiment-Entity-Analysis-Pipeline/Multilingual-News-Sentiment-Entity-Analysis-Pipeline/dbt_project/target/run_results.json
[0m14:34:22.702586 [info ] [MainThread]: 
[0m14:34:22.703215 [info ] [MainThread]: [32mCompleted successfully[0m
[0m14:34:22.703808 [info ] [MainThread]: 
[0m14:34:22.704419 [info ] [MainThread]: Done. PASS=7 WARN=0 ERROR=0 SKIP=0 NO-OP=0 REUSED=0 TOTAL=7
[0m14:34:22.710339 [debug] [MainThread]: Resource report: {"command_name": "run", "command_success": true, "command_wall_clock_time": 1.7697262, "process_in_blocks": "2000", "process_kernel_time": 0.228674, "process_mem_max_rss": "318192", "process_out_blocks": "7424", "process_user_time": 3.39184}
[0m14:34:22.711061 [debug] [MainThread]: Command `dbt run` succeeded at 14:34:22.710954 after 1.77 seconds
[0m14:34:22.711668 [debug] [MainThread]: Sending event: {'category': 'dbt', 'action': 'invocation', 'label': 'end', 'context': [<snowplow_tracker.self_describing_json.SelfDescribingJson object at 0x7f30082452a0>, <snowplow_tracker.self_describing_json.SelfDescribingJson object at 0x7f3006ceffa0>, <snowplow_tracker.self_describing_json.SelfDescribingJson object at 0x7f2ffea79ea0>]}
[0m14:34:22.712229 [debug] [MainThread]: Flushing usage events
[0m14:34:23.087734 [debug] [MainThread]: An error was encountered while trying to flush usage events
[0m14:34:25.013030 [debug] [MainThread]: Sending event: {'category': 'dbt', 'action': 'invocation', 'label': 'start', 'context': [<snowplow_tracker.self_describing_json.SelfDescribingJson object at 0x7fe23e45d1e0>, <snowplow_tracker.self_describing_json.SelfDescribingJson object at 0x7fe23cf1f730>, <snowplow_tracker.self_describing_json.SelfDescribingJson object at 0x7fe23cf1f6d0>]}


============================== 14:34:25.015931 | 275ce8f4-9761-48e2-9aca-def5d4ea1b12 ==============================
[0m14:34:25.015931 [info ] [MainThread]: Running with dbt=1.12.5
[0m14:34:25.016679 [debug] [MainThread]: running dbt with arguments {'quiet': 'False', 'send_anonymous_usage_stats': 'True', 'indirect_selection': 'eager', 'introspect': 'True', 'printer_width': '80', 'profiles_dir': '.', 'partial_parse': 'True', 'invocation_command': 'dbt test --profiles-dir .', 'write_json': 'True', 'version_check': 'True', 'fail_fast': 'False', 'warn_error': 'None', 'target_path': 'None', 'maximum_seed_size_mib': '1', 'use_colors': 'True', 'log_path': '/home/runner/work/Multilingual-News-Sentiment-Entity-Analysis-Pipeline/Multilingual-News-Sentiment-Entity-Analysis-Pipeline/dbt_project/logs', 'no_print': 'None', 'log_cache_events': 'False', 'use_experimental_parser': 'False', 'warn_error_options': 'WarnErrorOptionsV2(error=[], warn=[], silence=[])', 'hints_enabled': 'True', 'log_format': 'default', 'cache_selected_only': 'False', 'debug': 'False', 'static_parser': 'True', 'empty': 'None'}
[0m14:34:25.297390 [debug] [MainThread]: Sending event: {'category': 'dbt', 'action': 'project_id', 'label': '275ce8f4-9761-48e2-9aca-def5d4ea1b12', 'context': [<snowplow_tracker.self_describing_json.SelfDescribingJson object at 0x7fe23d058d00>]}
[0m14:34:25.428652 [debug] [MainThread]: Sending event: {'category': 'dbt', 'action': 'adapter_info', 'label': '275ce8f4-9761-48e2-9aca-def5d4ea1b12', 'context': [<snowplow_tracker.self_describing_json.SelfDescribingJson object at 0x7fe23e331000>]}
[0m14:34:25.430932 [info ] [MainThread]: Registered adapter: duckdb=1.11.0
[0m14:34:25.536313 [debug] [MainThread]: checksum: b861a166531065e3c88725a98b0b572675172303180a874f2753e38be84b4181, vars: {}, profile: news_warehouse, target: dev, version: 1.12.5
[0m14:34:25.725340 [debug] [MainThread]: Partial parsing enabled: 0 files deleted, 0 files added, 0 files changed.
[0m14:34:25.725924 [debug] [MainThread]: Nothing changed, skipping partial parsing.
[0m14:34:25.726451 [debug] [MainThread]: Partial parsing enabled, no changes found, skipping parsing
[0m14:34:25.739771 [debug] [MainThread]: Sending event: {'category': 'dbt', 'action': 'load_project', 'label': '275ce8f4-9761-48e2-9aca-def5d4ea1b12', 'context': [<snowplow_tracker.self_describing_json.SelfDescribingJson object at 0x7fe234ca1150>]}
[0m14:34:25.952058 [debug] [MainThread]: Wrote artifact WritableManifest to /home/runner/work/Multilingual-News-Sentiment-Entity-Analysis-Pipeline/Multilingual-News-Sentiment-Entity-Analysis-Pipeline/dbt_project/target/manifest.json
[0m14:34:25.955202 [debug] [MainThread]: Wrote artifact SemanticManifest to /home/runner/work/Multilingual-News-Sentiment-Entity-Analysis-Pipeline/Multilingual-News-Sentiment-Entity-Analysis-Pipeline/dbt_project/target/semantic_manifest.json
[0m14:34:25.968349 [debug] [MainThread]: Wrote artifact OsiDocument to /home/runner/work/Multilingual-News-Sentiment-Entity-Analysis-Pipeline/Multilingual-News-Sentiment-Entity-Analysis-Pipeline/dbt_project/target/osi_document.json
[0m14:34:25.985202 [debug] [MainThread]: Sending event: {'category': 'dbt', 'action': 'resource_counts', 'label': '275ce8f4-9761-48e2-9aca-def5d4ea1b12', 'context': [<snowplow_tracker.self_describing_json.SelfDescribingJson object at 0x7fe234b262c0>]}
[0m14:34:25.985940 [info ] [MainThread]: Found 7 models, 8 data tests, 5 sources, 500 macros
[0m14:34:25.986511 [debug] [MainThread]: Sending event: {'category': 'dbt', 'action': 'runnable_timing', 'label': '275ce8f4-9761-48e2-9aca-def5d4ea1b12', 'context': [<snowplow_tracker.self_describing_json.SelfDescribingJson object at 0x7fe234b24e20>]}
[0m14:34:25.988830 [info ] [MainThread]: 
[0m14:34:25.989433 [info ] [MainThread]: Concurrency: 4 threads (target='dev')
[0m14:34:25.989952 [info ] [MainThread]: 
[0m14:34:25.990686 [debug] [MainThread]: Acquiring new duckdb connection 'master'
[0m14:34:25.997836 [debug] [ThreadPool]: Acquiring new duckdb connection 'list_warehouse_main'
[0m14:34:26.034203 [debug] [ThreadPool]: Using duckdb connection "list_warehouse_main"
[0m14:34:26.034769 [debug] [ThreadPool]: On list_warehouse_main: BEGIN
[0m14:34:26.035255 [debug] [ThreadPool]: Opening a new connection, currently in state init
[0m14:34:26.048887 [debug] [ThreadPool]: SQL status: OK in 0.014 seconds
[0m14:34:26.049564 [debug] [ThreadPool]: Using duckdb connection "list_warehouse_main"
[0m14:34:26.050143 [debug] [ThreadPool]: On list_warehouse_main: /* {"app": "dbt", "dbt_version": "1.12.5", "profile_name": "news_warehouse", "target_name": "dev", "connection_name": "list_warehouse_main"} */
select
      'warehouse' as database,
      table_name as name,
      table_schema as schema,
      CASE table_type
        WHEN 'BASE TABLE' THEN 'table'
        WHEN 'VIEW' THEN 'view'
        WHEN 'LOCAL TEMPORARY' THEN 'table'
        END as type
    from system.information_schema.tables
    where lower(table_schema) = 'main'
    and lower(table_catalog) = 'warehouse'
  
[0m14:34:26.053978 [debug] [ThreadPool]: SQL status: OK in 0.003 seconds
[0m14:34:26.055677 [debug] [ThreadPool]: On list_warehouse_main: ROLLBACK
[0m14:34:26.056405 [debug] [ThreadPool]: On list_warehouse_main: Close
[0m14:34:26.059297 [debug] [MainThread]: Sending event: {'category': 'dbt', 'action': 'runnable_timing', 'label': '275ce8f4-9761-48e2-9aca-def5d4ea1b12', 'context': [<snowplow_tracker.self_describing_json.SelfDescribingJson object at 0x7fe234b25180>]}
[0m14:34:26.060019 [debug] [MainThread]: Using duckdb connection "master"
[0m14:34:26.060550 [debug] [MainThread]: On master: BEGIN
[0m14:34:26.061042 [debug] [MainThread]: Opening a new connection, currently in state init
[0m14:34:26.061834 [debug] [MainThread]: SQL status: OK in 0.001 seconds
[0m14:34:26.062355 [debug] [MainThread]: On master: COMMIT
[0m14:34:26.062896 [debug] [MainThread]: Using duckdb connection "master"
[0m14:34:26.063408 [debug] [MainThread]: On master: COMMIT
[0m14:34:26.064127 [debug] [MainThread]: SQL status: OK in 0.000 seconds
[0m14:34:26.064694 [debug] [MainThread]: On master: Close
[0m14:34:26.067795 [debug] [Thread-1 (]: Began running node test.news_warehouse.not_null_dim_entity_summary_article_count.e113c5cc88
[0m14:34:26.068448 [debug] [Thread-2 (]: Began running node test.news_warehouse.not_null_dim_entity_summary_entity_text.e9b5760dbb
[0m14:34:26.069114 [debug] [Thread-3 (]: Began running node test.news_warehouse.not_null_fct_daily_sentiment_headline_count.8aa7f0a6da
[0m14:34:26.069756 [info ] [Thread-1 (]: 1 of 8 START test not_null_dim_entity_summary_article_count .................... [RUN]
[0m14:34:26.070450 [debug] [Thread-4 (]: Began running node test.news_warehouse.not_null_fct_daily_sentiment_scrape_date.b09ab12093
[0m14:34:26.071074 [info ] [Thread-2 (]: 2 of 8 START test not_null_dim_entity_summary_entity_text ...................... [RUN]
[0m14:34:26.071817 [info ] [Thread-3 (]: 3 of 8 START test not_null_fct_daily_sentiment_headline_count .................. [RUN]
[0m14:34:26.072563 [debug] [Thread-1 (]: Re-using an available connection from the pool (formerly list_warehouse_main, now test.news_warehouse.not_null_dim_entity_summary_article_count.e113c5cc88)
[0m14:34:26.073176 [info ] [Thread-4 (]: 4 of 8 START test not_null_fct_daily_sentiment_scrape_date ..................... [RUN]
[0m14:34:26.073990 [debug] [Thread-2 (]: Acquiring new duckdb connection 'test.news_warehouse.not_null_dim_entity_summary_entity_text.e9b5760dbb'
[0m14:34:26.074769 [debug] [Thread-3 (]: Acquiring new duckdb connection 'test.news_warehouse.not_null_fct_daily_sentiment_headline_count.8aa7f0a6da'
[0m14:34:26.075408 [debug] [Thread-1 (]: Began compiling node test.news_warehouse.not_null_dim_entity_summary_article_count.e113c5cc88
[0m14:34:26.076141 [debug] [Thread-4 (]: Acquiring new duckdb connection 'test.news_warehouse.not_null_fct_daily_sentiment_scrape_date.b09ab12093'
[0m14:34:26.076771 [debug] [Thread-2 (]: Began compiling node test.news_warehouse.not_null_dim_entity_summary_entity_text.e9b5760dbb
[0m14:34:26.077352 [debug] [Thread-3 (]: Began compiling node test.news_warehouse.not_null_fct_daily_sentiment_headline_count.8aa7f0a6da
[0m14:34:26.083240 [debug] [Thread-4 (]: Began compiling node test.news_warehouse.not_null_fct_daily_sentiment_scrape_date.b09ab12093
[0m14:34:26.105847 [debug] [Thread-1 (]: Writing injected SQL for node "test.news_warehouse.not_null_dim_entity_summary_article_count.e113c5cc88"
[0m14:34:26.108924 [debug] [Thread-2 (]: Writing injected SQL for node "test.news_warehouse.not_null_dim_entity_summary_entity_text.e9b5760dbb"
[0m14:34:26.116785 [debug] [Thread-3 (]: Writing injected SQL for node "test.news_warehouse.not_null_fct_daily_sentiment_headline_count.8aa7f0a6da"
[0m14:34:26.124848 [debug] [Thread-4 (]: Writing injected SQL for node "test.news_warehouse.not_null_fct_daily_sentiment_scrape_date.b09ab12093"
[0m14:34:26.126391 [debug] [Thread-1 (]: Began executing node test.news_warehouse.not_null_dim_entity_summary_article_count.e113c5cc88
[0m14:34:26.137490 [debug] [Thread-2 (]: Began executing node test.news_warehouse.not_null_dim_entity_summary_entity_text.e9b5760dbb
[0m14:34:26.148555 [debug] [Thread-4 (]: Began executing node test.news_warehouse.not_null_fct_daily_sentiment_scrape_date.b09ab12093
[0m14:34:26.154444 [debug] [Thread-3 (]: Began executing node test.news_warehouse.not_null_fct_daily_sentiment_headline_count.8aa7f0a6da
[0m14:34:26.158919 [debug] [Thread-3 (]: Writing runtime sql for node "test.news_warehouse.not_null_fct_daily_sentiment_headline_count.8aa7f0a6da"
[0m14:34:26.161315 [debug] [Thread-4 (]: Writing runtime sql for node "test.news_warehouse.not_null_fct_daily_sentiment_scrape_date.b09ab12093"
[0m14:34:26.171352 [debug] [Thread-2 (]: Writing runtime sql for node "test.news_warehouse.not_null_dim_entity_summary_entity_text.e9b5760dbb"
[0m14:34:26.173688 [debug] [Thread-1 (]: Writing runtime sql for node "test.news_warehouse.not_null_dim_entity_summary_article_count.e113c5cc88"
[0m14:34:26.174933 [debug] [Thread-3 (]: Using duckdb connection "test.news_warehouse.not_null_fct_daily_sentiment_headline_count.8aa7f0a6da"
[0m14:34:26.175698 [debug] [Thread-3 (]: On test.news_warehouse.not_null_fct_daily_sentiment_headline_count.8aa7f0a6da: BEGIN
[0m14:34:26.176482 [debug] [Thread-2 (]: Using duckdb connection "test.news_warehouse.not_null_dim_entity_summary_entity_text.e9b5760dbb"
[0m14:34:26.177131 [debug] [Thread-3 (]: Opening a new connection, currently in state init
[0m14:34:26.177784 [debug] [Thread-4 (]: Using duckdb connection "test.news_warehouse.not_null_fct_daily_sentiment_scrape_date.b09ab12093"
[0m14:34:26.178427 [debug] [Thread-1 (]: Using duckdb connection "test.news_warehouse.not_null_dim_entity_summary_article_count.e113c5cc88"
[0m14:34:26.179031 [debug] [Thread-2 (]: On test.news_warehouse.not_null_dim_entity_summary_entity_text.e9b5760dbb: BEGIN
[0m14:34:26.179907 [debug] [Thread-4 (]: On test.news_warehouse.not_null_fct_daily_sentiment_scrape_date.b09ab12093: BEGIN
[0m14:34:26.180551 [debug] [Thread-1 (]: On test.news_warehouse.not_null_dim_entity_summary_article_count.e113c5cc88: BEGIN
[0m14:34:26.181115 [debug] [Thread-3 (]: SQL status: OK in 0.004 seconds
[0m14:34:26.181753 [debug] [Thread-2 (]: Opening a new connection, currently in state init
[0m14:34:26.182336 [debug] [Thread-4 (]: Opening a new connection, currently in state init
[0m14:34:26.183323 [debug] [Thread-1 (]: Opening a new connection, currently in state closed
[0m14:34:26.183950 [debug] [Thread-3 (]: Using duckdb connection "test.news_warehouse.not_null_fct_daily_sentiment_headline_count.8aa7f0a6da"
[0m14:34:26.185157 [debug] [Thread-3 (]: On test.news_warehouse.not_null_fct_daily_sentiment_headline_count.8aa7f0a6da: /* {"app": "dbt", "dbt_version": "1.12.5", "profile_name": "news_warehouse", "target_name": "dev", "node_id": "test.news_warehouse.not_null_fct_daily_sentiment_headline_count.8aa7f0a6da"} */

    
    select
      count(*) as failures,
      count(*) != 0 as should_warn,
      count(*) != 0 as should_error
    from (
      
    
  
    
    



select headline_count
from "warehouse"."main"."fct_daily_sentiment"
where headline_count is null



  
  
      
    ) dbt_internal_test
[0m14:34:26.186094 [debug] [Thread-2 (]: SQL status: OK in 0.004 seconds
[0m14:34:26.186860 [debug] [Thread-2 (]: Using duckdb connection "test.news_warehouse.not_null_dim_entity_summary_entity_text.e9b5760dbb"
[0m14:34:26.187533 [debug] [Thread-2 (]: On test.news_warehouse.not_null_dim_entity_summary_entity_text.e9b5760dbb: /* {"app": "dbt", "dbt_version": "1.12.5", "profile_name": "news_warehouse", "target_name": "dev", "node_id": "test.news_warehouse.not_null_dim_entity_summary_entity_text.e9b5760dbb"} */

    
    select
      count(*) as failures,
      count(*) != 0 as should_warn,
      count(*) != 0 as should_error
    from (
      
    
  
    
    



select entity_text
from "warehouse"."main"."dim_entity_summary"
where entity_text is null



  
  
      
    ) dbt_internal_test
[0m14:34:26.188192 [debug] [Thread-3 (]: SQL status: OK in 0.002 seconds
[0m14:34:26.188917 [debug] [Thread-1 (]: SQL status: OK in 0.006 seconds
[0m14:34:26.189684 [debug] [Thread-4 (]: SQL status: OK in 0.007 seconds
[0m14:34:26.190406 [debug] [Thread-2 (]: SQL status: OK in 0.002 seconds
[0m14:34:26.195933 [debug] [Thread-3 (]: On test.news_warehouse.not_null_fct_daily_sentiment_headline_count.8aa7f0a6da: ROLLBACK
[0m14:34:26.196601 [debug] [Thread-1 (]: Using duckdb connection "test.news_warehouse.not_null_dim_entity_summary_article_count.e113c5cc88"
[0m14:34:26.197284 [debug] [Thread-4 (]: Using duckdb connection "test.news_warehouse.not_null_fct_daily_sentiment_scrape_date.b09ab12093"
[0m14:34:26.198991 [debug] [Thread-2 (]: On test.news_warehouse.not_null_dim_entity_summary_entity_text.e9b5760dbb: ROLLBACK
[0m14:34:26.199865 [debug] [Thread-1 (]: On test.news_warehouse.not_null_dim_entity_summary_article_count.e113c5cc88: /* {"app": "dbt", "dbt_version": "1.12.5", "profile_name": "news_warehouse", "target_name": "dev", "node_id": "test.news_warehouse.not_null_dim_entity_summary_article_count.e113c5cc88"} */

    
    select
      count(*) as failures,
      count(*) != 0 as should_warn,
      count(*) != 0 as should_error
    from (
      
    
  
    
    



select article_count
from "warehouse"."main"."dim_entity_summary"
where article_count is null



  
  
      
    ) dbt_internal_test
[0m14:34:26.200710 [debug] [Thread-4 (]: On test.news_warehouse.not_null_fct_daily_sentiment_scrape_date.b09ab12093: /* {"app": "dbt", "dbt_version": "1.12.5", "profile_name": "news_warehouse", "target_name": "dev", "node_id": "test.news_warehouse.not_null_fct_daily_sentiment_scrape_date.b09ab12093"} */

    
    select
      count(*) as failures,
      count(*) != 0 as should_warn,
      count(*) != 0 as should_error
    from (
      
    
  
    
    



select scrape_date
from "warehouse"."main"."fct_daily_sentiment"
where scrape_date is null



  
  
      
    ) dbt_internal_test
[0m14:34:26.201296 [debug] [Thread-3 (]: On test.news_warehouse.not_null_fct_daily_sentiment_headline_count.8aa7f0a6da: Close
[0m14:34:26.202398 [debug] [Thread-2 (]: On test.news_warehouse.not_null_dim_entity_summary_entity_text.e9b5760dbb: Close
[0m14:34:26.203245 [debug] [Thread-4 (]: SQL status: OK in 0.001 seconds
[0m14:34:26.204091 [info ] [Thread-3 (]: 3 of 8 PASS not_null_fct_daily_sentiment_headline_count ........................ [[32mPASS[0m in 0.13s]
[0m14:34:26.204785 [debug] [Thread-1 (]: SQL status: OK in 0.003 seconds
[0m14:34:26.205662 [info ] [Thread-2 (]: 2 of 8 PASS not_null_dim_entity_summary_entity_text ............................ [[32mPASS[0m in 0.13s]
[0m14:34:26.206661 [debug] [Thread-3 (]: Finished running node test.news_warehouse.not_null_fct_daily_sentiment_headline_count.8aa7f0a6da
[0m14:34:26.208134 [debug] [Thread-4 (]: On test.news_warehouse.not_null_fct_daily_sentiment_scrape_date.b09ab12093: ROLLBACK
[0m14:34:26.209749 [debug] [Thread-1 (]: On test.news_warehouse.not_null_dim_entity_summary_article_count.e113c5cc88: ROLLBACK
[0m14:34:26.210596 [debug] [Thread-2 (]: Finished running node test.news_warehouse.not_null_dim_entity_summary_entity_text.e9b5760dbb
[0m14:34:26.211286 [debug] [Thread-3 (]: Began running node test.news_warehouse.not_null_fct_daily_sentiment_source_name.3bd2b89b77
[0m14:34:26.212431 [debug] [Thread-2 (]: Began running node test.news_warehouse.not_null_stg_articles_article_key.db8c6d35da
[0m14:34:26.213032 [debug] [Thread-4 (]: On test.news_warehouse.not_null_fct_daily_sentiment_scrape_date.b09ab12093: Close
[0m14:34:26.213739 [debug] [Thread-1 (]: On test.news_warehouse.not_null_dim_entity_summary_article_count.e113c5cc88: Close
[0m14:34:26.214344 [info ] [Thread-3 (]: 5 of 8 START test not_null_fct_daily_sentiment_source_name ..................... [RUN]
[0m14:34:26.215085 [info ] [Thread-2 (]: 6 of 8 START test not_null_stg_articles_article_key ............................ [RUN]
[0m14:34:26.216118 [info ] [Thread-1 (]: 1 of 8 PASS not_null_dim_entity_summary_article_count .......................... [[32mPASS[0m in 0.14s]
[0m14:34:26.217011 [info ] [Thread-4 (]: 4 of 8 PASS not_null_fct_daily_sentiment_scrape_date ........................... [[32mPASS[0m in 0.14s]
[0m14:34:26.217825 [debug] [Thread-3 (]: Re-using an available connection from the pool (formerly test.news_warehouse.not_null_fct_daily_sentiment_headline_count.8aa7f0a6da, now test.news_warehouse.not_null_fct_daily_sentiment_source_name.3bd2b89b77)
[0m14:34:26.218549 [debug] [Thread-2 (]: Re-using an available connection from the pool (formerly test.news_warehouse.not_null_dim_entity_summary_entity_text.e9b5760dbb, now test.news_warehouse.not_null_stg_articles_article_key.db8c6d35da)
[0m14:34:26.219382 [debug] [Thread-1 (]: Finished running node test.news_warehouse.not_null_dim_entity_summary_article_count.e113c5cc88
[0m14:34:26.220191 [debug] [Thread-4 (]: Finished running node test.news_warehouse.not_null_fct_daily_sentiment_scrape_date.b09ab12093
[0m14:34:26.220833 [debug] [Thread-3 (]: Began compiling node test.news_warehouse.not_null_fct_daily_sentiment_source_name.3bd2b89b77
[0m14:34:26.221479 [debug] [Thread-2 (]: Began compiling node test.news_warehouse.not_null_stg_articles_article_key.db8c6d35da
[0m14:34:26.222150 [debug] [Thread-1 (]: Began running node test.news_warehouse.not_null_stg_articles_translated_headline.e4edbf669c
[0m14:34:26.222893 [debug] [Thread-4 (]: Began running node test.news_warehouse.unique_stg_articles_article_key.691d01e603
[0m14:34:26.230821 [debug] [Thread-3 (]: Writing injected SQL for node "test.news_warehouse.not_null_fct_daily_sentiment_source_name.3bd2b89b77"
[0m14:34:26.236721 [info ] [Thread-1 (]: 7 of 8 START test not_null_stg_articles_translated_headline .................... [RUN]
[0m14:34:26.239392 [debug] [Thread-2 (]: Writing injected SQL for node "test.news_warehouse.not_null_stg_articles_article_key.db8c6d35da"
[0m14:34:26.240034 [info ] [Thread-4 (]: 8 of 8 START test unique_stg_articles_article_key .............................. [RUN]
[0m14:34:26.240945 [debug] [Thread-1 (]: Re-using an available connection from the pool (formerly test.news_warehouse.not_null_dim_entity_summary_article_count.e113c5cc88, now test.news_warehouse.not_null_stg_articles_translated_headline.e4edbf669c)
[0m14:34:26.241817 [debug] [Thread-3 (]: Began executing node test.news_warehouse.not_null_fct_daily_sentiment_source_name.3bd2b89b77
[0m14:34:26.242543 [debug] [Thread-4 (]: Re-using an available connection from the pool (formerly test.news_warehouse.not_null_fct_daily_sentiment_scrape_date.b09ab12093, now test.news_warehouse.unique_stg_articles_article_key.691d01e603)
[0m14:34:26.243173 [debug] [Thread-1 (]: Began compiling node test.news_warehouse.not_null_stg_articles_translated_headline.e4edbf669c
[0m14:34:26.245695 [debug] [Thread-3 (]: Writing runtime sql for node "test.news_warehouse.not_null_fct_daily_sentiment_source_name.3bd2b89b77"
[0m14:34:26.246275 [debug] [Thread-2 (]: Began executing node test.news_warehouse.not_null_stg_articles_article_key.db8c6d35da
[0m14:34:26.246970 [debug] [Thread-4 (]: Began compiling node test.news_warehouse.unique_stg_articles_article_key.691d01e603
[0m14:34:26.255427 [debug] [Thread-1 (]: Writing injected SQL for node "test.news_warehouse.not_null_stg_articles_translated_headline.e4edbf669c"
[0m14:34:26.257950 [debug] [Thread-2 (]: Writing runtime sql for node "test.news_warehouse.not_null_stg_articles_article_key.db8c6d35da"
[0m14:34:26.268511 [debug] [Thread-4 (]: Writing injected SQL for node "test.news_warehouse.unique_stg_articles_article_key.691d01e603"
[0m14:34:26.269807 [debug] [Thread-1 (]: Began executing node test.news_warehouse.not_null_stg_articles_translated_headline.e4edbf669c
[0m14:34:26.270633 [debug] [Thread-3 (]: Using duckdb connection "test.news_warehouse.not_null_fct_daily_sentiment_source_name.3bd2b89b77"
[0m14:34:26.273171 [debug] [Thread-1 (]: Writing runtime sql for node "test.news_warehouse.not_null_stg_articles_translated_headline.e4edbf669c"
[0m14:34:26.273798 [debug] [Thread-2 (]: Using duckdb connection "test.news_warehouse.not_null_stg_articles_article_key.db8c6d35da"
[0m14:34:26.274575 [debug] [Thread-3 (]: On test.news_warehouse.not_null_fct_daily_sentiment_source_name.3bd2b89b77: BEGIN
[0m14:34:26.275388 [debug] [Thread-4 (]: Began executing node test.news_warehouse.unique_stg_articles_article_key.691d01e603
[0m14:34:26.276022 [debug] [Thread-2 (]: On test.news_warehouse.not_null_stg_articles_article_key.db8c6d35da: BEGIN
[0m14:34:26.276725 [debug] [Thread-3 (]: Opening a new connection, currently in state closed
[0m14:34:26.277321 [debug] [Thread-1 (]: Using duckdb connection "test.news_warehouse.not_null_stg_articles_translated_headline.e4edbf669c"
[0m14:34:26.279938 [debug] [Thread-4 (]: Writing runtime sql for node "test.news_warehouse.unique_stg_articles_article_key.691d01e603"
[0m14:34:26.280576 [debug] [Thread-2 (]: Opening a new connection, currently in state closed
[0m14:34:26.281518 [debug] [Thread-1 (]: On test.news_warehouse.not_null_stg_articles_translated_headline.e4edbf669c: BEGIN
[0m14:34:26.282340 [debug] [Thread-3 (]: SQL status: OK in 0.006 seconds
[0m14:34:26.283312 [debug] [Thread-1 (]: Opening a new connection, currently in state closed
[0m14:34:26.283949 [debug] [Thread-2 (]: SQL status: OK in 0.003 seconds
[0m14:34:26.284640 [debug] [Thread-3 (]: Using duckdb connection "test.news_warehouse.not_null_fct_daily_sentiment_source_name.3bd2b89b77"
[0m14:34:26.285261 [debug] [Thread-4 (]: Using duckdb connection "test.news_warehouse.unique_stg_articles_article_key.691d01e603"
[0m14:34:26.286112 [debug] [Thread-2 (]: Using duckdb connection "test.news_warehouse.not_null_stg_articles_article_key.db8c6d35da"
[0m14:34:26.286820 [debug] [Thread-3 (]: On test.news_warehouse.not_null_fct_daily_sentiment_source_name.3bd2b89b77: /* {"app": "dbt", "dbt_version": "1.12.5", "profile_name": "news_warehouse", "target_name": "dev", "node_id": "test.news_warehouse.not_null_fct_daily_sentiment_source_name.3bd2b89b77"} */

    
    select
      count(*) as failures,
      count(*) != 0 as should_warn,
      count(*) != 0 as should_error
    from (
      
    
  
    
    



select source_name
from "warehouse"."main"."fct_daily_sentiment"
where source_name is null



  
  
      
    ) dbt_internal_test
[0m14:34:26.287430 [debug] [Thread-1 (]: SQL status: OK in 0.004 seconds
[0m14:34:26.288044 [debug] [Thread-4 (]: On test.news_warehouse.unique_stg_articles_article_key.691d01e603: BEGIN
[0m14:34:26.288700 [debug] [Thread-2 (]: On test.news_warehouse.not_null_stg_articles_article_key.db8c6d35da: /* {"app": "dbt", "dbt_version": "1.12.5", "profile_name": "news_warehouse", "target_name": "dev", "node_id": "test.news_warehouse.not_null_stg_articles_article_key.db8c6d35da"} */

    
    select
      count(*) as failures,
      count(*) != 0 as should_warn,
      count(*) != 0 as should_error
    from (
      
    
  
    
    



select article_key
from "warehouse"."main"."stg_articles"
where article_key is null



  
  
      
    ) dbt_internal_test
[0m14:34:26.289472 [debug] [Thread-1 (]: Using duckdb connection "test.news_warehouse.not_null_stg_articles_translated_headline.e4edbf669c"
[0m14:34:26.290205 [debug] [Thread-4 (]: Opening a new connection, currently in state closed
[0m14:34:26.290822 [debug] [Thread-3 (]: SQL status: OK in 0.001 seconds
[0m14:34:26.291735 [debug] [Thread-1 (]: On test.news_warehouse.not_null_stg_articles_translated_headline.e4edbf669c: /* {"app": "dbt", "dbt_version": "1.12.5", "profile_name": "news_warehouse", "target_name": "dev", "node_id": "test.news_warehouse.not_null_stg_articles_translated_headline.e4edbf669c"} */

    
    select
      count(*) as failures,
      count(*) != 0 as should_warn,
      count(*) != 0 as should_error
    from (
      
    
  
    
    



select translated_headline
from "warehouse"."main"."stg_articles"
where translated_headline is null



  
  
      
    ) dbt_internal_test
[0m14:34:26.293139 [debug] [Thread-4 (]: SQL status: OK in 0.003 seconds
[0m14:34:26.294141 [debug] [Thread-2 (]: SQL status: OK in 0.003 seconds
[0m14:34:26.295724 [debug] [Thread-3 (]: On test.news_warehouse.not_null_fct_daily_sentiment_source_name.3bd2b89b77: ROLLBACK
[0m14:34:26.296525 [debug] [Thread-4 (]: Using duckdb connection "test.news_warehouse.unique_stg_articles_article_key.691d01e603"
[0m14:34:26.298776 [debug] [Thread-2 (]: On test.news_warehouse.not_null_stg_articles_article_key.db8c6d35da: ROLLBACK
[0m14:34:26.299519 [debug] [Thread-4 (]: On test.news_warehouse.unique_stg_articles_article_key.691d01e603: /* {"app": "dbt", "dbt_version": "1.12.5", "profile_name": "news_warehouse", "target_name": "dev", "node_id": "test.news_warehouse.unique_stg_articles_article_key.691d01e603"} */

    
    select
      count(*) as failures,
      count(*) != 0 as should_warn,
      count(*) != 0 as should_error
    from (
      
    
  
    
    

select
    article_key as unique_field,
    count(*) as n_records

from "warehouse"."main"."stg_articles"
where article_key is not null
group by article_key
having count(*) > 1



  
  
      
    ) dbt_internal_test
[0m14:34:26.300260 [debug] [Thread-1 (]: SQL status: OK in 0.004 seconds
[0m14:34:26.300959 [debug] [Thread-3 (]: On test.news_warehouse.not_null_fct_daily_sentiment_source_name.3bd2b89b77: Close
[0m14:34:26.301824 [debug] [Thread-2 (]: On test.news_warehouse.not_null_stg_articles_article_key.db8c6d35da: Close
[0m14:34:26.303718 [debug] [Thread-1 (]: On test.news_warehouse.not_null_stg_articles_translated_headline.e4edbf669c: ROLLBACK
[0m14:34:26.304690 [info ] [Thread-3 (]: 5 of 8 PASS not_null_fct_daily_sentiment_source_name ........................... [[32mPASS[0m in 0.09s]
[0m14:34:26.305857 [info ] [Thread-2 (]: 6 of 8 PASS not_null_stg_articles_article_key .................................. [[32mPASS[0m in 0.09s]
[0m14:34:26.306841 [debug] [Thread-4 (]: SQL status: OK in 0.005 seconds
[0m14:34:26.307664 [debug] [Thread-3 (]: Finished running node test.news_warehouse.not_null_fct_daily_sentiment_source_name.3bd2b89b77
[0m14:34:26.308522 [debug] [Thread-2 (]: Finished running node test.news_warehouse.not_null_stg_articles_article_key.db8c6d35da
[0m14:34:26.309080 [debug] [Thread-1 (]: On test.news_warehouse.not_null_stg_articles_translated_headline.e4edbf669c: Close
[0m14:34:26.311001 [debug] [Thread-4 (]: On test.news_warehouse.unique_stg_articles_article_key.691d01e603: ROLLBACK
[0m14:34:26.312184 [info ] [Thread-1 (]: 7 of 8 PASS not_null_stg_articles_translated_headline .......................... [[32mPASS[0m in 0.07s]
[0m14:34:26.312984 [debug] [Thread-4 (]: On test.news_warehouse.unique_stg_articles_article_key.691d01e603: Close
[0m14:34:26.313797 [debug] [Thread-1 (]: Finished running node test.news_warehouse.not_null_stg_articles_translated_headline.e4edbf669c
[0m14:34:26.314651 [info ] [Thread-4 (]: 8 of 8 PASS unique_stg_articles_article_key .................................... [[32mPASS[0m in 0.07s]
[0m14:34:26.315649 [debug] [Thread-4 (]: Finished running node test.news_warehouse.unique_stg_articles_article_key.691d01e603
[0m14:34:26.317194 [debug] [MainThread]: Using duckdb connection "master"
[0m14:34:26.317763 [debug] [MainThread]: On master: BEGIN
[0m14:34:26.318249 [debug] [MainThread]: Opening a new connection, currently in state closed
[0m14:34:26.319021 [debug] [MainThread]: SQL status: OK in 0.001 seconds
[0m14:34:26.319577 [debug] [MainThread]: On master: COMMIT
[0m14:34:26.320078 [debug] [MainThread]: Using duckdb connection "master"
[0m14:34:26.320606 [debug] [MainThread]: On master: COMMIT
[0m14:34:26.321262 [debug] [MainThread]: SQL status: OK in 0.000 seconds
[0m14:34:26.321836 [debug] [MainThread]: On master: Close
[0m14:34:26.322488 [debug] [MainThread]: Connection 'master' was properly closed.
[0m14:34:26.322971 [debug] [MainThread]: Connection 'test.news_warehouse.not_null_stg_articles_translated_headline.e4edbf669c' was properly closed.
[0m14:34:26.323494 [debug] [MainThread]: Connection 'test.news_warehouse.not_null_stg_articles_article_key.db8c6d35da' was properly closed.
[0m14:34:26.323967 [debug] [MainThread]: Connection 'test.news_warehouse.not_null_fct_daily_sentiment_source_name.3bd2b89b77' was properly closed.
[0m14:34:26.324463 [debug] [MainThread]: Connection 'test.news_warehouse.unique_stg_articles_article_key.691d01e603' was properly closed.
[0m14:34:26.324982 [info ] [MainThread]: 
[0m14:34:26.325553 [info ] [MainThread]: Finished running 8 data tests in 0 hours 0 minutes and 0.33 seconds (0.33s).
[0m14:34:26.327590 [debug] [MainThread]: Command end result
[0m14:34:26.372040 [debug] [MainThread]: Wrote artifact WritableManifest to /home/runner/work/Multilingual-News-Sentiment-Entity-Analysis-Pipeline/Multilingual-News-Sentiment-Entity-Analysis-Pipeline/dbt_project/target/manifest.json
[0m14:34:26.375852 [debug] [MainThread]: Wrote artifact SemanticManifest to /home/runner/work/Multilingual-News-Sentiment-Entity-Analysis-Pipeline/Multilingual-News-Sentiment-Entity-Analysis-Pipeline/dbt_project/target/semantic_manifest.json
[0m14:34:26.378983 [debug] [MainThread]: Wrote artifact OsiDocument to /home/runner/work/Multilingual-News-Sentiment-Entity-Analysis-Pipeline/Multilingual-News-Sentiment-Entity-Analysis-Pipeline/dbt_project/target/osi_document.json
[0m14:34:26.389209 [debug] [MainThread]: Wrote artifact RunExecutionResult to /home/runner/work/Multilingual-News-Sentiment-Entity-Analysis-Pipeline/Multilingual-News-Sentiment-Entity-Analysis-Pipeline/dbt_project/target/run_results.json
[0m14:34:26.389780 [info ] [MainThread]: 
[0m14:34:26.390386 [info ] [MainThread]: [32mCompleted successfully[0m
[0m14:34:26.390919 [info ] [MainThread]: 
[0m14:34:26.391487 [info ] [MainThread]: Done. PASS=8 WARN=0 ERROR=0 SKIP=0 NO-OP=0 REUSED=0 TOTAL=8
[0m14:34:26.392605 [debug] [MainThread]: Resource report: {"command_name": "test", "command_success": true, "command_wall_clock_time": 1.479514, "process_in_blocks": "0", "process_kernel_time": 0.171228, "process_mem_max_rss": "191260", "process_out_blocks": "2864", "process_user_time": 2.883691}
[0m14:34:26.393290 [debug] [MainThread]: Command `dbt test` succeeded at 14:34:26.393181 after 1.48 seconds
[0m14:34:26.393899 [debug] [MainThread]: Sending event: {'category': 'dbt', 'action': 'invocation', 'label': 'end', 'context': [<snowplow_tracker.self_describing_json.SelfDescribingJson object at 0x7fe23e45d1e0>, <snowplow_tracker.self_describing_json.SelfDescribingJson object at 0x7fe23d058d00>, <snowplow_tracker.self_describing_json.SelfDescribingJson object at 0x7fe23f3507c0>]}
[0m14:34:26.394500 [debug] [MainThread]: Flushing usage events
[0m14:34:26.640280 [debug] [MainThread]: An error was encountered while trying to flush usage events
[0m15:05:31.251352 [debug] [MainThread]: Sending event: {'category': 'dbt', 'action': 'invocation', 'label': 'start', 'context': [<snowplow_tracker.self_describing_json.SelfDescribingJson object at 0x7f458a5a12a0>, <snowplow_tracker.self_describing_json.SelfDescribingJson object at 0x7f458906b850>, <snowplow_tracker.self_describing_json.SelfDescribingJson object at 0x7f458906b7f0>]}


============================== 15:05:31.254263 | 10f1df9f-8d10-4b05-9aec-005a8bd2d787 ==============================
[0m15:05:31.254263 [info ] [MainThread]: Running with dbt=1.12.5
[0m15:05:31.255036 [debug] [MainThread]: running dbt with arguments {'warn_error_options': 'WarnErrorOptionsV2(error=[], warn=[], silence=[])', 'no_print': 'None', 'log_cache_events': 'False', 'partial_parse': 'True', 'printer_width': '80', 'log_path': '/home/runner/work/Multilingual-News-Sentiment-Entity-Analysis-Pipeline/Multilingual-News-Sentiment-Entity-Analysis-Pipeline/dbt_project/logs', 'write_json': 'True', 'use_colors': 'True', 'static_parser': 'True', 'maximum_seed_size_mib': '1', 'empty': 'False', 'fail_fast': 'False', 'quiet': 'False', 'hints_enabled': 'True', 'indirect_selection': 'eager', 'cache_selected_only': 'False', 'debug': 'False', 'target_path': 'None', 'profiles_dir': '.', 'log_format': 'default', 'version_check': 'True', 'use_experimental_parser': 'False', 'introspect': 'True', 'invocation_command': 'dbt run --profiles-dir .', 'warn_error': 'None', 'send_anonymous_usage_stats': 'True'}
[0m15:05:31.578166 [debug] [MainThread]: Sending event: {'category': 'dbt', 'action': 'project_id', 'label': '10f1df9f-8d10-4b05-9aec-005a8bd2d787', 'context': [<snowplow_tracker.self_describing_json.SelfDescribingJson object at 0x7f458939efb0>]}
[0m15:05:31.700452 [debug] [MainThread]: Sending event: {'category': 'dbt', 'action': 'adapter_info', 'label': '10f1df9f-8d10-4b05-9aec-005a8bd2d787', 'context': [<snowplow_tracker.self_describing_json.SelfDescribingJson object at 0x7f45890f78e0>]}
[0m15:05:31.702695 [info ] [MainThread]: Registered adapter: duckdb=1.11.0
[0m15:05:31.781613 [debug] [MainThread]: checksum: b861a166531065e3c88725a98b0b572675172303180a874f2753e38be84b4181, vars: {}, profile: news_warehouse, target: dev, version: 1.12.5
[0m15:05:31.938836 [debug] [MainThread]: Partial parsing enabled: 0 files deleted, 0 files added, 0 files changed.
[0m15:05:31.939429 [debug] [MainThread]: Nothing changed, skipping partial parsing.
[0m15:05:31.939848 [debug] [MainThread]: Partial parsing enabled, no changes found, skipping parsing
[0m15:05:31.951672 [debug] [MainThread]: Sending event: {'category': 'dbt', 'action': 'load_project', 'label': '10f1df9f-8d10-4b05-9aec-005a8bd2d787', 'context': [<snowplow_tracker.self_describing_json.SelfDescribingJson object at 0x7f4580d500a0>]}
[0m15:05:32.131994 [debug] [MainThread]: Wrote artifact WritableManifest to /home/runner/work/Multilingual-News-Sentiment-Entity-Analysis-Pipeline/Multilingual-News-Sentiment-Entity-Analysis-Pipeline/dbt_project/target/manifest.json
[0m15:05:32.135242 [debug] [MainThread]: Wrote artifact SemanticManifest to /home/runner/work/Multilingual-News-Sentiment-Entity-Analysis-Pipeline/Multilingual-News-Sentiment-Entity-Analysis-Pipeline/dbt_project/target/semantic_manifest.json
[0m15:05:32.146986 [debug] [MainThread]: Wrote artifact OsiDocument to /home/runner/work/Multilingual-News-Sentiment-Entity-Analysis-Pipeline/Multilingual-News-Sentiment-Entity-Analysis-Pipeline/dbt_project/target/osi_document.json
[0m15:05:32.171173 [debug] [MainThread]: Sending event: {'category': 'dbt', 'action': 'resource_counts', 'label': '10f1df9f-8d10-4b05-9aec-005a8bd2d787', 'context': [<snowplow_tracker.self_describing_json.SelfDescribingJson object at 0x7f4580d14a30>]}
[0m15:05:32.171925 [info ] [MainThread]: Found 7 models, 8 data tests, 5 sources, 500 macros
[0m15:05:32.172390 [debug] [MainThread]: Sending event: {'category': 'dbt', 'action': 'runnable_timing', 'label': '10f1df9f-8d10-4b05-9aec-005a8bd2d787', 'context': [<snowplow_tracker.self_describing_json.SelfDescribingJson object at 0x7f4580d15420>]}
[0m15:05:32.174458 [info ] [MainThread]: 
[0m15:05:32.175005 [info ] [MainThread]: Concurrency: 4 threads (target='dev')
[0m15:05:32.175415 [info ] [MainThread]: 
[0m15:05:32.176065 [debug] [MainThread]: Acquiring new duckdb connection 'master'
[0m15:05:32.182464 [debug] [ThreadPool]: Acquiring new duckdb connection 'list_warehouse'
[0m15:05:32.213958 [debug] [ThreadPool]: Using duckdb connection "list_warehouse"
[0m15:05:32.214544 [debug] [ThreadPool]: On list_warehouse: /* {"app": "dbt", "dbt_version": "1.12.5", "profile_name": "news_warehouse", "target_name": "dev", "connection_name": "list_warehouse"} */

    
    select schema_name
    from system.information_schema.schemata
    
    where lower(catalog_name) = '"warehouse"'
    
  
  
[0m15:05:32.214954 [debug] [ThreadPool]: Opening a new connection, currently in state init
[0m15:05:32.228390 [debug] [ThreadPool]: SQL status: OK in 0.013 seconds
[0m15:05:32.229907 [debug] [ThreadPool]: On list_warehouse: Close
[0m15:05:32.230934 [debug] [ThreadPool]: Re-using an available connection from the pool (formerly list_warehouse, now create_warehouse_main)
[0m15:05:32.231559 [debug] [ThreadPool]: Creating schema "database: "warehouse"
schema: "main"
"
[0m15:05:32.239417 [debug] [ThreadPool]: Using duckdb connection "create_warehouse_main"
[0m15:05:32.239943 [debug] [ThreadPool]: On create_warehouse_main: /* {"app": "dbt", "dbt_version": "1.12.5", "profile_name": "news_warehouse", "target_name": "dev", "connection_name": "create_warehouse_main"} */

    
        select type from duckdb_databases()
        where lower(database_name)='warehouse'
        and type != 'duckdb'
    
  
[0m15:05:32.240337 [debug] [ThreadPool]: Opening a new connection, currently in state closed
[0m15:05:32.241650 [debug] [ThreadPool]: SQL status: OK in 0.001 seconds
[0m15:05:32.243019 [debug] [ThreadPool]: Using duckdb connection "create_warehouse_main"
[0m15:05:32.243468 [debug] [ThreadPool]: On create_warehouse_main: BEGIN
[0m15:05:32.244128 [debug] [ThreadPool]: SQL status: OK in 0.000 seconds
[0m15:05:32.244593 [debug] [ThreadPool]: Using duckdb connection "create_warehouse_main"
[0m15:05:32.244990 [debug] [ThreadPool]: On create_warehouse_main: /* {"app": "dbt", "dbt_version": "1.12.5", "profile_name": "news_warehouse", "target_name": "dev", "connection_name": "create_warehouse_main"} */

    
    
        create schema if not exists "warehouse"."main"
    
[0m15:05:32.245810 [debug] [ThreadPool]: SQL status: OK in 0.000 seconds
[0m15:05:32.246779 [debug] [ThreadPool]: On create_warehouse_main: COMMIT
[0m15:05:32.247231 [debug] [ThreadPool]: Using duckdb connection "create_warehouse_main"
[0m15:05:32.247640 [debug] [ThreadPool]: On create_warehouse_main: COMMIT
[0m15:05:32.248305 [debug] [ThreadPool]: SQL status: OK in 0.000 seconds
[0m15:05:32.248755 [debug] [ThreadPool]: On create_warehouse_main: Close
[0m15:05:32.250551 [debug] [ThreadPool]: Re-using an available connection from the pool (formerly create_warehouse_main, now list_warehouse_main)
[0m15:05:32.255586 [debug] [ThreadPool]: Using duckdb connection "list_warehouse_main"
[0m15:05:32.256090 [debug] [ThreadPool]: On list_warehouse_main: BEGIN
[0m15:05:32.256504 [debug] [ThreadPool]: Opening a new connection, currently in state closed
[0m15:05:32.257260 [debug] [ThreadPool]: SQL status: OK in 0.001 seconds
[0m15:05:32.257887 [debug] [ThreadPool]: Using duckdb connection "list_warehouse_main"
[0m15:05:32.258293 [debug] [ThreadPool]: On list_warehouse_main: /* {"app": "dbt", "dbt_version": "1.12.5", "profile_name": "news_warehouse", "target_name": "dev", "connection_name": "list_warehouse_main"} */
select
      'warehouse' as database,
      table_name as name,
      table_schema as schema,
      CASE table_type
        WHEN 'BASE TABLE' THEN 'table'
        WHEN 'VIEW' THEN 'view'
        WHEN 'LOCAL TEMPORARY' THEN 'table'
        END as type
    from system.information_schema.tables
    where lower(table_schema) = 'main'
    and lower(table_catalog) = 'warehouse'
  
[0m15:05:32.262413 [debug] [ThreadPool]: SQL status: OK in 0.004 seconds
[0m15:05:32.263980 [debug] [ThreadPool]: On list_warehouse_main: ROLLBACK
[0m15:05:32.264719 [debug] [ThreadPool]: On list_warehouse_main: Close
[0m15:05:32.267088 [debug] [MainThread]: Sending event: {'category': 'dbt', 'action': 'runnable_timing', 'label': '10f1df9f-8d10-4b05-9aec-005a8bd2d787', 'context': [<snowplow_tracker.self_describing_json.SelfDescribingJson object at 0x7f458197edd0>]}
[0m15:05:32.267779 [debug] [MainThread]: Using duckdb connection "master"
[0m15:05:32.268218 [debug] [MainThread]: On master: BEGIN
[0m15:05:32.268651 [debug] [MainThread]: Opening a new connection, currently in state init
[0m15:05:32.269426 [debug] [MainThread]: SQL status: OK in 0.001 seconds
[0m15:05:32.269900 [debug] [MainThread]: On master: COMMIT
[0m15:05:32.270298 [debug] [MainThread]: Using duckdb connection "master"
[0m15:05:32.270731 [debug] [MainThread]: On master: COMMIT
[0m15:05:32.271333 [debug] [MainThread]: SQL status: OK in 0.000 seconds
[0m15:05:32.271792 [debug] [MainThread]: On master: Close
[0m15:05:32.278256 [debug] [Thread-1 (]: Began running node model.news_warehouse.dim_entity_summary
[0m15:05:32.279029 [info ] [Thread-1 (]: 1 of 7 START sql table model main.dim_entity_summary ........................... [RUN]
[0m15:05:32.279724 [debug] [Thread-1 (]: Re-using an available connection from the pool (formerly list_warehouse_main, now model.news_warehouse.dim_entity_summary)
[0m15:05:32.280230 [debug] [Thread-1 (]: Began compiling node model.news_warehouse.dim_entity_summary
[0m15:05:32.285934 [debug] [Thread-2 (]: Began running node model.news_warehouse.stg_articles
[0m15:05:32.286557 [debug] [Thread-3 (]: Began running node model.news_warehouse.stg_entities
[0m15:05:32.288683 [debug] [Thread-1 (]: Writing injected SQL for node "model.news_warehouse.dim_entity_summary"
[0m15:05:32.289358 [debug] [Thread-4 (]: Began running node model.news_warehouse.stg_headlines
[0m15:05:32.290023 [info ] [Thread-2 (]: 2 of 7 START sql view model main.stg_articles .................................. [RUN]
[0m15:05:32.290733 [info ] [Thread-3 (]: 3 of 7 START sql view model main.stg_entities .................................. [RUN]
[0m15:05:32.291531 [info ] [Thread-4 (]: 4 of 7 START sql view model main.stg_headlines ................................. [RUN]
[0m15:05:32.292356 [debug] [Thread-2 (]: Acquiring new duckdb connection 'model.news_warehouse.stg_articles'
[0m15:05:32.292919 [debug] [Thread-1 (]: Began executing node model.news_warehouse.dim_entity_summary
[0m15:05:32.293642 [debug] [Thread-3 (]: Acquiring new duckdb connection 'model.news_warehouse.stg_entities'
[0m15:05:32.294360 [debug] [Thread-4 (]: Acquiring new duckdb connection 'model.news_warehouse.stg_headlines'
[0m15:05:32.294936 [debug] [Thread-2 (]: Began compiling node model.news_warehouse.stg_articles
[0m15:05:32.305697 [debug] [Thread-3 (]: Began compiling node model.news_warehouse.stg_entities
[0m15:05:32.321348 [debug] [Thread-4 (]: Began compiling node model.news_warehouse.stg_headlines
[0m15:05:32.348946 [debug] [Thread-2 (]: Writing injected SQL for node "model.news_warehouse.stg_articles"
[0m15:05:32.350923 [debug] [Thread-1 (]: Writing runtime sql for node "model.news_warehouse.dim_entity_summary"
[0m15:05:32.353733 [debug] [Thread-3 (]: Writing injected SQL for node "model.news_warehouse.stg_entities"
[0m15:05:32.356870 [debug] [Thread-4 (]: Writing injected SQL for node "model.news_warehouse.stg_headlines"
[0m15:05:32.358190 [debug] [Thread-2 (]: Began executing node model.news_warehouse.stg_articles
[0m15:05:32.369133 [debug] [Thread-1 (]: Using duckdb connection "model.news_warehouse.dim_entity_summary"
[0m15:05:32.374916 [debug] [Thread-1 (]: On model.news_warehouse.dim_entity_summary: BEGIN
[0m15:05:32.375662 [debug] [Thread-1 (]: Opening a new connection, currently in state closed
[0m15:05:32.379135 [debug] [Thread-2 (]: Writing runtime sql for node "model.news_warehouse.stg_articles"
[0m15:05:32.379860 [debug] [Thread-3 (]: Began executing node model.news_warehouse.stg_entities
[0m15:05:32.380556 [debug] [Thread-4 (]: Began executing node model.news_warehouse.stg_headlines
[0m15:05:32.384805 [debug] [Thread-3 (]: Writing runtime sql for node "model.news_warehouse.stg_entities"
[0m15:05:32.385509 [debug] [Thread-1 (]: SQL status: OK in 0.010 seconds
[0m15:05:32.389528 [debug] [Thread-4 (]: Writing runtime sql for node "model.news_warehouse.stg_headlines"
[0m15:05:32.390393 [debug] [Thread-2 (]: Using duckdb connection "model.news_warehouse.stg_articles"
[0m15:05:32.390987 [debug] [Thread-1 (]: Using duckdb connection "model.news_warehouse.dim_entity_summary"
[0m15:05:32.391679 [debug] [Thread-3 (]: Using duckdb connection "model.news_warehouse.stg_entities"
[0m15:05:32.392385 [debug] [Thread-2 (]: On model.news_warehouse.stg_articles: BEGIN
[0m15:05:32.392993 [debug] [Thread-1 (]: On model.news_warehouse.dim_entity_summary: /* {"app": "dbt", "dbt_version": "1.12.5", "profile_name": "news_warehouse", "target_name": "dev", "node_id": "model.news_warehouse.dim_entity_summary"} */

    

    create  table
      "warehouse"."main"."dim_entity_summary__dbt_tmp"
  
    
    as (
      -- dim_entity_summary.sql
-- Mart model: entity frequency analysis with sentiment correlation.
-- Shows which entities appear most and their average sentiment context.



WITH entity_articles AS (
    SELECT
        de.entity_key,
        de.entity_text,
        de.entity_label,
        fa.article_key,
        fa.polarity,
        fa.sentiment_label,
        ds.source_name,
        dd.full_date AS scrape_date
    FROM bridge_article_entity bae
    JOIN dim_entity de       ON bae.entity_key = de.entity_key
    JOIN fact_articles fa     ON bae.article_key = fa.article_key
    LEFT JOIN dim_source ds   ON fa.source_key = ds.source_key
    LEFT JOIN dim_date dd     ON fa.date_key = dd.date_key
)

SELECT
    entity_text,
    entity_label,

    -- Frequency
    COUNT(DISTINCT article_key)                  AS article_count,
    COUNT(DISTINCT source_name)                  AS source_count,
    COUNT(DISTINCT scrape_date)                  AS days_active,

    -- Sentiment correlation
    ROUND(AVG(polarity), 4)                      AS avg_polarity,
    ROUND(STDDEV(polarity), 4)                   AS stddev_polarity,

    -- Sentiment distribution
    COUNT(CASE WHEN polarity > 0.05  THEN 1 END) AS positive_mentions,
    COUNT(CASE WHEN polarity < -0.05 THEN 1 END) AS negative_mentions,
    COUNT(CASE WHEN polarity BETWEEN -0.05 AND 0.05 THEN 1 END) AS neutral_mentions,

    -- Source spread
    LISTAGG(DISTINCT source_name, ', ')           AS mentioned_in_sources,

    -- Recency
    MAX(scrape_date)                              AS last_seen,
    MIN(scrape_date)                              AS first_seen

FROM entity_articles
GROUP BY entity_text, entity_label
HAVING COUNT(DISTINCT article_key) >= 2
ORDER BY article_count DESC
    );
    
  
[0m15:05:32.393800 [debug] [Thread-4 (]: Using duckdb connection "model.news_warehouse.stg_headlines"
[0m15:05:32.394353 [debug] [Thread-3 (]: On model.news_warehouse.stg_entities: BEGIN
[0m15:05:32.394902 [debug] [Thread-2 (]: Opening a new connection, currently in state init
[0m15:05:32.395814 [debug] [Thread-4 (]: On model.news_warehouse.stg_headlines: BEGIN
[0m15:05:32.396306 [debug] [Thread-3 (]: Opening a new connection, currently in state init
[0m15:05:32.397180 [debug] [Thread-4 (]: Opening a new connection, currently in state init
[0m15:05:32.398746 [debug] [Thread-3 (]: SQL status: OK in 0.002 seconds
[0m15:05:32.401047 [debug] [Thread-2 (]: SQL status: OK in 0.006 seconds
[0m15:05:32.401772 [debug] [Thread-4 (]: SQL status: OK in 0.005 seconds
[0m15:05:32.402309 [debug] [Thread-3 (]: Using duckdb connection "model.news_warehouse.stg_entities"
[0m15:05:32.404011 [debug] [Thread-3 (]: On model.news_warehouse.stg_entities: /* {"app": "dbt", "dbt_version": "1.12.5", "profile_name": "news_warehouse", "target_name": "dev", "node_id": "model.news_warehouse.stg_entities"} */

  
  create view "warehouse"."main"."stg_entities__dbt_tmp" as (
    -- stg_entities.sql
-- Mapping dim_entity and bridge_article_entity back to the 'stg_entities' expected by entity_trend.sql



SELECT
    de.entity_text as Entity_Name,
    de.entity_label as Entity_Label,
    bae.article_key as Headline_ID
FROM "warehouse"."main"."dim_entity" de
JOIN "warehouse"."main"."bridge_article_entity" bae ON de.entity_key = bae.entity_key
  );

[0m15:05:32.403447 [debug] [Thread-4 (]: Using duckdb connection "model.news_warehouse.stg_headlines"
[0m15:05:32.402940 [debug] [Thread-2 (]: Using duckdb connection "model.news_warehouse.stg_articles"
[0m15:05:32.405244 [debug] [Thread-4 (]: On model.news_warehouse.stg_headlines: /* {"app": "dbt", "dbt_version": "1.12.5", "profile_name": "news_warehouse", "target_name": "dev", "node_id": "model.news_warehouse.stg_headlines"} */

  
  create view "warehouse"."main"."stg_headlines__dbt_tmp" as (
    -- stg_headlines.sql
-- Mapping fact_articles to the 'stg_headlines' expected by marks/entity_trend.sql



SELECT
    fa.article_key as Headline_ID,
    ds.source_name as Source_Name,
    fa.translated_headline,
    fa.polarity,
    fa.sentiment_label,
    dd.full_date as Date_Extracted
FROM "warehouse"."main"."fact_articles" fa
JOIN "warehouse"."main"."dim_date" dd ON fa.date_key = dd.date_key
JOIN "warehouse"."main"."dim_source" ds ON fa.source_key = ds.source_key
  );

[0m15:05:32.405824 [debug] [Thread-3 (]: SQL status: OK in 0.001 seconds
[0m15:05:32.406426 [debug] [Thread-2 (]: On model.news_warehouse.stg_articles: /* {"app": "dbt", "dbt_version": "1.12.5", "profile_name": "news_warehouse", "target_name": "dev", "node_id": "model.news_warehouse.stg_articles"} */

  
  create view "warehouse"."main"."stg_articles__dbt_tmp" as (
    -- stg_articles.sql
-- Staging model: joins fact_articles with dimension tables to produce
-- a clean, denormalized view of all articles for downstream analytics.



SELECT
    fa.article_key,
    fa.original_headline,
    fa.translated_headline,
    fa.polarity,
    fa.sentiment_label,

    -- Source dimension
    ds.source_name,
    ds.language_code,
    ds.region,
    ds.base_url,

    -- Date dimension
    dd.full_date       AS scrape_date,
    dd.day,
    dd.month,
    dd.year,
    dd.day_of_week,
    dd.week_of_year,
    dd.quarter,
    dd.is_weekend,

    -- Computed fields
    LENGTH(fa.translated_headline) AS headline_length,
    CASE
        WHEN fa.polarity > 0.05  THEN 'positive'
        WHEN fa.polarity < -0.05 THEN 'negative'
        ELSE 'neutral'
    END AS polarity_bucket

FROM fact_articles fa
LEFT JOIN dim_source ds ON fa.source_key = ds.source_key
LEFT JOIN dim_date dd   ON fa.date_key = dd.date_key
  );

[0m15:05:32.415615 [debug] [Thread-2 (]: SQL status: OK in 0.001 seconds
[0m15:05:32.414119 [debug] [Thread-3 (]: Using duckdb connection "model.news_warehouse.stg_entities"
[0m15:05:32.407716 [debug] [Thread-4 (]: SQL status: OK in 0.001 seconds
[0m15:05:32.418637 [debug] [Thread-2 (]: Using duckdb connection "model.news_warehouse.stg_articles"
[0m15:05:32.419267 [debug] [Thread-3 (]: On model.news_warehouse.stg_entities: /* {"app": "dbt", "dbt_version": "1.12.5", "profile_name": "news_warehouse", "target_name": "dev", "node_id": "model.news_warehouse.stg_entities"} */
alter view "warehouse"."main"."stg_entities" rename to "stg_entities__dbt_backup"
[0m15:05:32.422025 [debug] [Thread-4 (]: Using duckdb connection "model.news_warehouse.stg_headlines"
[0m15:05:32.422663 [debug] [Thread-2 (]: On model.news_warehouse.stg_articles: /* {"app": "dbt", "dbt_version": "1.12.5", "profile_name": "news_warehouse", "target_name": "dev", "node_id": "model.news_warehouse.stg_articles"} */
alter view "warehouse"."main"."stg_articles" rename to "stg_articles__dbt_backup"
[0m15:05:32.423629 [debug] [Thread-4 (]: On model.news_warehouse.stg_headlines: /* {"app": "dbt", "dbt_version": "1.12.5", "profile_name": "news_warehouse", "target_name": "dev", "node_id": "model.news_warehouse.stg_headlines"} */
alter view "warehouse"."main"."stg_headlines" rename to "stg_headlines__dbt_backup"
[0m15:05:32.424349 [debug] [Thread-3 (]: SQL status: OK in 0.001 seconds
[0m15:05:32.425378 [debug] [Thread-2 (]: SQL status: OK in 0.000 seconds
[0m15:05:32.428282 [debug] [Thread-3 (]: Using duckdb connection "model.news_warehouse.stg_entities"
[0m15:05:32.428855 [debug] [Thread-4 (]: SQL status: OK in 0.003 seconds
[0m15:05:32.431343 [debug] [Thread-2 (]: Using duckdb connection "model.news_warehouse.stg_articles"
[0m15:05:32.431977 [debug] [Thread-3 (]: On model.news_warehouse.stg_entities: /* {"app": "dbt", "dbt_version": "1.12.5", "profile_name": "news_warehouse", "target_name": "dev", "node_id": "model.news_warehouse.stg_entities"} */
alter view "warehouse"."main"."stg_entities__dbt_tmp" rename to "stg_entities"
[0m15:05:32.434539 [debug] [Thread-4 (]: Using duckdb connection "model.news_warehouse.stg_headlines"
[0m15:05:32.435177 [debug] [Thread-2 (]: On model.news_warehouse.stg_articles: /* {"app": "dbt", "dbt_version": "1.12.5", "profile_name": "news_warehouse", "target_name": "dev", "node_id": "model.news_warehouse.stg_articles"} */
alter view "warehouse"."main"."stg_articles__dbt_tmp" rename to "stg_articles"
[0m15:05:32.436111 [debug] [Thread-4 (]: On model.news_warehouse.stg_headlines: /* {"app": "dbt", "dbt_version": "1.12.5", "profile_name": "news_warehouse", "target_name": "dev", "node_id": "model.news_warehouse.stg_headlines"} */
alter view "warehouse"."main"."stg_headlines__dbt_tmp" rename to "stg_headlines"
[0m15:05:32.436793 [debug] [Thread-3 (]: SQL status: OK in 0.001 seconds
[0m15:05:32.437783 [debug] [Thread-2 (]: SQL status: OK in 0.000 seconds
[0m15:05:32.453142 [debug] [Thread-3 (]: On model.news_warehouse.stg_entities: COMMIT
[0m15:05:32.453931 [debug] [Thread-4 (]: SQL status: OK in 0.015 seconds
[0m15:05:32.456235 [debug] [Thread-2 (]: On model.news_warehouse.stg_articles: COMMIT
[0m15:05:32.456882 [debug] [Thread-3 (]: Using duckdb connection "model.news_warehouse.stg_entities"
[0m15:05:32.459215 [debug] [Thread-4 (]: On model.news_warehouse.stg_headlines: COMMIT
[0m15:05:32.460922 [debug] [Thread-4 (]: Using duckdb connection "model.news_warehouse.stg_headlines"
[0m15:05:32.459843 [debug] [Thread-2 (]: Using duckdb connection "model.news_warehouse.stg_articles"
[0m15:05:32.461885 [debug] [Thread-2 (]: On model.news_warehouse.stg_articles: COMMIT
[0m15:05:32.460363 [debug] [Thread-3 (]: On model.news_warehouse.stg_entities: COMMIT
[0m15:05:32.461387 [debug] [Thread-4 (]: On model.news_warehouse.stg_headlines: COMMIT
[0m15:05:32.464931 [debug] [Thread-3 (]: SQL status: OK in 0.002 seconds
[0m15:05:32.471265 [debug] [Thread-3 (]: Using duckdb connection "model.news_warehouse.stg_entities"
[0m15:05:32.471930 [debug] [Thread-4 (]: SQL status: OK in 0.009 seconds
[0m15:05:32.472547 [debug] [Thread-3 (]: On model.news_warehouse.stg_entities: /* {"app": "dbt", "dbt_version": "1.12.5", "profile_name": "news_warehouse", "target_name": "dev", "node_id": "model.news_warehouse.stg_entities"} */

      drop view if exists "warehouse"."main"."stg_entities__dbt_backup" cascade
    
[0m15:05:32.474579 [debug] [Thread-4 (]: Using duckdb connection "model.news_warehouse.stg_headlines"
[0m15:05:32.475095 [debug] [Thread-2 (]: SQL status: OK in 0.013 seconds
[0m15:05:32.475853 [debug] [Thread-4 (]: On model.news_warehouse.stg_headlines: /* {"app": "dbt", "dbt_version": "1.12.5", "profile_name": "news_warehouse", "target_name": "dev", "node_id": "model.news_warehouse.stg_headlines"} */

      drop view if exists "warehouse"."main"."stg_headlines__dbt_backup" cascade
    
[0m15:05:32.479910 [debug] [Thread-2 (]: Using duckdb connection "model.news_warehouse.stg_articles"
[0m15:05:32.485412 [debug] [Thread-2 (]: On model.news_warehouse.stg_articles: /* {"app": "dbt", "dbt_version": "1.12.5", "profile_name": "news_warehouse", "target_name": "dev", "node_id": "model.news_warehouse.stg_articles"} */

      drop view if exists "warehouse"."main"."stg_articles__dbt_backup" cascade
    
[0m15:05:32.481282 [debug] [Thread-3 (]: SQL status: OK in 0.005 seconds
[0m15:05:32.492854 [debug] [Thread-4 (]: SQL status: OK in 0.008 seconds
[0m15:05:32.495221 [debug] [Thread-4 (]: On model.news_warehouse.stg_headlines: Close
[0m15:05:32.492381 [debug] [Thread-3 (]: On model.news_warehouse.stg_entities: Close
[0m15:05:32.499674 [debug] [Thread-2 (]: SQL status: OK in 0.013 seconds
[0m15:05:32.500907 [debug] [Thread-4 (]: Sending event: {'category': 'dbt', 'action': 'run_model', 'label': '10f1df9f-8d10-4b05-9aec-005a8bd2d787', 'context': [<snowplow_tracker.self_describing_json.SelfDescribingJson object at 0x7f4580d988b0>]}
[0m15:05:32.502236 [debug] [Thread-3 (]: Sending event: {'category': 'dbt', 'action': 'run_model', 'label': '10f1df9f-8d10-4b05-9aec-005a8bd2d787', 'context': [<snowplow_tracker.self_describing_json.SelfDescribingJson object at 0x7f458c011d50>]}
[0m15:05:32.504174 [debug] [Thread-2 (]: On model.news_warehouse.stg_articles: Close
[0m15:05:32.505359 [info ] [Thread-4 (]: 4 of 7 OK created sql view model main.stg_headlines ............................ [[32mOK[0m in 0.20s]
[0m15:05:32.506812 [info ] [Thread-3 (]: 3 of 7 OK created sql view model main.stg_entities ............................. [[32mOK[0m in 0.21s]
[0m15:05:32.507904 [debug] [Thread-2 (]: Sending event: {'category': 'dbt', 'action': 'run_model', 'label': '10f1df9f-8d10-4b05-9aec-005a8bd2d787', 'context': [<snowplow_tracker.self_describing_json.SelfDescribingJson object at 0x7f4580c80370>]}
[0m15:05:32.508736 [debug] [Thread-4 (]: Finished running node model.news_warehouse.stg_headlines
[0m15:05:32.509313 [debug] [Thread-1 (]: SQL status: OK in 0.114 seconds
[0m15:05:32.510021 [debug] [Thread-3 (]: Finished running node model.news_warehouse.stg_entities
[0m15:05:32.510823 [info ] [Thread-2 (]: 2 of 7 OK created sql view model main.stg_articles ............................. [[32mOK[0m in 0.22s]
[0m15:05:32.516883 [debug] [Thread-4 (]: Began running node model.news_warehouse.weekly_source_comparison
[0m15:05:32.516314 [debug] [Thread-1 (]: Using duckdb connection "model.news_warehouse.dim_entity_summary"
[0m15:05:32.517925 [debug] [Thread-2 (]: Finished running node model.news_warehouse.stg_articles
[0m15:05:32.518562 [debug] [Thread-3 (]: Began running node model.news_warehouse.entity_trend
[0m15:05:32.519221 [info ] [Thread-4 (]: 5 of 7 START sql table model main.weekly_source_comparison ..................... [RUN]
[0m15:05:32.519835 [debug] [Thread-1 (]: On model.news_warehouse.dim_entity_summary: /* {"app": "dbt", "dbt_version": "1.12.5", "profile_name": "news_warehouse", "target_name": "dev", "node_id": "model.news_warehouse.dim_entity_summary"} */

    SELECT index_name
    FROM duckdb_indexes()
    WHERE database_name = 'warehouse'
      AND schema_name = 'main'
      AND table_name = 'dim_entity_summary'
  
[0m15:05:32.520675 [info ] [Thread-3 (]: 6 of 7 START sql table model main.entity_trend ................................. [RUN]
[0m15:05:32.521512 [debug] [Thread-4 (]: Re-using an available connection from the pool (formerly model.news_warehouse.stg_headlines, now model.news_warehouse.weekly_source_comparison)
[0m15:05:32.522097 [debug] [Thread-2 (]: Began running node model.news_warehouse.fct_daily_sentiment
[0m15:05:32.522916 [debug] [Thread-3 (]: Re-using an available connection from the pool (formerly model.news_warehouse.stg_entities, now model.news_warehouse.entity_trend)
[0m15:05:32.523635 [debug] [Thread-1 (]: SQL status: OK in 0.001 seconds
[0m15:05:32.524190 [debug] [Thread-4 (]: Began compiling node model.news_warehouse.weekly_source_comparison
[0m15:05:32.524902 [info ] [Thread-2 (]: 7 of 7 START sql table model main.fct_daily_sentiment .......................... [RUN]
[0m15:05:32.525524 [debug] [Thread-3 (]: Began compiling node model.news_warehouse.entity_trend
[0m15:05:32.528179 [debug] [Thread-4 (]: Writing injected SQL for node "model.news_warehouse.weekly_source_comparison"
[0m15:05:32.531193 [debug] [Thread-1 (]: Using duckdb connection "model.news_warehouse.dim_entity_summary"
[0m15:05:32.531893 [debug] [Thread-2 (]: Re-using an available connection from the pool (formerly model.news_warehouse.stg_articles, now model.news_warehouse.fct_daily_sentiment)
[0m15:05:32.534545 [debug] [Thread-3 (]: Writing injected SQL for node "model.news_warehouse.entity_trend"
[0m15:05:32.535321 [debug] [Thread-1 (]: On model.news_warehouse.dim_entity_summary: /* {"app": "dbt", "dbt_version": "1.12.5", "profile_name": "news_warehouse", "target_name": "dev", "node_id": "model.news_warehouse.dim_entity_summary"} */
alter table "warehouse"."main"."dim_entity_summary" rename to "dim_entity_summary__dbt_backup"
[0m15:05:32.536047 [debug] [Thread-2 (]: Began compiling node model.news_warehouse.fct_daily_sentiment
[0m15:05:32.536807 [debug] [Thread-4 (]: Began executing node model.news_warehouse.weekly_source_comparison
[0m15:05:32.539583 [debug] [Thread-2 (]: Writing injected SQL for node "model.news_warehouse.fct_daily_sentiment"
[0m15:05:32.540134 [debug] [Thread-3 (]: Began executing node model.news_warehouse.entity_trend
[0m15:05:32.544285 [debug] [Thread-4 (]: Writing runtime sql for node "model.news_warehouse.weekly_source_comparison"
[0m15:05:32.544866 [debug] [Thread-1 (]: SQL status: OK in 0.007 seconds
[0m15:05:32.549171 [debug] [Thread-3 (]: Writing runtime sql for node "model.news_warehouse.entity_trend"
[0m15:05:32.552150 [debug] [Thread-1 (]: Using duckdb connection "model.news_warehouse.dim_entity_summary"
[0m15:05:32.553065 [debug] [Thread-2 (]: Began executing node model.news_warehouse.fct_daily_sentiment
[0m15:05:32.553807 [debug] [Thread-1 (]: On model.news_warehouse.dim_entity_summary: /* {"app": "dbt", "dbt_version": "1.12.5", "profile_name": "news_warehouse", "target_name": "dev", "node_id": "model.news_warehouse.dim_entity_summary"} */
alter table "warehouse"."main"."dim_entity_summary__dbt_tmp" rename to "dim_entity_summary"
[0m15:05:32.557940 [debug] [Thread-2 (]: Writing runtime sql for node "model.news_warehouse.fct_daily_sentiment"
[0m15:05:32.558713 [debug] [Thread-4 (]: Using duckdb connection "model.news_warehouse.weekly_source_comparison"
[0m15:05:32.559766 [debug] [Thread-3 (]: Using duckdb connection "model.news_warehouse.entity_trend"
[0m15:05:32.560650 [debug] [Thread-4 (]: On model.news_warehouse.weekly_source_comparison: BEGIN
[0m15:05:32.561220 [debug] [Thread-1 (]: SQL status: OK in 0.002 seconds
[0m15:05:32.561837 [debug] [Thread-3 (]: On model.news_warehouse.entity_trend: BEGIN
[0m15:05:32.562460 [debug] [Thread-2 (]: Using duckdb connection "model.news_warehouse.fct_daily_sentiment"
[0m15:05:32.563029 [debug] [Thread-4 (]: Opening a new connection, currently in state closed
[0m15:05:32.569113 [debug] [Thread-1 (]: On model.news_warehouse.dim_entity_summary: COMMIT
[0m15:05:32.569724 [debug] [Thread-3 (]: Opening a new connection, currently in state closed
[0m15:05:32.570243 [debug] [Thread-2 (]: On model.news_warehouse.fct_daily_sentiment: BEGIN
[0m15:05:32.571095 [debug] [Thread-1 (]: Using duckdb connection "model.news_warehouse.dim_entity_summary"
[0m15:05:32.571934 [debug] [Thread-2 (]: Opening a new connection, currently in state closed
[0m15:05:32.572589 [debug] [Thread-4 (]: SQL status: OK in 0.010 seconds
[0m15:05:32.573096 [debug] [Thread-1 (]: On model.news_warehouse.dim_entity_summary: COMMIT
[0m15:05:32.573849 [debug] [Thread-3 (]: SQL status: OK in 0.004 seconds
[0m15:05:32.574437 [debug] [Thread-4 (]: Using duckdb connection "model.news_warehouse.weekly_source_comparison"
[0m15:05:32.575118 [debug] [Thread-2 (]: SQL status: OK in 0.003 seconds
[0m15:05:32.575719 [debug] [Thread-3 (]: Using duckdb connection "model.news_warehouse.entity_trend"
[0m15:05:32.576307 [debug] [Thread-4 (]: On model.news_warehouse.weekly_source_comparison: /* {"app": "dbt", "dbt_version": "1.12.5", "profile_name": "news_warehouse", "target_name": "dev", "node_id": "model.news_warehouse.weekly_source_comparison"} */

    

    create  table
      "warehouse"."main"."weekly_source_comparison__dbt_tmp"
  
    
    as (
      

WITH weekly_stats AS (
    SELECT
        Source_Name,
        DATE_TRUNC('week', CAST(Date_Extracted AS DATE)) AS week_start,
        COUNT(*) as headline_count,
        AVG(Polarity) as avg_sentiment
    FROM "warehouse"."main"."stg_headlines"
    GROUP BY Source_Name, DATE_TRUNC('week', CAST(Date_Extracted AS DATE))
)

SELECT
    curr.Source_Name,
    curr.week_start,
    curr.headline_count,
    curr.avg_sentiment as current_sentiment,
    prev.avg_sentiment as previous_sentiment,
    (curr.avg_sentiment - prev.avg_sentiment) as sentiment_shift
FROM weekly_stats curr
LEFT JOIN weekly_stats prev 
    ON curr.Source_Name = prev.Source_Name
    AND curr.week_start = prev.week_start + INTERVAL 7 DAY
ORDER BY curr.week_start DESC, curr.Source_Name
    );
    
  
[0m15:05:32.578630 [debug] [Thread-1 (]: SQL status: OK in 0.004 seconds
[0m15:05:32.577596 [debug] [Thread-3 (]: On model.news_warehouse.entity_trend: /* {"app": "dbt", "dbt_version": "1.12.5", "profile_name": "news_warehouse", "target_name": "dev", "node_id": "model.news_warehouse.entity_trend"} */

    

    create  table
      "warehouse"."main"."entity_trend__dbt_tmp"
  
    
    as (
      

WITH entity_weekly AS (
    SELECT
        e.Entity_Name,
        e.Entity_Label,
        DATE_TRUNC('week', CAST(h.Date_Extracted AS DATE)) AS week_start,
        COUNT(*) as mention_count
    FROM "warehouse"."main"."stg_entities" e
    JOIN "warehouse"."main"."stg_headlines" h ON e.Headline_ID = h.Headline_ID
    GROUP BY e.Entity_Name, e.Entity_Label, DATE_TRUNC('week', CAST(h.Date_Extracted AS DATE))
)

SELECT
    curr.Entity_Name,
    curr.Entity_Label,
    curr.week_start,
    curr.mention_count as current_mentions,
    COALESCE(prev.mention_count, 0) as previous_mentions,
    (curr.mention_count - COALESCE(prev.mention_count, 0)) as mention_diff
FROM entity_weekly curr
LEFT JOIN entity_weekly prev 
    ON curr.Entity_Name = prev.Entity_Name
    AND curr.week_start = prev.week_start + INTERVAL 7 DAY
ORDER BY curr.week_start DESC, curr.mention_count DESC
    );
    
  
[0m15:05:32.576884 [debug] [Thread-2 (]: Using duckdb connection "model.news_warehouse.fct_daily_sentiment"
[0m15:05:32.580914 [debug] [Thread-1 (]: Using duckdb connection "model.news_warehouse.dim_entity_summary"
[0m15:05:32.582033 [debug] [Thread-2 (]: On model.news_warehouse.fct_daily_sentiment: /* {"app": "dbt", "dbt_version": "1.12.5", "profile_name": "news_warehouse", "target_name": "dev", "node_id": "model.news_warehouse.fct_daily_sentiment"} */

    

    create  table
      "warehouse"."main"."fct_daily_sentiment__dbt_tmp"
  
    
    as (
      -- fct_daily_sentiment.sql
-- Mart model: daily sentiment aggregation by source.
-- Powers the dashboard trend charts and weekly/monthly reports.



SELECT
    sa.scrape_date,
    sa.source_name,
    sa.region,
    sa.language_code,

    -- Measures
    COUNT(*)                                    AS headline_count,
    ROUND(AVG(sa.polarity), 4)                  AS avg_polarity,
    ROUND(STDDEV(sa.polarity), 4)               AS stddev_polarity,
    ROUND(MEDIAN(sa.polarity), 4)               AS median_polarity,
    MIN(sa.polarity)                            AS min_polarity,
    MAX(sa.polarity)                            AS max_polarity,

    -- Sentiment distribution
    COUNT(CASE WHEN sa.polarity_bucket = 'positive' THEN 1 END) AS positive_count,
    COUNT(CASE WHEN sa.polarity_bucket = 'neutral'  THEN 1 END) AS neutral_count,
    COUNT(CASE WHEN sa.polarity_bucket = 'negative' THEN 1 END) AS negative_count,

    -- Percentages
    ROUND(COUNT(CASE WHEN sa.polarity_bucket = 'positive' THEN 1 END) * 100.0 / COUNT(*), 1) AS positive_pct,
    ROUND(COUNT(CASE WHEN sa.polarity_bucket = 'negative' THEN 1 END) * 100.0 / COUNT(*), 1) AS negative_pct,

    -- Date dimensions
    sa.day_of_week,
    sa.week_of_year,
    sa.month,
    sa.year,
    sa.quarter,
    sa.is_weekend

FROM "warehouse"."main"."stg_articles" sa
WHERE sa.scrape_date IS NOT NULL
GROUP BY
    sa.scrape_date, sa.source_name, sa.region, sa.language_code,
    sa.day_of_week, sa.week_of_year, sa.month, sa.year, sa.quarter, sa.is_weekend
ORDER BY sa.scrape_date DESC, sa.source_name
    );
    
  
[0m15:05:32.582997 [debug] [Thread-1 (]: On model.news_warehouse.dim_entity_summary: /* {"app": "dbt", "dbt_version": "1.12.5", "profile_name": "news_warehouse", "target_name": "dev", "node_id": "model.news_warehouse.dim_entity_summary"} */

      drop table if exists "warehouse"."main"."dim_entity_summary__dbt_backup" cascade
    
[0m15:05:32.584409 [debug] [Thread-4 (]: SQL status: OK in 0.006 seconds
[0m15:05:32.588136 [debug] [Thread-4 (]: Using duckdb connection "model.news_warehouse.weekly_source_comparison"
[0m15:05:32.592099 [debug] [Thread-4 (]: On model.news_warehouse.weekly_source_comparison: /* {"app": "dbt", "dbt_version": "1.12.5", "profile_name": "news_warehouse", "target_name": "dev", "node_id": "model.news_warehouse.weekly_source_comparison"} */

    SELECT index_name
    FROM duckdb_indexes()
    WHERE database_name = 'warehouse'
      AND schema_name = 'main'
      AND table_name = 'weekly_source_comparison'
  
[0m15:05:32.597550 [debug] [Thread-4 (]: SQL status: OK in 0.001 seconds
[0m15:05:32.598468 [debug] [Thread-1 (]: SQL status: OK in 0.013 seconds
[0m15:05:32.599773 [debug] [Thread-2 (]: SQL status: OK in 0.016 seconds
[0m15:05:32.604049 [debug] [Thread-4 (]: Using duckdb connection "model.news_warehouse.weekly_source_comparison"
[0m15:05:32.606077 [debug] [Thread-1 (]: On model.news_warehouse.dim_entity_summary: Close
[0m15:05:32.609171 [debug] [Thread-1 (]: Sending event: {'category': 'dbt', 'action': 'run_model', 'label': '10f1df9f-8d10-4b05-9aec-005a8bd2d787', 'context': [<snowplow_tracker.self_describing_json.SelfDescribingJson object at 0x7f4580db3280>]}
[0m15:05:32.608125 [debug] [Thread-4 (]: On model.news_warehouse.weekly_source_comparison: /* {"app": "dbt", "dbt_version": "1.12.5", "profile_name": "news_warehouse", "target_name": "dev", "node_id": "model.news_warehouse.weekly_source_comparison"} */
alter table "warehouse"."main"."weekly_source_comparison" rename to "weekly_source_comparison__dbt_backup"
[0m15:05:32.607409 [debug] [Thread-2 (]: Using duckdb connection "model.news_warehouse.fct_daily_sentiment"
[0m15:05:32.609812 [debug] [Thread-3 (]: SQL status: OK in 0.028 seconds
[0m15:05:32.610647 [info ] [Thread-1 (]: 1 of 7 OK created sql table model main.dim_entity_summary ...................... [[32mOK[0m in 0.33s]
[0m15:05:32.611452 [debug] [Thread-2 (]: On model.news_warehouse.fct_daily_sentiment: /* {"app": "dbt", "dbt_version": "1.12.5", "profile_name": "news_warehouse", "target_name": "dev", "node_id": "model.news_warehouse.fct_daily_sentiment"} */

    SELECT index_name
    FROM duckdb_indexes()
    WHERE database_name = 'warehouse'
      AND schema_name = 'main'
      AND table_name = 'fct_daily_sentiment'
  
[0m15:05:32.612807 [debug] [Thread-3 (]: Using duckdb connection "model.news_warehouse.entity_trend"
[0m15:05:32.613364 [debug] [Thread-4 (]: SQL status: OK in 0.002 seconds
[0m15:05:32.614181 [debug] [Thread-1 (]: Finished running node model.news_warehouse.dim_entity_summary
[0m15:05:32.614917 [debug] [Thread-3 (]: On model.news_warehouse.entity_trend: /* {"app": "dbt", "dbt_version": "1.12.5", "profile_name": "news_warehouse", "target_name": "dev", "node_id": "model.news_warehouse.entity_trend"} */

    SELECT index_name
    FROM duckdb_indexes()
    WHERE database_name = 'warehouse'
      AND schema_name = 'main'
      AND table_name = 'entity_trend'
  
[0m15:05:32.617370 [debug] [Thread-4 (]: Using duckdb connection "model.news_warehouse.weekly_source_comparison"
[0m15:05:32.617950 [debug] [Thread-2 (]: SQL status: OK in 0.003 seconds
[0m15:05:32.618919 [debug] [Thread-4 (]: On model.news_warehouse.weekly_source_comparison: /* {"app": "dbt", "dbt_version": "1.12.5", "profile_name": "news_warehouse", "target_name": "dev", "node_id": "model.news_warehouse.weekly_source_comparison"} */
alter table "warehouse"."main"."weekly_source_comparison__dbt_tmp" rename to "weekly_source_comparison"
[0m15:05:32.619629 [debug] [Thread-3 (]: SQL status: OK in 0.001 seconds
[0m15:05:32.622764 [debug] [Thread-2 (]: Using duckdb connection "model.news_warehouse.fct_daily_sentiment"
[0m15:05:32.625592 [debug] [Thread-3 (]: Using duckdb connection "model.news_warehouse.entity_trend"
[0m15:05:32.626139 [debug] [Thread-4 (]: SQL status: OK in 0.006 seconds
[0m15:05:32.626718 [debug] [Thread-2 (]: On model.news_warehouse.fct_daily_sentiment: /* {"app": "dbt", "dbt_version": "1.12.5", "profile_name": "news_warehouse", "target_name": "dev", "node_id": "model.news_warehouse.fct_daily_sentiment"} */
alter table "warehouse"."main"."fct_daily_sentiment" rename to "fct_daily_sentiment__dbt_backup"
[0m15:05:32.627276 [debug] [Thread-3 (]: On model.news_warehouse.entity_trend: /* {"app": "dbt", "dbt_version": "1.12.5", "profile_name": "news_warehouse", "target_name": "dev", "node_id": "model.news_warehouse.entity_trend"} */
alter table "warehouse"."main"."entity_trend" rename to "entity_trend__dbt_backup"
[0m15:05:32.630090 [debug] [Thread-4 (]: On model.news_warehouse.weekly_source_comparison: COMMIT
[0m15:05:32.631022 [debug] [Thread-4 (]: Using duckdb connection "model.news_warehouse.weekly_source_comparison"
[0m15:05:32.631609 [debug] [Thread-4 (]: On model.news_warehouse.weekly_source_comparison: COMMIT
[0m15:05:32.632323 [debug] [Thread-2 (]: SQL status: OK in 0.002 seconds
[0m15:05:32.633097 [debug] [Thread-3 (]: SQL status: OK in 0.002 seconds
[0m15:05:32.633706 [debug] [Thread-4 (]: SQL status: OK in 0.002 seconds
[0m15:05:32.636139 [debug] [Thread-2 (]: Using duckdb connection "model.news_warehouse.fct_daily_sentiment"
[0m15:05:32.638618 [debug] [Thread-3 (]: Using duckdb connection "model.news_warehouse.entity_trend"
[0m15:05:32.640755 [debug] [Thread-4 (]: Using duckdb connection "model.news_warehouse.weekly_source_comparison"
[0m15:05:32.641340 [debug] [Thread-2 (]: On model.news_warehouse.fct_daily_sentiment: /* {"app": "dbt", "dbt_version": "1.12.5", "profile_name": "news_warehouse", "target_name": "dev", "node_id": "model.news_warehouse.fct_daily_sentiment"} */
alter table "warehouse"."main"."fct_daily_sentiment__dbt_tmp" rename to "fct_daily_sentiment"
[0m15:05:32.641927 [debug] [Thread-3 (]: On model.news_warehouse.entity_trend: /* {"app": "dbt", "dbt_version": "1.12.5", "profile_name": "news_warehouse", "target_name": "dev", "node_id": "model.news_warehouse.entity_trend"} */
alter table "warehouse"."main"."entity_trend__dbt_tmp" rename to "entity_trend"
[0m15:05:32.642466 [debug] [Thread-4 (]: On model.news_warehouse.weekly_source_comparison: /* {"app": "dbt", "dbt_version": "1.12.5", "profile_name": "news_warehouse", "target_name": "dev", "node_id": "model.news_warehouse.weekly_source_comparison"} */

      drop table if exists "warehouse"."main"."weekly_source_comparison__dbt_backup" cascade
    
[0m15:05:32.643630 [debug] [Thread-2 (]: SQL status: OK in 0.001 seconds
[0m15:05:32.646424 [debug] [Thread-2 (]: On model.news_warehouse.fct_daily_sentiment: COMMIT
[0m15:05:32.647091 [debug] [Thread-3 (]: SQL status: OK in 0.004 seconds
[0m15:05:32.647726 [debug] [Thread-4 (]: SQL status: OK in 0.004 seconds
[0m15:05:32.648238 [debug] [Thread-2 (]: Using duckdb connection "model.news_warehouse.fct_daily_sentiment"
[0m15:05:32.650869 [debug] [Thread-3 (]: On model.news_warehouse.entity_trend: COMMIT
[0m15:05:32.652477 [debug] [Thread-4 (]: On model.news_warehouse.weekly_source_comparison: Close
[0m15:05:32.653058 [debug] [Thread-2 (]: On model.news_warehouse.fct_daily_sentiment: COMMIT
[0m15:05:32.653639 [debug] [Thread-3 (]: Using duckdb connection "model.news_warehouse.entity_trend"
[0m15:05:32.654580 [debug] [Thread-4 (]: Sending event: {'category': 'dbt', 'action': 'run_model', 'label': '10f1df9f-8d10-4b05-9aec-005a8bd2d787', 'context': [<snowplow_tracker.self_describing_json.SelfDescribingJson object at 0x7f45808f8cd0>]}
[0m15:05:32.655269 [debug] [Thread-3 (]: On model.news_warehouse.entity_trend: COMMIT
[0m15:05:32.656446 [info ] [Thread-4 (]: 5 of 7 OK created sql table model main.weekly_source_comparison ................ [[32mOK[0m in 0.13s]
[0m15:05:32.657379 [debug] [Thread-2 (]: SQL status: OK in 0.002 seconds
[0m15:05:32.658440 [debug] [Thread-4 (]: Finished running node model.news_warehouse.weekly_source_comparison
[0m15:05:32.661273 [debug] [Thread-2 (]: Using duckdb connection "model.news_warehouse.fct_daily_sentiment"
[0m15:05:32.661980 [debug] [Thread-3 (]: SQL status: OK in 0.005 seconds
[0m15:05:32.662792 [debug] [Thread-2 (]: On model.news_warehouse.fct_daily_sentiment: /* {"app": "dbt", "dbt_version": "1.12.5", "profile_name": "news_warehouse", "target_name": "dev", "node_id": "model.news_warehouse.fct_daily_sentiment"} */

      drop table if exists "warehouse"."main"."fct_daily_sentiment__dbt_backup" cascade
    
[0m15:05:32.664836 [debug] [Thread-3 (]: Using duckdb connection "model.news_warehouse.entity_trend"
[0m15:05:32.665539 [debug] [Thread-3 (]: On model.news_warehouse.entity_trend: /* {"app": "dbt", "dbt_version": "1.12.5", "profile_name": "news_warehouse", "target_name": "dev", "node_id": "model.news_warehouse.entity_trend"} */

      drop table if exists "warehouse"."main"."entity_trend__dbt_backup" cascade
    
[0m15:05:32.666935 [debug] [Thread-2 (]: SQL status: OK in 0.001 seconds
[0m15:05:32.668626 [debug] [Thread-2 (]: On model.news_warehouse.fct_daily_sentiment: Close
[0m15:05:32.669141 [debug] [Thread-3 (]: SQL status: OK in 0.003 seconds
[0m15:05:32.670748 [debug] [Thread-3 (]: On model.news_warehouse.entity_trend: Close
[0m15:05:32.671570 [debug] [Thread-2 (]: Sending event: {'category': 'dbt', 'action': 'run_model', 'label': '10f1df9f-8d10-4b05-9aec-005a8bd2d787', 'context': [<snowplow_tracker.self_describing_json.SelfDescribingJson object at 0x7f4580840a30>]}
[0m15:05:32.672395 [debug] [Thread-3 (]: Sending event: {'category': 'dbt', 'action': 'run_model', 'label': '10f1df9f-8d10-4b05-9aec-005a8bd2d787', 'context': [<snowplow_tracker.self_describing_json.SelfDescribingJson object at 0x7f4580c80370>]}
[0m15:05:32.673245 [info ] [Thread-2 (]: 7 of 7 OK created sql table model main.fct_daily_sentiment ..................... [[32mOK[0m in 0.14s]
[0m15:05:32.673939 [info ] [Thread-3 (]: 6 of 7 OK created sql table model main.entity_trend ............................ [[32mOK[0m in 0.15s]
[0m15:05:32.674936 [debug] [Thread-2 (]: Finished running node model.news_warehouse.fct_daily_sentiment
[0m15:05:32.675598 [debug] [Thread-3 (]: Finished running node model.news_warehouse.entity_trend
[0m15:05:32.678206 [debug] [MainThread]: Using duckdb connection "master"
[0m15:05:32.678734 [debug] [MainThread]: On master: BEGIN
[0m15:05:32.679137 [debug] [MainThread]: Opening a new connection, currently in state closed
[0m15:05:32.680684 [debug] [MainThread]: SQL status: OK in 0.001 seconds
[0m15:05:32.681147 [debug] [MainThread]: On master: COMMIT
[0m15:05:32.681569 [debug] [MainThread]: Using duckdb connection "master"
[0m15:05:32.681966 [debug] [MainThread]: On master: COMMIT
[0m15:05:32.682696 [debug] [MainThread]: SQL status: OK in 0.000 seconds
[0m15:05:32.683222 [debug] [MainThread]: On master: Close
[0m15:05:32.683808 [debug] [MainThread]: Connection 'master' was properly closed.
[0m15:05:32.684198 [debug] [MainThread]: Connection 'model.news_warehouse.dim_entity_summary' was properly closed.
[0m15:05:32.684577 [debug] [MainThread]: Connection 'model.news_warehouse.fct_daily_sentiment' was properly closed.
[0m15:05:32.684944 [debug] [MainThread]: Connection 'model.news_warehouse.entity_trend' was properly closed.
[0m15:05:32.685295 [debug] [MainThread]: Connection 'model.news_warehouse.weekly_source_comparison' was properly closed.
[0m15:05:32.685822 [info ] [MainThread]: 
[0m15:05:32.686257 [info ] [MainThread]: Finished running 4 table models, 3 view models in 0 hours 0 minutes and 0.51 seconds (0.51s).
[0m15:05:32.687750 [debug] [MainThread]: Command end result
[0m15:05:32.727075 [debug] [MainThread]: Wrote artifact WritableManifest to /home/runner/work/Multilingual-News-Sentiment-Entity-Analysis-Pipeline/Multilingual-News-Sentiment-Entity-Analysis-Pipeline/dbt_project/target/manifest.json
[0m15:05:32.730650 [debug] [MainThread]: Wrote artifact SemanticManifest to /home/runner/work/Multilingual-News-Sentiment-Entity-Analysis-Pipeline/Multilingual-News-Sentiment-Entity-Analysis-Pipeline/dbt_project/target/semantic_manifest.json
[0m15:05:32.733838 [debug] [MainThread]: Wrote artifact OsiDocument to /home/runner/work/Multilingual-News-Sentiment-Entity-Analysis-Pipeline/Multilingual-News-Sentiment-Entity-Analysis-Pipeline/dbt_project/target/osi_document.json
[0m15:05:32.742547 [debug] [MainThread]: Wrote artifact RunExecutionResult to /home/runner/work/Multilingual-News-Sentiment-Entity-Analysis-Pipeline/Multilingual-News-Sentiment-Entity-Analysis-Pipeline/dbt_project/target/run_results.json
[0m15:05:32.743107 [info ] [MainThread]: 
[0m15:05:32.743632 [info ] [MainThread]: [32mCompleted successfully[0m
[0m15:05:32.744059 [info ] [MainThread]: 
[0m15:05:32.744535 [info ] [MainThread]: Done. PASS=7 WARN=0 ERROR=0 SKIP=0 NO-OP=0 REUSED=0 TOTAL=7
[0m15:05:32.760965 [debug] [MainThread]: Resource report: {"command_name": "run", "command_success": true, "command_wall_clock_time": 1.5943501, "process_in_blocks": "2256", "process_kernel_time": 0.147291, "process_mem_max_rss": "311580", "process_out_blocks": "7472", "process_user_time": 3.028986}
[0m15:05:32.761643 [debug] [MainThread]: Command `dbt run` succeeded at 15:05:32.761547 after 1.60 seconds
[0m15:05:32.762143 [debug] [MainThread]: Sending event: {'category': 'dbt', 'action': 'invocation', 'label': 'end', 'context': [<snowplow_tracker.self_describing_json.SelfDescribingJson object at 0x7f458a5a12a0>, <snowplow_tracker.self_describing_json.SelfDescribingJson object at 0x7f458a610520>, <snowplow_tracker.self_describing_json.SelfDescribingJson object at 0x7f45890f78e0>]}
[0m15:05:32.762654 [debug] [MainThread]: Flushing usage events
[0m15:05:33.081550 [debug] [MainThread]: An error was encountered while trying to flush usage events
[0m15:05:34.899997 [debug] [MainThread]: Sending event: {'category': 'dbt', 'action': 'invocation', 'label': 'start', 'context': [<snowplow_tracker.self_describing_json.SelfDescribingJson object at 0x7f2aa4299150>, <snowplow_tracker.self_describing_json.SelfDescribingJson object at 0x7f2aa2d63790>, <snowplow_tracker.self_describing_json.SelfDescribingJson object at 0x7f2aa2d63730>]}


============================== 15:05:34.903059 | 21fe707b-4a51-484f-978a-0cab1ea25576 ==============================
[0m15:05:34.903059 [info ] [MainThread]: Running with dbt=1.12.5
[0m15:05:34.903747 [debug] [MainThread]: running dbt with arguments {'introspect': 'True', 'cache_selected_only': 'False', 'quiet': 'False', 'hints_enabled': 'True', 'target_path': 'None', 'log_path': '/home/runner/work/Multilingual-News-Sentiment-Entity-Analysis-Pipeline/Multilingual-News-Sentiment-Entity-Analysis-Pipeline/dbt_project/logs', 'use_colors': 'True', 'profiles_dir': '.', 'static_parser': 'True', 'no_print': 'None', 'maximum_seed_size_mib': '1', 'empty': 'None', 'warn_error_options': 'WarnErrorOptionsV2(error=[], warn=[], silence=[])', 'invocation_command': 'dbt test --profiles-dir .', 'printer_width': '80', 'fail_fast': 'False', 'log_format': 'default', 'use_experimental_parser': 'False', 'write_json': 'True', 'partial_parse': 'True', 'log_cache_events': 'False', 'send_anonymous_usage_stats': 'True', 'version_check': 'True', 'debug': 'False', 'indirect_selection': 'eager', 'warn_error': 'None'}
[0m15:05:35.145942 [debug] [MainThread]: Sending event: {'category': 'dbt', 'action': 'project_id', 'label': '21fe707b-4a51-484f-978a-0cab1ea25576', 'context': [<snowplow_tracker.self_describing_json.SelfDescribingJson object at 0x7f2aa3b2c250>]}
[0m15:05:35.273134 [debug] [MainThread]: Sending event: {'category': 'dbt', 'action': 'adapter_info', 'label': '21fe707b-4a51-484f-978a-0cab1ea25576', 'context': [<snowplow_tracker.self_describing_json.SelfDescribingJson object at 0x7f2aa4190c70>]}
[0m15:05:35.275464 [info ] [MainThread]: Registered adapter: duckdb=1.11.0
[0m15:05:35.353632 [debug] [MainThread]: checksum: b861a166531065e3c88725a98b0b572675172303180a874f2753e38be84b4181, vars: {}, profile: news_warehouse, target: dev, version: 1.12.5
[0m15:05:35.512589 [debug] [MainThread]: Partial parsing enabled: 0 files deleted, 0 files added, 0 files changed.
[0m15:05:35.513219 [debug] [MainThread]: Nothing changed, skipping partial parsing.
[0m15:05:35.513650 [debug] [MainThread]: Partial parsing enabled, no changes found, skipping parsing
[0m15:05:35.525562 [debug] [MainThread]: Sending event: {'category': 'dbt', 'action': 'load_project', 'label': '21fe707b-4a51-484f-978a-0cab1ea25576', 'context': [<snowplow_tracker.self_describing_json.SelfDescribingJson object at 0x7f2a9abbbb20>]}
[0m15:05:35.705035 [debug] [MainThread]: Wrote artifact WritableManifest to /home/runner/work/Multilingual-News-Sentiment-Entity-Analysis-Pipeline/Multilingual-News-Sentiment-Entity-Analysis-Pipeline/dbt_project/target/manifest.json
[0m15:05:35.708394 [debug] [MainThread]: Wrote artifact SemanticManifest to /home/runner/work/Multilingual-News-Sentiment-Entity-Analysis-Pipeline/Multilingual-News-Sentiment-Entity-Analysis-Pipeline/dbt_project/target/semantic_manifest.json
[0m15:05:35.719889 [debug] [MainThread]: Wrote artifact OsiDocument to /home/runner/work/Multilingual-News-Sentiment-Entity-Analysis-Pipeline/Multilingual-News-Sentiment-Entity-Analysis-Pipeline/dbt_project/target/osi_document.json
[0m15:05:35.736789 [debug] [MainThread]: Sending event: {'category': 'dbt', 'action': 'resource_counts', 'label': '21fe707b-4a51-484f-978a-0cab1ea25576', 'context': [<snowplow_tracker.self_describing_json.SelfDescribingJson object at 0x7f2a9aa29810>]}
[0m15:05:35.737551 [info ] [MainThread]: Found 7 models, 8 data tests, 5 sources, 500 macros
[0m15:05:35.738072 [debug] [MainThread]: Sending event: {'category': 'dbt', 'action': 'runnable_timing', 'label': '21fe707b-4a51-484f-978a-0cab1ea25576', 'context': [<snowplow_tracker.self_describing_json.SelfDescribingJson object at 0x7f2a9aa2b7c0>]}
[0m15:05:35.740197 [info ] [MainThread]: 
[0m15:05:35.740764 [info ] [MainThread]: Concurrency: 4 threads (target='dev')
[0m15:05:35.741195 [info ] [MainThread]: 
[0m15:05:35.741888 [debug] [MainThread]: Acquiring new duckdb connection 'master'
[0m15:05:35.748409 [debug] [ThreadPool]: Acquiring new duckdb connection 'list_warehouse_main'
[0m15:05:35.778620 [debug] [ThreadPool]: Using duckdb connection "list_warehouse_main"
[0m15:05:35.779215 [debug] [ThreadPool]: On list_warehouse_main: BEGIN
[0m15:05:35.779629 [debug] [ThreadPool]: Opening a new connection, currently in state init
[0m15:05:35.792517 [debug] [ThreadPool]: SQL status: OK in 0.013 seconds
[0m15:05:35.793102 [debug] [ThreadPool]: Using duckdb connection "list_warehouse_main"
[0m15:05:35.793543 [debug] [ThreadPool]: On list_warehouse_main: /* {"app": "dbt", "dbt_version": "1.12.5", "profile_name": "news_warehouse", "target_name": "dev", "connection_name": "list_warehouse_main"} */
select
      'warehouse' as database,
      table_name as name,
      table_schema as schema,
      CASE table_type
        WHEN 'BASE TABLE' THEN 'table'
        WHEN 'VIEW' THEN 'view'
        WHEN 'LOCAL TEMPORARY' THEN 'table'
        END as type
    from system.information_schema.tables
    where lower(table_schema) = 'main'
    and lower(table_catalog) = 'warehouse'
  
[0m15:05:35.797555 [debug] [ThreadPool]: SQL status: OK in 0.004 seconds
[0m15:05:35.799269 [debug] [ThreadPool]: On list_warehouse_main: ROLLBACK
[0m15:05:35.800149 [debug] [ThreadPool]: On list_warehouse_main: Close
[0m15:05:35.802710 [debug] [MainThread]: Sending event: {'category': 'dbt', 'action': 'runnable_timing', 'label': '21fe707b-4a51-484f-978a-0cab1ea25576', 'context': [<snowplow_tracker.self_describing_json.SelfDescribingJson object at 0x7f2a9aa288e0>]}
[0m15:05:35.803387 [debug] [MainThread]: Using duckdb connection "master"
[0m15:05:35.803839 [debug] [MainThread]: On master: BEGIN
[0m15:05:35.804245 [debug] [MainThread]: Opening a new connection, currently in state init
[0m15:05:35.805081 [debug] [MainThread]: SQL status: OK in 0.001 seconds
[0m15:05:35.805592 [debug] [MainThread]: On master: COMMIT
[0m15:05:35.806024 [debug] [MainThread]: Using duckdb connection "master"
[0m15:05:35.806417 [debug] [MainThread]: On master: COMMIT
[0m15:05:35.807115 [debug] [MainThread]: SQL status: OK in 0.000 seconds
[0m15:05:35.807571 [debug] [MainThread]: On master: Close
[0m15:05:35.810807 [debug] [Thread-1 (]: Began running node test.news_warehouse.not_null_dim_entity_summary_article_count.e113c5cc88
[0m15:05:35.811519 [debug] [Thread-2 (]: Began running node test.news_warehouse.not_null_dim_entity_summary_entity_text.e9b5760dbb
[0m15:05:35.812117 [info ] [Thread-1 (]: 1 of 8 START test not_null_dim_entity_summary_article_count .................... [RUN]
[0m15:05:35.812775 [debug] [Thread-3 (]: Began running node test.news_warehouse.not_null_fct_daily_sentiment_headline_count.8aa7f0a6da
[0m15:05:35.813367 [debug] [Thread-4 (]: Began running node test.news_warehouse.not_null_fct_daily_sentiment_scrape_date.b09ab12093
[0m15:05:35.813936 [info ] [Thread-2 (]: 2 of 8 START test not_null_dim_entity_summary_entity_text ...................... [RUN]
[0m15:05:35.814680 [debug] [Thread-1 (]: Re-using an available connection from the pool (formerly list_warehouse_main, now test.news_warehouse.not_null_dim_entity_summary_article_count.e113c5cc88)
[0m15:05:35.815240 [info ] [Thread-3 (]: 3 of 8 START test not_null_fct_daily_sentiment_headline_count .................. [RUN]
[0m15:05:35.815857 [info ] [Thread-4 (]: 4 of 8 START test not_null_fct_daily_sentiment_scrape_date ..................... [RUN]
[0m15:05:35.816621 [debug] [Thread-2 (]: Acquiring new duckdb connection 'test.news_warehouse.not_null_dim_entity_summary_entity_text.e9b5760dbb'
[0m15:05:35.817163 [debug] [Thread-1 (]: Began compiling node test.news_warehouse.not_null_dim_entity_summary_article_count.e113c5cc88
[0m15:05:35.817842 [debug] [Thread-3 (]: Acquiring new duckdb connection 'test.news_warehouse.not_null_fct_daily_sentiment_headline_count.8aa7f0a6da'
[0m15:05:35.818558 [debug] [Thread-4 (]: Acquiring new duckdb connection 'test.news_warehouse.not_null_fct_daily_sentiment_scrape_date.b09ab12093'
[0m15:05:35.819120 [debug] [Thread-2 (]: Began compiling node test.news_warehouse.not_null_dim_entity_summary_entity_text.e9b5760dbb
[0m15:05:35.829980 [debug] [Thread-3 (]: Began compiling node test.news_warehouse.not_null_fct_daily_sentiment_headline_count.8aa7f0a6da
[0m15:05:35.830561 [debug] [Thread-4 (]: Began compiling node test.news_warehouse.not_null_fct_daily_sentiment_scrape_date.b09ab12093
[0m15:05:35.845816 [debug] [Thread-1 (]: Writing injected SQL for node "test.news_warehouse.not_null_dim_entity_summary_article_count.e113c5cc88"
[0m15:05:35.848129 [debug] [Thread-2 (]: Writing injected SQL for node "test.news_warehouse.not_null_dim_entity_summary_entity_text.e9b5760dbb"
[0m15:05:35.855623 [debug] [Thread-3 (]: Writing injected SQL for node "test.news_warehouse.not_null_fct_daily_sentiment_headline_count.8aa7f0a6da"
[0m15:05:35.863391 [debug] [Thread-4 (]: Writing injected SQL for node "test.news_warehouse.not_null_fct_daily_sentiment_scrape_date.b09ab12093"
[0m15:05:35.865044 [debug] [Thread-3 (]: Began executing node test.news_warehouse.not_null_fct_daily_sentiment_headline_count.8aa7f0a6da
[0m15:05:35.870792 [debug] [Thread-1 (]: Began executing node test.news_warehouse.not_null_dim_entity_summary_article_count.e113c5cc88
[0m15:05:35.878135 [debug] [Thread-4 (]: Began executing node test.news_warehouse.not_null_fct_daily_sentiment_scrape_date.b09ab12093
[0m15:05:35.885181 [debug] [Thread-3 (]: Writing runtime sql for node "test.news_warehouse.not_null_fct_daily_sentiment_headline_count.8aa7f0a6da"
[0m15:05:35.887838 [debug] [Thread-1 (]: Writing runtime sql for node "test.news_warehouse.not_null_dim_entity_summary_article_count.e113c5cc88"
[0m15:05:35.888531 [debug] [Thread-2 (]: Began executing node test.news_warehouse.not_null_dim_entity_summary_entity_text.e9b5760dbb
[0m15:05:35.890958 [debug] [Thread-4 (]: Writing runtime sql for node "test.news_warehouse.not_null_fct_daily_sentiment_scrape_date.b09ab12093"
[0m15:05:35.893875 [debug] [Thread-2 (]: Writing runtime sql for node "test.news_warehouse.not_null_dim_entity_summary_entity_text.e9b5760dbb"
[0m15:05:35.895054 [debug] [Thread-1 (]: Using duckdb connection "test.news_warehouse.not_null_dim_entity_summary_article_count.e113c5cc88"
[0m15:05:35.895868 [debug] [Thread-3 (]: Using duckdb connection "test.news_warehouse.not_null_fct_daily_sentiment_headline_count.8aa7f0a6da"
[0m15:05:35.896538 [debug] [Thread-1 (]: On test.news_warehouse.not_null_dim_entity_summary_article_count.e113c5cc88: BEGIN
[0m15:05:35.897207 [debug] [Thread-4 (]: Using duckdb connection "test.news_warehouse.not_null_fct_daily_sentiment_scrape_date.b09ab12093"
[0m15:05:35.897805 [debug] [Thread-3 (]: On test.news_warehouse.not_null_fct_daily_sentiment_headline_count.8aa7f0a6da: BEGIN
[0m15:05:35.898359 [debug] [Thread-2 (]: Using duckdb connection "test.news_warehouse.not_null_dim_entity_summary_entity_text.e9b5760dbb"
[0m15:05:35.898945 [debug] [Thread-1 (]: Opening a new connection, currently in state closed
[0m15:05:35.899530 [debug] [Thread-4 (]: On test.news_warehouse.not_null_fct_daily_sentiment_scrape_date.b09ab12093: BEGIN
[0m15:05:35.900050 [debug] [Thread-3 (]: Opening a new connection, currently in state init
[0m15:05:35.900591 [debug] [Thread-2 (]: On test.news_warehouse.not_null_dim_entity_summary_entity_text.e9b5760dbb: BEGIN
[0m15:05:35.901408 [debug] [Thread-4 (]: Opening a new connection, currently in state init
[0m15:05:35.902335 [debug] [Thread-1 (]: SQL status: OK in 0.003 seconds
[0m15:05:35.902888 [debug] [Thread-2 (]: Opening a new connection, currently in state init
[0m15:05:35.903477 [debug] [Thread-3 (]: SQL status: OK in 0.003 seconds
[0m15:05:35.904284 [debug] [Thread-1 (]: Using duckdb connection "test.news_warehouse.not_null_dim_entity_summary_article_count.e113c5cc88"
[0m15:05:35.905101 [debug] [Thread-4 (]: SQL status: OK in 0.004 seconds
[0m15:05:35.905665 [debug] [Thread-3 (]: Using duckdb connection "test.news_warehouse.not_null_fct_daily_sentiment_headline_count.8aa7f0a6da"
[0m15:05:35.906257 [debug] [Thread-2 (]: SQL status: OK in 0.003 seconds
[0m15:05:35.906835 [debug] [Thread-1 (]: On test.news_warehouse.not_null_dim_entity_summary_article_count.e113c5cc88: /* {"app": "dbt", "dbt_version": "1.12.5", "profile_name": "news_warehouse", "target_name": "dev", "node_id": "test.news_warehouse.not_null_dim_entity_summary_article_count.e113c5cc88"} */

    
    select
      count(*) as failures,
      count(*) != 0 as should_warn,
      count(*) != 0 as should_error
    from (
      
    
  
    
    



select article_count
from "warehouse"."main"."dim_entity_summary"
where article_count is null



  
  
      
    ) dbt_internal_test
[0m15:05:35.907365 [debug] [Thread-4 (]: Using duckdb connection "test.news_warehouse.not_null_fct_daily_sentiment_scrape_date.b09ab12093"
[0m15:05:35.907918 [debug] [Thread-3 (]: On test.news_warehouse.not_null_fct_daily_sentiment_headline_count.8aa7f0a6da: /* {"app": "dbt", "dbt_version": "1.12.5", "profile_name": "news_warehouse", "target_name": "dev", "node_id": "test.news_warehouse.not_null_fct_daily_sentiment_headline_count.8aa7f0a6da"} */

    
    select
      count(*) as failures,
      count(*) != 0 as should_warn,
      count(*) != 0 as should_error
    from (
      
    
  
    
    



select headline_count
from "warehouse"."main"."fct_daily_sentiment"
where headline_count is null



  
  
      
    ) dbt_internal_test
[0m15:05:35.908443 [debug] [Thread-2 (]: Using duckdb connection "test.news_warehouse.not_null_dim_entity_summary_entity_text.e9b5760dbb"
[0m15:05:35.909179 [debug] [Thread-4 (]: On test.news_warehouse.not_null_fct_daily_sentiment_scrape_date.b09ab12093: /* {"app": "dbt", "dbt_version": "1.12.5", "profile_name": "news_warehouse", "target_name": "dev", "node_id": "test.news_warehouse.not_null_fct_daily_sentiment_scrape_date.b09ab12093"} */

    
    select
      count(*) as failures,
      count(*) != 0 as should_warn,
      count(*) != 0 as should_error
    from (
      
    
  
    
    



select scrape_date
from "warehouse"."main"."fct_daily_sentiment"
where scrape_date is null



  
  
      
    ) dbt_internal_test
[0m15:05:35.910059 [debug] [Thread-1 (]: SQL status: OK in 0.001 seconds
[0m15:05:35.910740 [debug] [Thread-2 (]: On test.news_warehouse.not_null_dim_entity_summary_entity_text.e9b5760dbb: /* {"app": "dbt", "dbt_version": "1.12.5", "profile_name": "news_warehouse", "target_name": "dev", "node_id": "test.news_warehouse.not_null_dim_entity_summary_entity_text.e9b5760dbb"} */

    
    select
      count(*) as failures,
      count(*) != 0 as should_warn,
      count(*) != 0 as should_error
    from (
      
    
  
    
    



select entity_text
from "warehouse"."main"."dim_entity_summary"
where entity_text is null



  
  
      
    ) dbt_internal_test
[0m15:05:35.911296 [debug] [Thread-3 (]: SQL status: OK in 0.001 seconds
[0m15:05:35.916954 [debug] [Thread-1 (]: On test.news_warehouse.not_null_dim_entity_summary_article_count.e113c5cc88: ROLLBACK
[0m15:05:35.917732 [debug] [Thread-4 (]: SQL status: OK in 0.006 seconds
[0m15:05:35.918308 [debug] [Thread-2 (]: SQL status: OK in 0.006 seconds
[0m15:05:35.920220 [debug] [Thread-3 (]: On test.news_warehouse.not_null_fct_daily_sentiment_headline_count.8aa7f0a6da: ROLLBACK
[0m15:05:35.921936 [debug] [Thread-4 (]: On test.news_warehouse.not_null_fct_daily_sentiment_scrape_date.b09ab12093: ROLLBACK
[0m15:05:35.922565 [debug] [Thread-1 (]: On test.news_warehouse.not_null_dim_entity_summary_article_count.e113c5cc88: Close
[0m15:05:35.924505 [debug] [Thread-2 (]: On test.news_warehouse.not_null_dim_entity_summary_entity_text.e9b5760dbb: ROLLBACK
[0m15:05:35.925162 [debug] [Thread-4 (]: On test.news_warehouse.not_null_fct_daily_sentiment_scrape_date.b09ab12093: Close
[0m15:05:35.926624 [debug] [Thread-3 (]: On test.news_warehouse.not_null_fct_daily_sentiment_headline_count.8aa7f0a6da: Close
[0m15:05:35.926193 [info ] [Thread-1 (]: 1 of 8 PASS not_null_dim_entity_summary_article_count .......................... [[32mPASS[0m in 0.11s]
[0m15:05:35.927479 [debug] [Thread-2 (]: On test.news_warehouse.not_null_dim_entity_summary_entity_text.e9b5760dbb: Close
[0m15:05:35.928403 [info ] [Thread-4 (]: 4 of 8 PASS not_null_fct_daily_sentiment_scrape_date ........................... [[32mPASS[0m in 0.11s]
[0m15:05:35.929184 [info ] [Thread-3 (]: 3 of 8 PASS not_null_fct_daily_sentiment_headline_count ........................ [[32mPASS[0m in 0.11s]
[0m15:05:35.929996 [debug] [Thread-1 (]: Finished running node test.news_warehouse.not_null_dim_entity_summary_article_count.e113c5cc88
[0m15:05:35.930846 [debug] [Thread-4 (]: Finished running node test.news_warehouse.not_null_fct_daily_sentiment_scrape_date.b09ab12093
[0m15:05:35.931616 [info ] [Thread-2 (]: 2 of 8 PASS not_null_dim_entity_summary_entity_text ............................ [[32mPASS[0m in 0.12s]
[0m15:05:35.932379 [debug] [Thread-3 (]: Finished running node test.news_warehouse.not_null_fct_daily_sentiment_headline_count.8aa7f0a6da
[0m15:05:35.933043 [debug] [Thread-1 (]: Began running node test.news_warehouse.not_null_fct_daily_sentiment_source_name.3bd2b89b77
[0m15:05:35.933681 [debug] [Thread-4 (]: Began running node test.news_warehouse.not_null_stg_articles_article_key.db8c6d35da
[0m15:05:35.934519 [debug] [Thread-2 (]: Finished running node test.news_warehouse.not_null_dim_entity_summary_entity_text.e9b5760dbb
[0m15:05:35.935110 [debug] [Thread-3 (]: Began running node test.news_warehouse.not_null_stg_articles_translated_headline.e4edbf669c
[0m15:05:35.935762 [info ] [Thread-1 (]: 5 of 8 START test not_null_fct_daily_sentiment_source_name ..................... [RUN]
[0m15:05:35.936391 [info ] [Thread-4 (]: 6 of 8 START test not_null_stg_articles_article_key ............................ [RUN]
[0m15:05:35.937096 [debug] [Thread-2 (]: Began running node test.news_warehouse.unique_stg_articles_article_key.691d01e603
[0m15:05:35.937807 [info ] [Thread-3 (]: 7 of 8 START test not_null_stg_articles_translated_headline .................... [RUN]
[0m15:05:35.938534 [debug] [Thread-1 (]: Re-using an available connection from the pool (formerly test.news_warehouse.not_null_dim_entity_summary_article_count.e113c5cc88, now test.news_warehouse.not_null_fct_daily_sentiment_source_name.3bd2b89b77)
[0m15:05:35.939184 [debug] [Thread-4 (]: Re-using an available connection from the pool (formerly test.news_warehouse.not_null_fct_daily_sentiment_scrape_date.b09ab12093, now test.news_warehouse.not_null_stg_articles_article_key.db8c6d35da)
[0m15:05:35.939789 [info ] [Thread-2 (]: 8 of 8 START test unique_stg_articles_article_key .............................. [RUN]
[0m15:05:35.940443 [debug] [Thread-3 (]: Re-using an available connection from the pool (formerly test.news_warehouse.not_null_fct_daily_sentiment_headline_count.8aa7f0a6da, now test.news_warehouse.not_null_stg_articles_translated_headline.e4edbf669c)
[0m15:05:35.941019 [debug] [Thread-1 (]: Began compiling node test.news_warehouse.not_null_fct_daily_sentiment_source_name.3bd2b89b77
[0m15:05:35.941582 [debug] [Thread-4 (]: Began compiling node test.news_warehouse.not_null_stg_articles_article_key.db8c6d35da
[0m15:05:35.942230 [debug] [Thread-2 (]: Re-using an available connection from the pool (formerly test.news_warehouse.not_null_dim_entity_summary_entity_text.e9b5760dbb, now test.news_warehouse.unique_stg_articles_article_key.691d01e603)
[0m15:05:35.942825 [debug] [Thread-3 (]: Began compiling node test.news_warehouse.not_null_stg_articles_translated_headline.e4edbf669c
[0m15:05:35.950611 [debug] [Thread-1 (]: Writing injected SQL for node "test.news_warehouse.not_null_fct_daily_sentiment_source_name.3bd2b89b77"
[0m15:05:35.957983 [debug] [Thread-4 (]: Writing injected SQL for node "test.news_warehouse.not_null_stg_articles_article_key.db8c6d35da"
[0m15:05:35.958649 [debug] [Thread-2 (]: Began compiling node test.news_warehouse.unique_stg_articles_article_key.691d01e603
[0m15:05:35.966683 [debug] [Thread-3 (]: Writing injected SQL for node "test.news_warehouse.not_null_stg_articles_translated_headline.e4edbf669c"
[0m15:05:35.976570 [debug] [Thread-2 (]: Writing injected SQL for node "test.news_warehouse.unique_stg_articles_article_key.691d01e603"
[0m15:05:35.977558 [debug] [Thread-1 (]: Began executing node test.news_warehouse.not_null_fct_daily_sentiment_source_name.3bd2b89b77
[0m15:05:35.978302 [debug] [Thread-4 (]: Began executing node test.news_warehouse.not_null_stg_articles_article_key.db8c6d35da
[0m15:05:35.980738 [debug] [Thread-1 (]: Writing runtime sql for node "test.news_warehouse.not_null_fct_daily_sentiment_source_name.3bd2b89b77"
[0m15:05:35.981285 [debug] [Thread-3 (]: Began executing node test.news_warehouse.not_null_stg_articles_translated_headline.e4edbf669c
[0m15:05:35.983840 [debug] [Thread-4 (]: Writing runtime sql for node "test.news_warehouse.not_null_stg_articles_article_key.db8c6d35da"
[0m15:05:35.984515 [debug] [Thread-2 (]: Began executing node test.news_warehouse.unique_stg_articles_article_key.691d01e603
[0m15:05:35.986990 [debug] [Thread-3 (]: Writing runtime sql for node "test.news_warehouse.not_null_stg_articles_translated_headline.e4edbf669c"
[0m15:05:35.989834 [debug] [Thread-2 (]: Writing runtime sql for node "test.news_warehouse.unique_stg_articles_article_key.691d01e603"
[0m15:05:35.990992 [debug] [Thread-1 (]: Using duckdb connection "test.news_warehouse.not_null_fct_daily_sentiment_source_name.3bd2b89b77"
[0m15:05:35.991622 [debug] [Thread-1 (]: On test.news_warehouse.not_null_fct_daily_sentiment_source_name.3bd2b89b77: BEGIN
[0m15:05:35.992167 [debug] [Thread-1 (]: Opening a new connection, currently in state closed
[0m15:05:35.992985 [debug] [Thread-4 (]: Using duckdb connection "test.news_warehouse.not_null_stg_articles_article_key.db8c6d35da"
[0m15:05:35.993979 [debug] [Thread-3 (]: Using duckdb connection "test.news_warehouse.not_null_stg_articles_translated_headline.e4edbf669c"
[0m15:05:35.994595 [debug] [Thread-4 (]: On test.news_warehouse.not_null_stg_articles_article_key.db8c6d35da: BEGIN
[0m15:05:35.995186 [debug] [Thread-2 (]: Using duckdb connection "test.news_warehouse.unique_stg_articles_article_key.691d01e603"
[0m15:05:35.995817 [debug] [Thread-3 (]: On test.news_warehouse.not_null_stg_articles_translated_headline.e4edbf669c: BEGIN
[0m15:05:35.996392 [debug] [Thread-1 (]: SQL status: OK in 0.004 seconds
[0m15:05:35.996998 [debug] [Thread-4 (]: Opening a new connection, currently in state closed
[0m15:05:35.997598 [debug] [Thread-2 (]: On test.news_warehouse.unique_stg_articles_article_key.691d01e603: BEGIN
[0m15:05:35.998128 [debug] [Thread-3 (]: Opening a new connection, currently in state closed
[0m15:05:35.998661 [debug] [Thread-1 (]: Using duckdb connection "test.news_warehouse.not_null_fct_daily_sentiment_source_name.3bd2b89b77"
[0m15:05:35.999389 [debug] [Thread-2 (]: Opening a new connection, currently in state closed
[0m15:05:36.000292 [debug] [Thread-1 (]: On test.news_warehouse.not_null_fct_daily_sentiment_source_name.3bd2b89b77: /* {"app": "dbt", "dbt_version": "1.12.5", "profile_name": "news_warehouse", "target_name": "dev", "node_id": "test.news_warehouse.not_null_fct_daily_sentiment_source_name.3bd2b89b77"} */

    
    select
      count(*) as failures,
      count(*) != 0 as should_warn,
      count(*) != 0 as should_error
    from (
      
    
  
    
    



select source_name
from "warehouse"."main"."fct_daily_sentiment"
where source_name is null



  
  
      
    ) dbt_internal_test
[0m15:05:36.000852 [debug] [Thread-4 (]: SQL status: OK in 0.004 seconds
[0m15:05:36.001715 [debug] [Thread-3 (]: SQL status: OK in 0.004 seconds
[0m15:05:36.002306 [debug] [Thread-4 (]: Using duckdb connection "test.news_warehouse.not_null_stg_articles_article_key.db8c6d35da"
[0m15:05:36.003026 [debug] [Thread-2 (]: SQL status: OK in 0.004 seconds
[0m15:05:36.003758 [debug] [Thread-3 (]: Using duckdb connection "test.news_warehouse.not_null_stg_articles_translated_headline.e4edbf669c"
[0m15:05:36.004346 [debug] [Thread-1 (]: SQL status: OK in 0.003 seconds
[0m15:05:36.004946 [debug] [Thread-4 (]: On test.news_warehouse.not_null_stg_articles_article_key.db8c6d35da: /* {"app": "dbt", "dbt_version": "1.12.5", "profile_name": "news_warehouse", "target_name": "dev", "node_id": "test.news_warehouse.not_null_stg_articles_article_key.db8c6d35da"} */

    
    select
      count(*) as failures,
      count(*) != 0 as should_warn,
      count(*) != 0 as should_error
    from (
      
    
  
    
    



select article_key
from "warehouse"."main"."stg_articles"
where article_key is null



  
  
      
    ) dbt_internal_test
[0m15:05:36.005518 [debug] [Thread-2 (]: Using duckdb connection "test.news_warehouse.unique_stg_articles_article_key.691d01e603"
[0m15:05:36.006057 [debug] [Thread-3 (]: On test.news_warehouse.not_null_stg_articles_translated_headline.e4edbf669c: /* {"app": "dbt", "dbt_version": "1.12.5", "profile_name": "news_warehouse", "target_name": "dev", "node_id": "test.news_warehouse.not_null_stg_articles_translated_headline.e4edbf669c"} */

    
    select
      count(*) as failures,
      count(*) != 0 as should_warn,
      count(*) != 0 as should_error
    from (
      
    
  
    
    



select translated_headline
from "warehouse"."main"."stg_articles"
where translated_headline is null



  
  
      
    ) dbt_internal_test
[0m15:05:36.007033 [debug] [Thread-2 (]: On test.news_warehouse.unique_stg_articles_article_key.691d01e603: /* {"app": "dbt", "dbt_version": "1.12.5", "profile_name": "news_warehouse", "target_name": "dev", "node_id": "test.news_warehouse.unique_stg_articles_article_key.691d01e603"} */

    
    select
      count(*) as failures,
      count(*) != 0 as should_warn,
      count(*) != 0 as should_error
    from (
      
    
  
    
    

select
    article_key as unique_field,
    count(*) as n_records

from "warehouse"."main"."stg_articles"
where article_key is not null
group by article_key
having count(*) > 1



  
  
      
    ) dbt_internal_test
[0m15:05:36.009255 [debug] [Thread-1 (]: On test.news_warehouse.not_null_fct_daily_sentiment_source_name.3bd2b89b77: ROLLBACK
[0m15:05:36.010303 [debug] [Thread-4 (]: SQL status: OK in 0.003 seconds
[0m15:05:36.012261 [debug] [Thread-1 (]: On test.news_warehouse.not_null_fct_daily_sentiment_source_name.3bd2b89b77: Close
[0m15:05:36.013095 [debug] [Thread-3 (]: SQL status: OK in 0.003 seconds
[0m15:05:36.015158 [debug] [Thread-4 (]: On test.news_warehouse.not_null_stg_articles_article_key.db8c6d35da: ROLLBACK
[0m15:05:36.016085 [info ] [Thread-1 (]: 5 of 8 PASS not_null_fct_daily_sentiment_source_name ........................... [[32mPASS[0m in 0.08s]
[0m15:05:36.016790 [debug] [Thread-2 (]: SQL status: OK in 0.007 seconds
[0m15:05:36.018461 [debug] [Thread-3 (]: On test.news_warehouse.not_null_stg_articles_translated_headline.e4edbf669c: ROLLBACK
[0m15:05:36.019289 [debug] [Thread-1 (]: Finished running node test.news_warehouse.not_null_fct_daily_sentiment_source_name.3bd2b89b77
[0m15:05:36.019865 [debug] [Thread-4 (]: On test.news_warehouse.not_null_stg_articles_article_key.db8c6d35da: Close
[0m15:05:36.020957 [debug] [Thread-3 (]: On test.news_warehouse.not_null_stg_articles_translated_headline.e4edbf669c: Close
[0m15:05:36.021787 [info ] [Thread-4 (]: 6 of 8 PASS not_null_stg_articles_article_key .................................. [[32mPASS[0m in 0.08s]
[0m15:05:36.023459 [debug] [Thread-2 (]: On test.news_warehouse.unique_stg_articles_article_key.691d01e603: ROLLBACK
[0m15:05:36.024262 [debug] [Thread-4 (]: Finished running node test.news_warehouse.not_null_stg_articles_article_key.db8c6d35da
[0m15:05:36.025032 [info ] [Thread-3 (]: 7 of 8 PASS not_null_stg_articles_translated_headline .......................... [[32mPASS[0m in 0.08s]
[0m15:05:36.026147 [debug] [Thread-3 (]: Finished running node test.news_warehouse.not_null_stg_articles_translated_headline.e4edbf669c
[0m15:05:36.026763 [debug] [Thread-2 (]: On test.news_warehouse.unique_stg_articles_article_key.691d01e603: Close
[0m15:05:36.027704 [info ] [Thread-2 (]: 8 of 8 PASS unique_stg_articles_article_key .................................... [[32mPASS[0m in 0.09s]
[0m15:05:36.028396 [debug] [Thread-2 (]: Finished running node test.news_warehouse.unique_stg_articles_article_key.691d01e603
[0m15:05:36.030072 [debug] [MainThread]: Using duckdb connection "master"
[0m15:05:36.030573 [debug] [MainThread]: On master: BEGIN
[0m15:05:36.030976 [debug] [MainThread]: Opening a new connection, currently in state closed
[0m15:05:36.031728 [debug] [MainThread]: SQL status: OK in 0.001 seconds
[0m15:05:36.032158 [debug] [MainThread]: On master: COMMIT
[0m15:05:36.032564 [debug] [MainThread]: Using duckdb connection "master"
[0m15:05:36.032957 [debug] [MainThread]: On master: COMMIT
[0m15:05:36.033592 [debug] [MainThread]: SQL status: OK in 0.000 seconds
[0m15:05:36.034016 [debug] [MainThread]: On master: Close
[0m15:05:36.034587 [debug] [MainThread]: Connection 'master' was properly closed.
[0m15:05:36.034999 [debug] [MainThread]: Connection 'test.news_warehouse.not_null_fct_daily_sentiment_source_name.3bd2b89b77' was properly closed.
[0m15:05:36.035370 [debug] [MainThread]: Connection 'test.news_warehouse.unique_stg_articles_article_key.691d01e603' was properly closed.
[0m15:05:36.035766 [debug] [MainThread]: Connection 'test.news_warehouse.not_null_stg_articles_translated_headline.e4edbf669c' was properly closed.
[0m15:05:36.036131 [debug] [MainThread]: Connection 'test.news_warehouse.not_null_stg_articles_article_key.db8c6d35da' was properly closed.
[0m15:05:36.036605 [info ] [MainThread]: 
[0m15:05:36.037056 [info ] [MainThread]: Finished running 8 data tests in 0 hours 0 minutes and 0.29 seconds (0.29s).
[0m15:05:36.038633 [debug] [MainThread]: Command end result
[0m15:05:36.077355 [debug] [MainThread]: Wrote artifact WritableManifest to /home/runner/work/Multilingual-News-Sentiment-Entity-Analysis-Pipeline/Multilingual-News-Sentiment-Entity-Analysis-Pipeline/dbt_project/target/manifest.json
[0m15:05:36.080523 [debug] [MainThread]: Wrote artifact SemanticManifest to /home/runner/work/Multilingual-News-Sentiment-Entity-Analysis-Pipeline/Multilingual-News-Sentiment-Entity-Analysis-Pipeline/dbt_project/target/semantic_manifest.json
[0m15:05:36.083545 [debug] [MainThread]: Wrote artifact OsiDocument to /home/runner/work/Multilingual-News-Sentiment-Entity-Analysis-Pipeline/Multilingual-News-Sentiment-Entity-Analysis-Pipeline/dbt_project/target/osi_document.json
[0m15:05:36.094777 [debug] [MainThread]: Wrote artifact RunExecutionResult to /home/runner/work/Multilingual-News-Sentiment-Entity-Analysis-Pipeline/Multilingual-News-Sentiment-Entity-Analysis-Pipeline/dbt_project/target/run_results.json
[0m15:05:36.095317 [info ] [MainThread]: 
[0m15:05:36.095835 [info ] [MainThread]: [32mCompleted successfully[0m
[0m15:05:36.096249 [info ] [MainThread]: 
[0m15:05:36.096791 [info ] [MainThread]: Done. PASS=8 WARN=0 ERROR=0 SKIP=0 NO-OP=0 REUSED=0 TOTAL=8
[0m15:05:36.097846 [debug] [MainThread]: Resource report: {"command_name": "test", "command_success": true, "command_wall_clock_time": 1.2831395, "process_in_blocks": "0", "process_kernel_time": 0.121259, "process_mem_max_rss": "190084", "process_out_blocks": "2864", "process_user_time": 2.542439}
[0m15:05:36.098442 [debug] [MainThread]: Command `dbt test` succeeded at 15:05:36.098353 after 1.28 seconds
[0m15:05:36.098958 [debug] [MainThread]: Sending event: {'category': 'dbt', 'action': 'invocation', 'label': 'end', 'context': [<snowplow_tracker.self_describing_json.SelfDescribingJson object at 0x7f2aa4299150>, <snowplow_tracker.self_describing_json.SelfDescribingJson object at 0x7f2aa50aaec0>, <snowplow_tracker.self_describing_json.SelfDescribingJson object at 0x7f2aa5261a20>]}
[0m15:05:36.099452 [debug] [MainThread]: Flushing usage events
[0m15:05:36.344115 [debug] [MainThread]: An error was encountered while trying to flush usage events
